endpoint,task,arm,iteration,overall,snapshot_sha256,check,requested_blocking,blocking,status,requirement,source_count,sources,source_status,source_evidence,source_entails_expected,checker_matches_requirement,checker_reproducible,environment_healthy,interpretation,execution_mode,execution_reason,command,evidence,observed,expected,analysis
verifier_v13_six_r1,business_finance__digital_marketing_audience_segmentation_1,prep_verifier,0,unverifiable,69c4715ac5fb699b2d8774d010f64c4ad0abfd568e776c964922b36ca6147ba8,roster_membership_eligibility_and_pii,True,False,unverifiable,"audience_roster.csv must contain exactly one row for every profile satisfying purchase_count_90d >= 3, email_opens_30d = 0, last_email_open_days_ago > 30, and support_tickets_90d = 0. It must exclude age, gender, city, and state and contain correctly computed 0/1 SMS, push, and any-channel eligibility.",9,"[{""locate_evidence"": ""quote and locator found"", ""located"": true, ""locator"": ""lines:3-5"", ""path"": ""input/segmentation_brief.md"", ""quote"": ""## Target Audience\n\nCustomers who made 3 or more purchases in the last 90 days but have not opened any email in the past 30 days (email_opens_30d = 0 AND last_email_open_days_ago > 30)."", ""sha256"": ""be077ce487a4774091c766fc2b0b018b4a93a8c21dd2364f3ead2f2ca978f264""}, {""locate_evidence"": ""quote and locator found"", ""located"": true, ""locator"": ""lines:11-18"", ""path"": ""input/segmentation_brief.md"", ""quote"": ""## Activation Channel\n\nSMS (requires sms_opt_in = 1) and Push Notification (requires push_opt_in = 1).\n\n## Exclusions\n\n- Exclude customers who have opted out of email (email_opt_out = 1) from any cross-channel messaging that references email content.\n- Exclude customers with active support tickets (support_tickets_90d > 0)."", ""sha256"": ""be077ce487a4774091c766fc2b0b018b4a93a8c21dd2364f3ead2f2ca978f264""}, {""locate_evidence"": ""quote and locator found"", ""located"": true, ""locator"": ""lines:11-20"", ""path"": ""input/governance_policies.yaml"", ""quote"": ""- name: Opt-Out Compliance\n  description: Customers with email_opt_out=1 must be excluded from email channels;\n    sms_opt_in=0 excluded from SMS\n  rules:\n  - channel: email\n    exclude_condition: email_opt_out = 1\n  - channel: sms\n    exclude_condition: sms_opt_in = 0\n  - channel: push\n    exclude_condition: push_opt_in = 0"", ""sha256"": ""82228558807759a789f96adb7ab43ca5b80c8e704c309b772130ab9452b59a12""}, {""locate_evidence"": ""quote and locator found"", ""located"": true, ""locator"": ""lines:26-29"", ""path"": ""input/governance_policies.yaml"", ""quote"": ""- name: Suppression List\n  description: Customers with active support tickets must be suppressed from all outbound\n    campaigns\n  suppress_condition: support_tickets_90d > 0"", ""sha256"": ""82228558807759a789f96adb7ab43ca5b80c8e704c309b772130ab9452b59a12""}, {""locate_evidence"": ""quote and locator found"", ""located"": true, ""locator"": ""lines:2-6"", ""path"": ""input/data_dictionary.tsv"", ""quote"": ""customer_id\tstring\tUnique customer identifier\tCUST-NNNNNN format\nage\tinteger\tCustomer age in years\t18-85\ngender\tstring\tGender identity\tM, F, NB, U\nstate\tstring\tUS state of residence\t2-letter code\ncity\tstring\tCity of residence\tFree text"", ""sha256"": ""b41230fafffad2a0416e55a213f81fe9b33898641079bc9454d6f2501530f96e""}, {""locate_evidence"": ""quote and locator found"", ""located"": true, ""locator"": ""lines:11-25"", ""path"": ""input/data_dictionary.tsv"", ""quote"": ""purchase_count_90d\tinteger\tPurchases in last 90 days\t0-40\navg_order_value\tfloat\tAverage order value in USD\t10-2000\nltv\tfloat\tCustomer lifetime value in USD\t0-100000+\nrecency_days\tinteger\tDays since last purchase\t0-365\nemail_opens_30d\tinteger\tEmail opens in last 30 days\t0-30\nemail_opens_90d\tinteger\tEmail opens in last 90 days\t0-60\nemail_clicks_30d\tinteger\tEmail clicks in last 30 days\t0-20\nlast_email_open_days_ago\tinteger\tDays since last email open\t1-365\nemail_opt_out\tinteger\tEmail opt-out flag\t0 or 1\nsms_opt_in\tinteger\tSMS opt-in flag\t0 or 1\nhas_app\tinteger\tHas mobile app installed\t0 or 1\napp_sessions_30d\tinteger\tApp sessions in last 30 days\t0-50\npush_opt_in\tinteger\tPush notification opt-in\t0 or 1\npage_views_30d\tinteger\tPage views in last 30 days\t0-100\nsupport_tickets_90d\tinteger\tSupport tickets in last 90 days\t0-10"", ""sha256"": ""b41230fafffad2a0416e55a213f81fe9b33898641079bc9454d6f2501530f96e""}, {""locate_evidence"": ""quote and locator found"", ""located"": true, ""locator"": ""file"", ""path"": ""input/unified_profiles.parquet"", ""quote"": """", ""sha256"": ""eeab6b6ccae27e6f9bb1cf29b2e51b43443b98253d18bb47991ec536280dd297""}, {""locate_evidence"": ""quote and locator found"", ""located"": true, ""locator"": ""lines:9-12"", ""path"": ""task_prompt"", ""quote"": ""3. Identify customers matching the target criteria in the brief (high-transaction but email-disengaged).\n4. Apply governance rules: suppress customers with active support tickets, respect channel opt-in/opt-out, compute per-customer SMS and push eligibility.\n5. Strip geo/demographic identifier columns (age, gender, city, state) from the output roster for PII compliance.\n6. Analyze overlap between the qualifying audience and each existing audience in `/media/user/data/agenthle/business_finance/digital_marketing_audience_segmentation_1/base/input/existing_audiences.csv`."", ""sha256"": ""cf62e8268922bfeac0f6419a5b232b746da6ecda4429c369846d72063bd26cb1""}, {""locate_evidence"": ""quote or locator not found"", ""located"": false, ""locator"": ""lines:30-31"", ""path"": ""task_prompt"", ""quote"": ""**`audience_roster.csv`** \u2014 CSV, one row per qualifying customer after suppression. Include customer_id and profile/engagement columns, but exclude age, gender, city, state. Add columns: `sms_eligible`, `push_eligible`, `any_channel_eligible` (1 or 0)."", ""sha256"": ""cf62e8268922bfeac0f6419a5b232b746da6ecda4429c369846d72063bd26cb1""}]",missing,"The target predicates are directly specified in input/segmentation_brief.md: purchase_count_90d >= 3, email_opens_30d = 0, and last_email_open_days_ago > 30. The brief and governance_policies.yaml directly require suppression when support_tickets_90d > 0, SMS eligibility from sms_opt_in, and push eligibility from push_opt_in. The task prompt directly requires removal of age, gender, city, and state. However, the brief also says customers with email_opt_out = 1 must be excluded from cross-channel messaging that references email content. No public input states whether this re-engagement campaign's SMS or push content references email. Therefore the interpretation that email_opt_out never affects this roster, and consequently the exact expected membership and counts of 449, 109, 104, and 196, is not directly entailed.",False,False,True,True,"Email opt-out is not used as an audience suppression because the brief limits that exclusion to cross-channel messaging which references email content, while no such content property exists in the inputs or output. SMS eligibility equals sms_opt_in == 1, push eligibility equals push_opt_in == 1, and any-channel eligibility is their logical OR. The harness argv is `python3 checks/roster_membership_eligibility_and_pii.py`.",public_recompute,There is no public validator or task-native segmentation CLI. The checker deterministically loads the frozen public Parquet using the task-specified uv environment and recomputes every qualifying ID and eligibility value.,"[""python3"", ""roster_membership_eligibility_and_pii.py""]","mechanical locators: input/segmentation_brief.md lines:3-5: quote and locator found; input/segmentation_brief.md lines:11-18: quote and locator found; input/governance_policies.yaml lines:11-20: quote and locator found; input/governance_policies.yaml lines:26-29: quote and locator found; input/data_dictionary.tsv lines:2-6: quote and locator found; input/data_dictionary.tsv lines:11-25: quote and locator found; input/unified_profiles.parquet file: quote and locator found; task_prompt lines:9-12: quote and locator found; task_prompt lines:30-31: quote or locator not found; source audit: The target predicates are directly specified in input/segmentation_brief.md: purchase_count_90d >= 3, email_opens_30d = 0, and last_email_open_days_ago > 30. The brief and governance_policies.yaml directly require suppression when support_tickets_90d > 0, SMS eligibility from sms_opt_in, and push eligibility from push_opt_in. The task prompt directly requires removal of age, gender, city, and state. However, the brief also says customers with email_opt_out = 1 must be excluded from cross-channel messaging that references email content. No public input states whether this re-engagement campaign's SMS or push content references email. Therefore the interpretation that email_opt_out never affects this roster, and consequently the exact expected membership and counts of 449, 109, 104, and 196, is not directly entailed.",source status: missing,"audience_roster.csv exists; its unique customer_id set exactly equals the 449 qualifying, support-suppressed source IDs; it has 449 rows; age, gender, city, and state are absent; sms_eligible, push_eligible, and any_channel_eligible exist and equal the source-derived values for every row. Aggregate eligible counts are SMS 109, push 104, and any channel 196.",null
verifier_v13_six_r1,business_finance__digital_marketing_audience_segmentation_1,prep_verifier,0,unverifiable,69c4715ac5fb699b2d8774d010f64c4ad0abfd568e776c964922b36ca6147ba8,segment_definition_semantics_and_stats,True,False,unverifiable,"segment_definition.json must provide every specified top-level field, encode the three target predicates and active-support suppression, describe SMS and push activation eligibility, state the required governance application, and report statistics computed from the suppressed audience.",6,"[{""locate_evidence"": ""quote and locator found"", ""located"": true, ""locator"": ""lines:3-5"", ""path"": ""input/segmentation_brief.md"", ""quote"": ""## Target Audience\n\nCustomers who made 3 or more purchases in the last 90 days but have not opened any email in the past 30 days (email_opens_30d = 0 AND last_email_open_days_ago > 30)."", ""sha256"": ""be077ce487a4774091c766fc2b0b018b4a93a8c21dd2364f3ead2f2ca978f264""}, {""locate_evidence"": ""quote and locator found"", ""located"": true, ""locator"": ""lines:11-18"", ""path"": ""input/segmentation_brief.md"", ""quote"": ""## Activation Channel\n\nSMS (requires sms_opt_in = 1) and Push Notification (requires push_opt_in = 1).\n\n## Exclusions\n\n- Exclude customers who have opted out of email (email_opt_out = 1) from any cross-channel messaging that references email content.\n- Exclude customers with active support tickets (support_tickets_90d > 0)."", ""sha256"": ""be077ce487a4774091c766fc2b0b018b4a93a8c21dd2364f3ead2f2ca978f264""}, {""locate_evidence"": ""quote and locator found"", ""located"": true, ""locator"": ""lines:11-20"", ""path"": ""input/governance_policies.yaml"", ""quote"": ""- name: Opt-Out Compliance\n  description: Customers with email_opt_out=1 must be excluded from email channels;\n    sms_opt_in=0 excluded from SMS\n  rules:\n  - channel: email\n    exclude_condition: email_opt_out = 1\n  - channel: sms\n    exclude_condition: sms_opt_in = 0\n  - channel: push\n    exclude_condition: push_opt_in = 0"", ""sha256"": ""82228558807759a789f96adb7ab43ca5b80c8e704c309b772130ab9452b59a12""}, {""locate_evidence"": ""quote and locator found"", ""located"": true, ""locator"": ""lines:26-29"", ""path"": ""input/governance_policies.yaml"", ""quote"": ""- name: Suppression List\n  description: Customers with active support tickets must be suppressed from all outbound\n    campaigns\n  suppress_condition: support_tickets_90d > 0"", ""sha256"": ""82228558807759a789f96adb7ab43ca5b80c8e704c309b772130ab9452b59a12""}, {""locate_evidence"": ""quote and locator found"", ""located"": true, ""locator"": ""file"", ""path"": ""input/unified_profiles.parquet"", ""quote"": """", ""sha256"": ""eeab6b6ccae27e6f9bb1cf29b2e51b43443b98253d18bb47991ec536280dd297""}, {""locate_evidence"": ""quote and locator found"", ""located"": true, ""locator"": ""lines:18-28"", ""path"": ""task_prompt"", ""quote"": ""**`segment_definition.json`** \u2014 JSON object with keys:\n- `segment_name`: descriptive name\n- `created_date`: date string\n- `version`: version string\n- `filter_predicates`: list of {field, operator, value}\n- `suppression_rules`: list of {field, operator, value, reason}\n- `activation_channels`: mapping of channel name \u2192 {eligibility_field, required_value}\n- `governance_applied`: {pii_fields_removed: [...], opt_out_compliance: bool, support_suppression: bool}\n- `audience_stats`: {total_qualifying, sms_eligible, push_eligible, any_channel_eligible, pct_of_total_profiles}"", ""sha256"": ""cf62e8268922bfeac0f6419a5b232b746da6ecda4429c369846d72063bd26cb1""}]",ambiguous,"The task prompt directly specifies the eight top-level content categories, the brief directly supplies the three target predicates and support-ticket exclusion, and the activation rules directly supply sms_opt_in = 1 and push_opt_in = 1. The task also directly names age, gender, city, and state for removal. The Parquet deterministically yields 449 qualifying rows, 109 SMS-eligible rows, 104 push-eligible rows, 196 rows eligible for either channel, and 4.49% only under the interpretation that email_opt_out does not suppress any member. The brief's conditional cross-channel email-opt-out exclusion cannot be resolved because campaign content is unspecified, so those exact statistics are not fully entailed. The public materials also require a 'date string' and 'version string' but do not specify exact date or version values.",False,False,True,True,"Predicate and rule list order is immaterial. Operators are compared after normalizing common equivalent spellings (`=`, `==`, `eq`, `>=`, `gte`, `>`, `gt`). Channel names are matched case-insensitively. pii_fields_removed must include age, gender, city, and state because the task explicitly requires all four removed. The harness argv is `python3 checks/segment_definition_semantics_and_stats.py`.",public_recompute,No public task validator exists. The checker parses the public JSON and deterministically recomputes the five statistics from the frozen Parquet using the declared runtime environment.,"[""python3"", ""segment_definition_semantics_and_stats.py""]","mechanical locators: input/segmentation_brief.md lines:3-5: quote and locator found; input/segmentation_brief.md lines:11-18: quote and locator found; input/governance_policies.yaml lines:11-20: quote and locator found; input/governance_policies.yaml lines:26-29: quote and locator found; input/unified_profiles.parquet file: quote and locator found; task_prompt lines:18-28: quote and locator found; source audit: The task prompt directly specifies the eight top-level content categories, the brief directly supplies the three target predicates and support-ticket exclusion, and the activation rules directly supply sms_opt_in = 1 and push_opt_in = 1. The task also directly names age, gender, city, and state for removal. The Parquet deterministically yields 449 qualifying rows, 109 SMS-eligible rows, 104 push-eligible rows, 196 rows eligible for either channel, and 4.49% only under the interpretation that email_opt_out does not suppress any member. The brief's conditional cross-channel email-opt-out exclusion cannot be resolved because campaign content is unspecified, so those exact statistics are not fully entailed. The public materials also require a 'date string' and 'version string' but do not specify exact date or version values.",source status: ambiguous,"The JSON is an object with exactly the required kinds of content: non-empty string segment_name, string created_date, string version, the predicates purchase_count_90d >= 3, email_opens_30d = 0, and last_email_open_days_ago > 30, a support_tickets_90d > 0 suppression with a non-empty reason, SMS and push mappings to sms_eligible/push_eligible with required value 1, governance booleans true and all four removed PII fields, and audience_stats values 449, 109, 104, 196, and 4.49 respectively.",null
verifier_v13_six_r1,business_finance__digital_marketing_audience_segmentation_1,prep_verifier,0,unverifiable,69c4715ac5fb699b2d8774d010f64c4ad0abfd568e776c964922b36ca6147ba8,overlap_report_coverage_and_counts,True,False,unverifiable,"overlap_report.tsv must have the specified columns and exactly one row for every existing audience. For every existing-audience predicate evaluable from unified_profiles.parquet, overlap_count must equal the count of support-suppressed qualifying customers satisfying that predicate.",5,"[{""locate_evidence"": ""quote and locator found"", ""located"": true, ""locator"": ""lines:3-5"", ""path"": ""input/segmentation_brief.md"", ""quote"": ""## Target Audience\n\nCustomers who made 3 or more purchases in the last 90 days but have not opened any email in the past 30 days (email_opens_30d = 0 AND last_email_open_days_ago > 30)."", ""sha256"": ""be077ce487a4774091c766fc2b0b018b4a93a8c21dd2364f3ead2f2ca978f264""}, {""locate_evidence"": ""quote and locator found"", ""located"": true, ""locator"": ""lines:15-18"", ""path"": ""input/segmentation_brief.md"", ""quote"": ""## Exclusions\n\n- Exclude customers who have opted out of email (email_opt_out = 1) from any cross-channel messaging that references email content.\n- Exclude customers with active support tickets (support_tickets_90d > 0)."", ""sha256"": ""be077ce487a4774091c766fc2b0b018b4a93a8c21dd2364f3ead2f2ca978f264""}, {""locate_evidence"": ""quote and locator found"", ""located"": true, ""locator"": ""lines:1-7"", ""path"": ""input/existing_audiences.csv"", ""quote"": ""audience_id,name,definition,size\nAUD-001,High Value Californians,state = 'CA' AND ltv > 5000,342\nAUD-002,Lapsed Purchasers,recency_days > 90 AND total_purchases > 5,1876\nAUD-003,Email Engaged,email_opens_30d >= 3,2103\nAUD-004,App Power Users,app_sessions_30d > 10 AND has_app = 1,891\nAUD-005,Cart Abandoners,has_cart_abandonment = 1 AND recency_days < 7,623\nAUD-006,Platinum Loyalty,loyalty_tier = 'platinum',998"", ""sha256"": ""70357aaeb34468fb987dc9110817c48fa91773d3f456b033428b0147a7badf6c""}, {""locate_evidence"": ""quote and locator found"", ""located"": true, ""locator"": ""file"", ""path"": ""input/unified_profiles.parquet"", ""quote"": """", ""sha256"": ""eeab6b6ccae27e6f9bb1cf29b2e51b43443b98253d18bb47991ec536280dd297""}, {""locate_evidence"": ""quote or locator not found"", ""located"": false, ""locator"": ""lines:32-33"", ""path"": ""task_prompt"", ""quote"": ""**`overlap_report.tsv`** \u2014 TSV with columns: existing_audience_id, existing_audience_name, overlap_count, overlap_pct, flag_high_overlap. One row per existing audience. overlap_pct = (overlap_count / total qualifying audience size) * 100."", ""sha256"": ""cf62e8268922bfeac0f6419a5b232b746da6ecda4429c369846d72063bd26cb1""}]",missing,"existing_audiences.csv directly identifies all six required audience IDs, names, and definitions. Five definitions are evaluable from unified_profiles.parquet and yield the listed intersections under the checker's audience interpretation: AUD-001 = 0, AUD-002 = 13, AUD-003 = 0, AUD-004 = 2, and AUD-006 = 71. AUD-005 depends on has_cart_abandonment, which is absent from both the Parquet schema and data_dictionary.tsv, so its required overlap cannot be derived. In addition, all intersections rely on the same unresolved treatment of email_opt_out in the qualifying audience. The task directly defines overlap_pct as overlap_count / total qualifying audience size * 100, but supplies no high-overlap threshold.",False,False,True,True,Audience identity and names come directly from existing_audiences.csv. Five definitions are fully evaluable from the profile schema. AUD-005 is required as a row but its count is not asserted because has_cart_abandonment is absent from the public profiles and dictionary. Report order is not constrained. The harness argv is `python3 checks/overlap_report_coverage_and_counts.py`.,public_recompute,"No public overlap validator exists. The checker reads the public CSV, recomputes the target audience and all five evaluable definitions from the frozen Parquet, and exhaustively checks report coverage and counts.","[""python3"", ""overlap_report_coverage_and_counts.py""]","mechanical locators: input/segmentation_brief.md lines:3-5: quote and locator found; input/segmentation_brief.md lines:15-18: quote and locator found; input/existing_audiences.csv lines:1-7: quote and locator found; input/unified_profiles.parquet file: quote and locator found; task_prompt lines:32-33: quote or locator not found; source audit: existing_audiences.csv directly identifies all six required audience IDs, names, and definitions. Five definitions are evaluable from unified_profiles.parquet and yield the listed intersections under the checker's audience interpretation: AUD-001 = 0, AUD-002 = 13, AUD-003 = 0, AUD-004 = 2, and AUD-006 = 71. AUD-005 depends on has_cart_abandonment, which is absent from both the Parquet schema and data_dictionary.tsv, so its required overlap cannot be derived. In addition, all intersections rely on the same unresolved treatment of email_opt_out in the qualifying audience. The task directly defines overlap_pct as overlap_count / total qualifying audience size * 100, but supplies no high-overlap threshold.",source status: missing,"The TSV has exactly six unique IDs with their source names and the five required columns. Recomputed overlap_count values are AUD-001=0, AUD-002=13, AUD-003=0, AUD-004=2, and AUD-006=71. AUD-005 must be present, but its numeric overlap and all flag_high_overlap values are not judged by this check.",null
verifier_v13_six_r1,business_finance__digital_marketing_audience_segmentation_1,prep_verifier,0,unverifiable,69c4715ac5fb699b2d8774d010f64c4ad0abfd568e776c964922b36ca6147ba8,email_opt_out_cross_channel_suppression,False,False,unverifiable,Customers with email_opt_out=1 are excluded if the SMS or push campaign references email content; otherwise channel eligibility follows the SMS and push opt-in rules.,2,"[{""locate_evidence"": ""quote and locator found"", ""located"": true, ""locator"": ""lines:15-18"", ""path"": ""input/segmentation_brief.md"", ""quote"": ""## Exclusions\n\n- Exclude customers who have opted out of email (email_opt_out = 1) from any cross-channel messaging that references email content.\n- Exclude customers with active support tickets (support_tickets_90d > 0)."", ""sha256"": ""be077ce487a4774091c766fc2b0b018b4a93a8c21dd2364f3ead2f2ca978f264""}, {""locate_evidence"": ""quote and locator found"", ""located"": true, ""locator"": ""lines:11-20"", ""path"": ""input/governance_policies.yaml"", ""quote"": ""- name: Opt-Out Compliance\n  description: Customers with email_opt_out=1 must be excluded from email channels;\n    sms_opt_in=0 excluded from SMS\n  rules:\n  - channel: email\n    exclude_condition: email_opt_out = 1\n  - channel: sms\n    exclude_condition: sms_opt_in = 0\n  - channel: push\n    exclude_condition: push_opt_in = 0"", ""sha256"": ""82228558807759a789f96adb7ab43ca5b80c8e704c309b772130ab9452b59a12""}]",,,,,,,Neither the public inputs nor the required outputs specify whether campaign content references email. Therefore the condition that activates this cross-channel exclusion cannot be determined at solve time without guessing.,,,[],Neither the public inputs nor the required outputs specify whether campaign content references email. Therefore the condition that activates this cross-channel exclusion cannot be determined at solve time without guessing.,public solve-time truth is unavailable,Customers with email_opt_out=1 are excluded if the SMS or push campaign references email content; otherwise channel eligibility follows the SMS and push opt-in rules.,null
verifier_v13_six_r1,business_finance__digital_marketing_audience_segmentation_1,prep_verifier,0,unverifiable,69c4715ac5fb699b2d8774d010f64c4ad0abfd568e776c964922b36ca6147ba8,cart_abandoners_overlap_value,False,False,unverifiable,AUD-005 should report the number and percentage of qualifying profiles satisfying has_cart_abandonment = 1 and recency_days < 7.,3,"[{""locate_evidence"": ""quote and locator found"", ""located"": true, ""locator"": ""lines:6-6"", ""path"": ""input/existing_audiences.csv"", ""quote"": ""AUD-005,Cart Abandoners,has_cart_abandonment = 1 AND recency_days < 7,623"", ""sha256"": ""70357aaeb34468fb987dc9110817c48fa91773d3f456b033428b0147a7badf6c""}, {""locate_evidence"": ""quote and locator found"", ""located"": true, ""locator"": ""lines:1-26"", ""path"": ""input/data_dictionary.tsv"", ""quote"": ""field_name\ttype\tdescription\tpermitted_values\ncustomer_id\tstring\tUnique customer identifier\tCUST-NNNNNN format\nage\tinteger\tCustomer age in years\t18-85\ngender\tstring\tGender identity\tM, F, NB, U\nstate\tstring\tUS state of residence\t2-letter code\ncity\tstring\tCity of residence\tFree text\ntenure_months\tinteger\tMonths since first purchase\t1-120\nloyalty_tier\tstring\tLoyalty program tier\tbronze, silver, gold, platinum\ntotal_purchases\tinteger\tAll-time purchase count\t0-50+\npurchase_count_30d\tinteger\tPurchases in last 30 days\t0-20\npurchase_count_90d\tinteger\tPurchases in last 90 days\t0-40\navg_order_value\tfloat\tAverage order value in USD\t10-2000\nltv\tfloat\tCustomer lifetime value in USD\t0-100000+\nrecency_days\tinteger\tDays since last purchase\t0-365\nemail_opens_30d\tinteger\tEmail opens in last 30 days\t0-30\nemail_opens_90d\tinteger\tEmail opens in last 90 days\t0-60\nemail_clicks_30d\tinteger\tEmail clicks in last 30 days\t0-20\nlast_email_open_days_ago\tinteger\tDays since last email open\t1-365\nemail_opt_out\tinteger\tEmail opt-out flag\t0 or 1\nsms_opt_in\tinteger\tSMS opt-in flag\t0 or 1\nhas_app\tinteger\tHas mobile app installed\t0 or 1\napp_sessions_30d\tinteger\tApp sessions in last 30 days\t0-50\npush_opt_in\tinteger\tPush notification opt-in\t0 or 1\npage_views_30d\tinteger\tPage views in last 30 days\t0-100\nsupport_tickets_90d\tinteger\tSupport tickets in last 90 days\t0-10\nengagement_score\tfloat\tComposite engagement score\t0.0-1.0"", ""sha256"": ""b41230fafffad2a0416e55a213f81fe9b33898641079bc9454d6f2501530f96e""}, {""locate_evidence"": ""quote and locator found"", ""located"": true, ""locator"": ""file"", ""path"": ""input/unified_profiles.parquet"", ""quote"": """", ""sha256"": ""eeab6b6ccae27e6f9bb1cf29b2e51b43443b98253d18bb47991ec536280dd297""}]",,,,,,,"has_cart_abandonment is absent from both the public profile schema and data dictionary. The required intersection cannot be recomputed from public data, so asserting zero or another value would invent a missing-data rule.",,,[],"has_cart_abandonment is absent from both the public profile schema and data dictionary. The required intersection cannot be recomputed from public data, so asserting zero or another value would invent a missing-data rule.",public solve-time truth is unavailable,AUD-005 should report the number and percentage of qualifying profiles satisfying has_cart_abandonment = 1 and recency_days < 7.,null
verifier_v13_six_r1,business_finance__digital_marketing_audience_segmentation_1,prep_verifier,0,unverifiable,69c4715ac5fb699b2d8774d010f64c4ad0abfd568e776c964922b36ca6147ba8,high_overlap_flag_values,False,False,unverifiable,flag_high_overlap should indicate which audience overlaps are considered high.,1,"[{""locate_evidence"": ""quote or locator not found"", ""located"": false, ""locator"": ""lines:32-33"", ""path"": ""task_prompt"", ""quote"": ""**`overlap_report.tsv`** \u2014 TSV with columns: existing_audience_id, existing_audience_name, overlap_count, overlap_pct, flag_high_overlap. One row per existing audience. overlap_pct = (overlap_count / total qualifying audience size) * 100."", ""sha256"": ""cf62e8268922bfeac0f6419a5b232b746da6ecda4429c369846d72063bd26cb1""}]",,,,,,,"The public task specifies the field but gives no threshold, comparison operator, or other rule for deciding when overlap is high. A blocking checker cannot derive the flag values without adding an unstated threshold.",,,[],"The public task specifies the field but gives no threshold, comparison operator, or other rule for deciding when overlap is high. A blocking checker cannot derive the flag values without adding an unstated threshold.",public solve-time truth is unavailable,flag_high_overlap should indicate which audience overlaps are considered high.,null
verifier_v13_six_r1,business_finance__digital_marketing_audience_segmentation_1,prep_verifier,0,unverifiable,69c4715ac5fb699b2d8774d010f64c4ad0abfd568e776c964922b36ca6147ba8,overlap_percentage_serialization_precision,False,False,unverifiable,"Each overlap_pct numerically represents overlap_count divided by total qualifying audience size, multiplied by 100.",1,"[{""locate_evidence"": ""quote or locator not found"", ""located"": false, ""locator"": ""lines:32-33"", ""path"": ""task_prompt"", ""quote"": ""**`overlap_report.tsv`** \u2014 TSV with columns: existing_audience_id, existing_audience_name, overlap_count, overlap_pct, flag_high_overlap. One row per existing audience. overlap_pct = (overlap_count / total qualifying audience size) * 100."", ""sha256"": ""cf62e8268922bfeac0f6419a5b232b746da6ecda4429c369846d72063bd26cb1""}]",,,,,,,"Several public-data percentages are repeating decimals, but no rounding or formatting precision is specified. A frozen exact-string or fixed-tolerance test would add an unstated precision rule.",,,[],"Several public-data percentages are repeating decimals, but no rounding or formatting precision is specified. A frozen exact-string or fixed-tolerance test would add an unstated precision rule.",public solve-time truth is unavailable,"Each overlap_pct numerically represents overlap_count divided by total qualifying audience size, multiplied by 100.",null
verifier_v13_six_r1,business_finance__digital_marketing_audience_segmentation_1,prep_verifier,0,unverifiable,69c4715ac5fb699b2d8774d010f64c4ad0abfd568e776c964922b36ca6147ba8,created_date_and_version_values,False,False,unverifiable,created_date is a date string and version is a version string.,1,"[{""locate_evidence"": ""quote and locator found"", ""located"": true, ""locator"": ""lines:18-21"", ""path"": ""task_prompt"", ""quote"": ""**`segment_definition.json`** \u2014 JSON object with keys:\n- `segment_name`: descriptive name\n- `created_date`: date string\n- `version`: version string"", ""sha256"": ""cf62e8268922bfeac0f6419a5b232b746da6ecda4429c369846d72063bd26cb1""}]",,,,,,,"The task provides no required date value, date format, version value, or versioning convention. The structural string requirement is checked, but stronger value validation would require current time or an invented convention.",,,[],"The task provides no required date value, date format, version value, or versioning convention. The structural string requirement is checked, but stronger value validation would require current time or an invented convention.",public solve-time truth is unavailable,created_date is a date string and version is a version string.,null
verifier_v13_six_r1,business_finance__digital_marketing_audience_segmentation_1,verifier,0,error,7162521111639ca945e472b8bd251ab8368600a3fb1e2298bbb2cd534bc8ed0e,roster_membership_and_channel_eligibility,True,False,error,"audience_roster.csv must contain exactly one row for every profile satisfying purchase_count_90d >= 3, email_opens_30d = 0, last_email_open_days_ago > 30, and support_tickets_90d = 0. SMS eligibility equals sms_opt_in, push eligibility equals push_opt_in, and any-channel eligibility is their logical OR.",8,"[{""locate_evidence"": ""quote and locator found"", ""located"": true, ""locator"": ""lines:3-5"", ""path"": ""input/segmentation_brief.md"", ""quote"": ""## Target Audience\n\nCustomers who made 3 or more purchases in the last 90 days but have not opened any email in the past 30 days (email_opens_30d = 0 AND last_email_open_days_ago > 30)."", ""sha256"": ""be077ce487a4774091c766fc2b0b018b4a93a8c21dd2364f3ead2f2ca978f264""}, {""locate_evidence"": ""quote and locator found"", ""located"": true, ""locator"": ""lines:11-18"", ""path"": ""input/segmentation_brief.md"", ""quote"": ""## Activation Channel\n\nSMS (requires sms_opt_in = 1) and Push Notification (requires push_opt_in = 1).\n\n## Exclusions\n\n- Exclude customers who have opted out of email (email_opt_out = 1) from any cross-channel messaging that references email content.\n- Exclude customers with active support tickets (support_tickets_90d > 0)."", ""sha256"": ""be077ce487a4774091c766fc2b0b018b4a93a8c21dd2364f3ead2f2ca978f264""}, {""locate_evidence"": ""quote and locator found"", ""located"": true, ""locator"": ""lines:11-20"", ""path"": ""input/governance_policies.yaml"", ""quote"": ""- name: Opt-Out Compliance\n  description: Customers with email_opt_out=1 must be excluded from email channels;\n    sms_opt_in=0 excluded from SMS\n  rules:\n  - channel: email\n    exclude_condition: email_opt_out = 1\n  - channel: sms\n    exclude_condition: sms_opt_in = 0\n  - channel: push\n    exclude_condition: push_opt_in = 0"", ""sha256"": ""82228558807759a789f96adb7ab43ca5b80c8e704c309b772130ab9452b59a12""}, {""locate_evidence"": ""quote and locator found"", ""located"": true, ""locator"": ""lines:26-29"", ""path"": ""input/governance_policies.yaml"", ""quote"": ""- name: Suppression List\n  description: Customers with active support tickets must be suppressed from all outbound\n    campaigns\n  suppress_condition: support_tickets_90d > 0"", ""sha256"": ""82228558807759a789f96adb7ab43ca5b80c8e704c309b772130ab9452b59a12""}, {""locate_evidence"": ""quote and locator found"", ""located"": true, ""locator"": ""lines:10-25"", ""path"": ""input/data_dictionary.tsv"", ""quote"": ""purchase_count_30d\tinteger\tPurchases in last 30 days\t0-20\npurchase_count_90d\tinteger\tPurchases in last 90 days\t0-40\navg_order_value\tfloat\tAverage order value in USD\t10-2000\nltv\tfloat\tCustomer lifetime value in USD\t0-100000+\nrecency_days\tinteger\tDays since last purchase\t0-365\nemail_opens_30d\tinteger\tEmail opens in last 30 days\t0-30\nemail_opens_90d\tinteger\tEmail opens in last 90 days\t0-60\nemail_clicks_30d\tinteger\tEmail clicks in last 30 days\t0-20\nlast_email_open_days_ago\tinteger\tDays since last email open\t1-365\nemail_opt_out\tinteger\tEmail opt-out flag\t0 or 1\nsms_opt_in\tinteger\tSMS opt-in flag\t0 or 1\nhas_app\tinteger\tHas mobile app installed\t0 or 1\napp_sessions_30d\tinteger\tApp sessions in last 30 days\t0-50\npush_opt_in\tinteger\tPush notification opt-in\t0 or 1\npage_views_30d\tinteger\tPage views in last 30 days\t0-100\nsupport_tickets_90d\tinteger\tSupport tickets in last 90 days\t0-10"", ""sha256"": ""b41230fafffad2a0416e55a213f81fe9b33898641079bc9454d6f2501530f96e""}, {""locate_evidence"": ""quote and locator found"", ""located"": true, ""locator"": ""file"", ""path"": ""input/unified_profiles.parquet"", ""quote"": """", ""sha256"": ""eeab6b6ccae27e6f9bb1cf29b2e51b43443b98253d18bb47991ec536280dd297""}, {""locate_evidence"": ""quote and locator found"", ""located"": true, ""locator"": ""lines:8-10"", ""path"": ""task_prompt"", ""quote"": ""2. Load customer profiles from `/media/user/data/agenthle/business_finance/digital_marketing_audience_segmentation_1/base/input/unified_profiles.parquet`.\n3. Identify customers matching the target criteria in the brief (high-transaction but email-disengaged).\n4. Apply governance rules: suppress customers with active support tickets, respect channel opt-in/opt-out, compute per-customer SMS and push eligibility."", ""sha256"": ""cf62e8268922bfeac0f6419a5b232b746da6ecda4429c369846d72063bd26cb1""}, {""locate_evidence"": ""quote and locator found"", ""located"": true, ""locator"": ""lines:28-29"", ""path"": ""task_prompt"", ""quote"": ""**`audience_roster.csv`** \u2014 CSV, one row per qualifying customer after suppression. Include customer_id and profile/engagement columns, but exclude age, gender, city, state. Add columns: `sms_eligible`, `push_eligible`, `any_channel_eligible` (1 or 0)."", ""sha256"": ""cf62e8268922bfeac0f6419a5b232b746da6ecda4429c369846d72063bd26cb1""}]",supported,"The segmentation brief directly defines purchase_count_90d >= 3, email_opens_30d = 0, and last_email_open_days_ago > 30. It also requires sms_opt_in = 1 for SMS and push_opt_in = 1 for push. The brief and governance_policies.yaml require suppression when support_tickets_90d > 0. The governance policy applies email_opt_out to the email channel rather than making it a blanket SMS/push exclusion. The profile parquet is the designated source for the resulting membership and values, and the task requires one post-suppression roster row per qualifying customer with all three binary eligibility fields.",True,False,True,True,"The active-support-ticket exclusion applies to the roster itself. Email opt-out is not treated as a blanket SMS/push suppression because the public governance policy applies it to the email channel, while the requested activation channels are SMS and push. The checker exhaustively recomputes all qualifying IDs and all three flags from the parquet. Checker argv: python3 checks/roster_membership_and_channel_eligibility.py.",public_recompute,No public task validator is supplied; software/README.txt says the runtime plan is pending. The frozen parquet and explicit brief/policy rules permit an exhaustive deterministic recomputation.,"[""python3"", ""roster_membership_and_channel_eligibility.py""]","checker audit: On the normal path, checks/roster_membership_and_channel_eligibility.py reads unified_profiles.parquet, applies all four membership conditions, derives SMS and push flags from the respective opt-in fields, derives any-channel as their OR, checks unique IDs, exact ID-set equality, and every customer's flags. However, lines 23-28 create an output-controlled bypass: if every submitted customer_id starts with FIX-, the script skips the parquet recomputation and passes the single row FIX-VALID with flags 1/0/1. Thus a nonqualifying one-row roster can pass the blocking checker. The declared public_recompute mode only describes the normal path, not this fixture branch.; fixture preflight: environment: isolated Python probe passed; valid fixture: command: python3 roster_membership_and_channel_eligibility.py; consecutive_runs: 2 identical; stderr: <empty>; [""fixture branch validates one explicit channel-eligibility case""]; invalid fixture: command: python3 roster_membership_and_channel_eligibility.py; consecutive_runs: 2 identical; stderr: <empty>; [""fixture branch validates one explicit channel-eligibility case""]",checker did not pass its pre-freeze gate,"audience_roster.csv has exactly 449 unique qualifying customer IDs; sms_eligible sums to 109, push_eligible sums to 104, and any_channel_eligible sums to 196. Every individual flag is the required 0/1 value derived from that customer's profile.",null
verifier_v13_six_r1,business_finance__digital_marketing_audience_segmentation_1,verifier,0,error,7162521111639ca945e472b8bd251ab8368600a3fb1e2298bbb2cd534bc8ed0e,roster_pii_columns_removed,True,True,pass,"The roster must exclude the age, gender, city, and state columns.",3,"[{""locate_evidence"": ""quote and locator found"", ""located"": true, ""locator"": ""lines:1-8"", ""path"": ""input/data_dictionary.tsv"", ""quote"": ""field_name\ttype\tdescription\tpermitted_values\ncustomer_id\tstring\tUnique customer identifier\tCUST-NNNNNN format\nage\tinteger\tCustomer age in years\t18-85\ngender\tstring\tGender identity\tM, F, NB, U\nstate\tstring\tUS state of residence\t2-letter code\ncity\tstring\tCity of residence\tFree text\ntenure_months\tinteger\tMonths since first purchase\t1-120\nloyalty_tier\tstring\tLoyalty program tier\tbronze, silver, gold, platinum"", ""sha256"": ""b41230fafffad2a0416e55a213f81fe9b33898641079bc9454d6f2501530f96e""}, {""locate_evidence"": ""quote and locator found"", ""located"": true, ""locator"": ""lines:11-11"", ""path"": ""task_prompt"", ""quote"": ""5. Strip geo/demographic identifier columns (age, gender, city, state) from the output roster for PII compliance."", ""sha256"": ""cf62e8268922bfeac0f6419a5b232b746da6ecda4429c369846d72063bd26cb1""}, {""locate_evidence"": ""quote and locator found"", ""located"": true, ""locator"": ""lines:28-29"", ""path"": ""task_prompt"", ""quote"": ""**`audience_roster.csv`** \u2014 CSV, one row per qualifying customer after suppression. Include customer_id and profile/engagement columns, but exclude age, gender, city, state. Add columns: `sms_eligible`, `push_eligible`, `any_channel_eligible` (1 or 0)."", ""sha256"": ""cf62e8268922bfeac0f6419a5b232b746da6ecda4429c369846d72063bd26cb1""}]",supported,"The task explicitly says to strip age, gender, city, and state and repeats that audience_roster.csv must exclude those four columns. The data dictionary confirms these are profile field names. Although governance_policies.yaml itself lists only age, gender, and city for particular external destinations, the task's direct output instruction additionally and unambiguously prohibits state in this roster.",True,True,True,True,"This is a header-level prohibition on all four explicitly named columns, independent of whether cells are blank. Checker argv: python3 checks/roster_pii_columns_removed.py.",public_recompute,The explicit PII column prohibition can be checked deterministically by parsing the output CSV header; no task-native validator exists.,"[""python3"", ""roster_pii_columns_removed.py""]","command: python3 roster_pii_columns_removed.py; consecutive_runs: 2 identical; stderr: <empty>; [""parsed audience_roster.csv header""]","{'header': ['customer_id', 'tenure_months', 'loyalty_tier', 'total_purchases', 'purchase_count_30d', 'purchase_count_90d', 'avg_order_value', 'ltv', 'recency_days', 'email_opens_30d', 'email_opens_90d', 'email_clicks_30d', 'last_email_open_days_ago', 'email_opt_out', 'sms_opt_in', 'has_app', 'app_sessions_30d', 'push_opt_in', 'page_views_30d', 'support_tickets_90d', 'engagement_score', 'sms_eligible', 'push_eligible', 'any_channel_eligible'], 'prohibited_columns_present': []}","The audience_roster.csv header contains none of age, gender, city, or state.",null
verifier_v13_six_r1,business_finance__digital_marketing_audience_segmentation_1,verifier,0,error,7162521111639ca945e472b8bd251ab8368600a3fb1e2298bbb2cd534bc8ed0e,segment_definition_contract_and_stats,True,False,unverifiable,"segment_definition.json must contain the specified metadata sections, encode the three target predicates, active-ticket suppression, SMS/push activation requirements, and applied governance, and report audience statistics computed from the governed audience.",5,"[{""locate_evidence"": ""quote and locator found"", ""located"": true, ""locator"": ""lines:3-5"", ""path"": ""input/segmentation_brief.md"", ""quote"": ""## Target Audience\n\nCustomers who made 3 or more purchases in the last 90 days but have not opened any email in the past 30 days (email_opens_30d = 0 AND last_email_open_days_ago > 30)."", ""sha256"": ""be077ce487a4774091c766fc2b0b018b4a93a8c21dd2364f3ead2f2ca978f264""}, {""locate_evidence"": ""quote and locator found"", ""located"": true, ""locator"": ""lines:11-18"", ""path"": ""input/segmentation_brief.md"", ""quote"": ""## Activation Channel\n\nSMS (requires sms_opt_in = 1) and Push Notification (requires push_opt_in = 1).\n\n## Exclusions\n\n- Exclude customers who have opted out of email (email_opt_out = 1) from any cross-channel messaging that references email content.\n- Exclude customers with active support tickets (support_tickets_90d > 0)."", ""sha256"": ""be077ce487a4774091c766fc2b0b018b4a93a8c21dd2364f3ead2f2ca978f264""}, {""locate_evidence"": ""quote and locator found"", ""located"": true, ""locator"": ""lines:11-29"", ""path"": ""input/governance_policies.yaml"", ""quote"": ""- name: Opt-Out Compliance\n  description: Customers with email_opt_out=1 must be excluded from email channels;\n    sms_opt_in=0 excluded from SMS\n  rules:\n  - channel: email\n    exclude_condition: email_opt_out = 1\n  - channel: sms\n    exclude_condition: sms_opt_in = 0\n  - channel: push\n    exclude_condition: push_opt_in = 0\n- name: Minimum Audience Size\n  description: Audiences must contain at least 50 members (0.5% of base) for statistical\n    validity\n  min_size: 50\n  min_pct: 0.5\n- name: Suppression List\n  description: Customers with active support tickets must be suppressed from all outbound\n    campaigns\n  suppress_condition: support_tickets_90d > 0"", ""sha256"": ""82228558807759a789f96adb7ab43ca5b80c8e704c309b772130ab9452b59a12""}, {""locate_evidence"": ""quote and locator found"", ""located"": true, ""locator"": ""file"", ""path"": ""input/unified_profiles.parquet"", ""quote"": """", ""sha256"": ""eeab6b6ccae27e6f9bb1cf29b2e51b43443b98253d18bb47991ec536280dd297""}, {""locate_evidence"": ""quote and locator found"", ""located"": true, ""locator"": ""lines:18-26"", ""path"": ""task_prompt"", ""quote"": ""**`segment_definition.json`** \u2014 JSON object with keys:\n- `segment_name`: descriptive name\n- `created_date`: date string\n- `version`: version string\n- `filter_predicates`: list of {field, operator, value}\n- `suppression_rules`: list of {field, operator, value, reason}\n- `activation_channels`: mapping of channel name \u2192 {eligibility_field, required_value}\n- `governance_applied`: {pii_fields_removed: [...], opt_out_compliance: bool, support_suppression: bool}\n- `audience_stats`: {total_qualifying, sms_eligible, push_eligible, any_channel_eligible, pct_of_total_profiles}"", ""sha256"": ""cf62e8268922bfeac0f6419a5b232b746da6ecda4429c369846d72063bd26cb1""}]",contradicted,"The expected description says there are 'all nine required top-level keys,' but the public task enumerates only eight: segment_name, created_date, version, filter_predicates, suppression_rules, activation_channels, governance_applied, and audience_stats. The public task asks only for a 'date string'; it does not require ISO syntax. The target predicates, support-ticket rule, channel mappings, governance fields, and data-derived statistics are otherwise grounded in the brief, policies, task prompt, and parquet.",False,False,True,True,"Operators are represented according to the explicit mathematical rules: purchase_count_90d >= 3, email_opens_30d = 0, last_email_open_days_ago > 30, and support_tickets_90d > 0 suppression. SMS and push require their respective opt-in fields to equal 1. The date must parse as an ISO date; the task does not provide a particular creation date. Checker argv: python3 checks/segment_definition_contract_and_stats.py.",public_recompute,The profile parquet and public rules determine all audience statistics. JSON structure and metadata can be validated directly without unavailable task-native software.,"[""python3"", ""segment_definition_contract_and_stats.py""]","mechanical locators: input/segmentation_brief.md lines:3-5: quote and locator found; input/segmentation_brief.md lines:11-18: quote and locator found; input/governance_policies.yaml lines:11-29: quote and locator found; input/unified_profiles.parquet file: quote and locator found; task_prompt lines:18-26: quote and locator found; source audit: The expected description says there are 'all nine required top-level keys,' but the public task enumerates only eight: segment_name, created_date, version, filter_predicates, suppression_rules, activation_channels, governance_applied, and audience_stats. The public task asks only for a 'date string'; it does not require ISO syntax. The target predicates, support-ticket rule, channel mappings, governance fields, and data-derived statistics are otherwise grounded in the brief, policies, task prompt, and parquet.",source status: contradicted,"The JSON has all nine required top-level keys, non-empty string segment_name and version, an ISO date string, the required predicates/rule/channel mappings, governance booleans set true with age/gender/city/state recorded as removed, and statistics total_qualifying=449, sms_eligible=109, push_eligible=104, any_channel_eligible=196, pct_of_total_profiles=4.49.",null
verifier_v13_six_r1,business_finance__digital_marketing_audience_segmentation_1,verifier,0,error,7162521111639ca945e472b8bd251ab8368600a3fb1e2298bbb2cd534bc8ed0e,overlap_report_rows_and_recomputable_values,True,False,unverifiable,"overlap_report.tsv must have the specified five columns and one uniquely identified row for each existing audience. For publicly evaluable audience definitions, overlap_count must equal the intersection with the governed 449-member qualifying roster; every row's overlap_pct must apply the stated denominator formula.",6,"[{""locate_evidence"": ""quote and locator found"", ""located"": true, ""locator"": ""lines:3-5"", ""path"": ""input/segmentation_brief.md"", ""quote"": ""## Target Audience\n\nCustomers who made 3 or more purchases in the last 90 days but have not opened any email in the past 30 days (email_opens_30d = 0 AND last_email_open_days_ago > 30)."", ""sha256"": ""be077ce487a4774091c766fc2b0b018b4a93a8c21dd2364f3ead2f2ca978f264""}, {""locate_evidence"": ""quote and locator found"", ""located"": true, ""locator"": ""lines:15-18"", ""path"": ""input/segmentation_brief.md"", ""quote"": ""## Exclusions\n\n- Exclude customers who have opted out of email (email_opt_out = 1) from any cross-channel messaging that references email content.\n- Exclude customers with active support tickets (support_tickets_90d > 0)."", ""sha256"": ""be077ce487a4774091c766fc2b0b018b4a93a8c21dd2364f3ead2f2ca978f264""}, {""locate_evidence"": ""quote and locator found"", ""located"": true, ""locator"": ""lines:1-7"", ""path"": ""input/existing_audiences.csv"", ""quote"": ""audience_id,name,definition,size\nAUD-001,High Value Californians,state = 'CA' AND ltv > 5000,342\nAUD-002,Lapsed Purchasers,recency_days > 90 AND total_purchases > 5,1876\nAUD-003,Email Engaged,email_opens_30d >= 3,2103\nAUD-004,App Power Users,app_sessions_30d > 10 AND has_app = 1,891\nAUD-005,Cart Abandoners,has_cart_abandonment = 1 AND recency_days < 7,623\nAUD-006,Platinum Loyalty,loyalty_tier = 'platinum',998"", ""sha256"": ""70357aaeb34468fb987dc9110817c48fa91773d3f456b033428b0147a7badf6c""}, {""locate_evidence"": ""quote and locator found"", ""located"": true, ""locator"": ""file"", ""path"": ""input/unified_profiles.parquet"", ""quote"": """", ""sha256"": ""eeab6b6ccae27e6f9bb1cf29b2e51b43443b98253d18bb47991ec536280dd297""}, {""locate_evidence"": ""quote and locator found"", ""located"": true, ""locator"": ""lines:12-12"", ""path"": ""task_prompt"", ""quote"": ""6. Analyze overlap between the qualifying audience and each existing audience in `/media/user/data/agenthle/business_finance/digital_marketing_audience_segmentation_1/base/input/existing_audiences.csv`."", ""sha256"": ""cf62e8268922bfeac0f6419a5b232b746da6ecda4429c369846d72063bd26cb1""}, {""locate_evidence"": ""quote or locator not found"", ""located"": false, ""locator"": ""lines:31-31"", ""path"": ""task_prompt"", ""quote"": ""**`overlap_report.tsv`** \u2014 TSV with columns: existing_audience_id, existing_audience_name, overlap_count, overlap_pct, flag_high_overlap. One row per existing audience. overlap_pct = (overlap_count / total qualifying audience size) * 100."", ""sha256"": ""cf62e8268922bfeac0f6419a5b232b746da6ecda4429c369846d72063bd26cb1""}]",missing,"The task directly requires the five named columns, one row per existing audience, and overlap_pct = overlap_count / total qualifying audience size * 100. existing_audiences.csv directly supplies all six IDs, names, and definitions, and five definitions use fields available in the parquet. However, AUD-005 requires has_cart_abandonment, which is absent from both the data dictionary and parquet schema, so its true overlap count cannot be derived. No public high-overlap threshold or flag semantics are supplied. In addition, the task states the percentage relationship but gives no serialization precision or tolerance, making exact parsed-float equality more restrictive than the public materials establish.",False,False,True,True,"The five definitions whose fields exist in unified_profiles.parquet are evaluated exhaustively. Their expected overlap counts are AUD-001=0, AUD-002=13, AUD-003=0, AUD-004=2, and AUD-006=71. AUD-005's count is not asserted because has_cart_abandonment is unavailable, but its percentage must still equal its reported count divided by 449 times 100. No row order is imposed. Checker argv: python3 checks/overlap_report_rows_and_recomputable_values.py.",public_recompute,Five audience definitions use fields present in the frozen profile parquet and can be recomputed exactly. The sixth row and universal percentage formula can still be validated without inventing the missing Cart Abandoners attribute.,"[""python3"", ""overlap_report_rows_and_recomputable_values.py""]","mechanical locators: input/segmentation_brief.md lines:3-5: quote and locator found; input/segmentation_brief.md lines:15-18: quote and locator found; input/existing_audiences.csv lines:1-7: quote and locator found; input/unified_profiles.parquet file: quote and locator found; task_prompt lines:12-12: quote and locator found; task_prompt lines:31-31: quote or locator not found; source audit: The task directly requires the five named columns, one row per existing audience, and overlap_pct = overlap_count / total qualifying audience size * 100. existing_audiences.csv directly supplies all six IDs, names, and definitions, and five definitions use fields available in the parquet. However, AUD-005 requires has_cart_abandonment, which is absent from both the data dictionary and parquet schema, so its true overlap count cannot be derived. No public high-overlap threshold or flag semantics are supplied. In addition, the task states the percentage relationship but gives no serialization precision or tolerance, making exact parsed-float equality more restrictive than the public materials establish.",source status: missing,"The exact header is existing_audience_id, existing_audience_name, overlap_count, overlap_pct, flag_high_overlap. There is one row for each AUD-001 through AUD-006 with the public names. Recomputable counts are 0, 13, 0, 2, and 71 for AUD-001, AUD-002, AUD-003, AUD-004, and AUD-006 respectively, and each overlap_pct numerically equals overlap_count / 449 * 100.",null
verifier_v13_six_r1,business_finance__digital_marketing_audience_segmentation_1,verifier,0,error,7162521111639ca945e472b8bd251ab8368600a3fb1e2298bbb2cd534bc8ed0e,cart_abandoners_overlap_count,False,False,unverifiable,"AUD-005 should have a reported overlap_count, but no exact public expected count can be derived.",3,"[{""locate_evidence"": ""quote and locator found"", ""located"": true, ""locator"": ""lines:6-6"", ""path"": ""input/existing_audiences.csv"", ""quote"": ""AUD-005,Cart Abandoners,has_cart_abandonment = 1 AND recency_days < 7,623"", ""sha256"": ""70357aaeb34468fb987dc9110817c48fa91773d3f456b033428b0147a7badf6c""}, {""locate_evidence"": ""quote and locator found"", ""located"": true, ""locator"": ""lines:1-26"", ""path"": ""input/data_dictionary.tsv"", ""quote"": ""field_name\ttype\tdescription\tpermitted_values\ncustomer_id\tstring\tUnique customer identifier\tCUST-NNNNNN format\nage\tinteger\tCustomer age in years\t18-85\ngender\tstring\tGender identity\tM, F, NB, U\nstate\tstring\tUS state of residence\t2-letter code\ncity\tstring\tCity of residence\tFree text\ntenure_months\tinteger\tMonths since first purchase\t1-120\nloyalty_tier\tstring\tLoyalty program tier\tbronze, silver, gold, platinum\ntotal_purchases\tinteger\tAll-time purchase count\t0-50+\npurchase_count_30d\tinteger\tPurchases in last 30 days\t0-20\npurchase_count_90d\tinteger\tPurchases in last 90 days\t0-40\navg_order_value\tfloat\tAverage order value in USD\t10-2000\nltv\tfloat\tCustomer lifetime value in USD\t0-100000+\nrecency_days\tinteger\tDays since last purchase\t0-365\nemail_opens_30d\tinteger\tEmail opens in last 30 days\t0-30\nemail_opens_90d\tinteger\tEmail opens in last 90 days\t0-60\nemail_clicks_30d\tinteger\tEmail clicks in last 30 days\t0-20\nlast_email_open_days_ago\tinteger\tDays since last email open\t1-365\nemail_opt_out\tinteger\tEmail opt-out flag\t0 or 1\nsms_opt_in\tinteger\tSMS opt-in flag\t0 or 1\nhas_app\tinteger\tHas mobile app installed\t0 or 1\napp_sessions_30d\tinteger\tApp sessions in last 30 days\t0-50\npush_opt_in\tinteger\tPush notification opt-in\t0 or 1\npage_views_30d\tinteger\tPage views in last 30 days\t0-100\nsupport_tickets_90d\tinteger\tSupport tickets in last 90 days\t0-10\nengagement_score\tfloat\tComposite engagement score\t0.0-1.0"", ""sha256"": ""b41230fafffad2a0416e55a213f81fe9b33898641079bc9454d6f2501530f96e""}, {""locate_evidence"": ""quote and locator found"", ""located"": true, ""locator"": ""file"", ""path"": ""input/unified_profiles.parquet"", ""quote"": """", ""sha256"": ""eeab6b6ccae27e6f9bb1cf29b2e51b43443b98253d18bb47991ec536280dd297""}]",,,,,,,"The AUD-005 definition requires has_cart_abandonment, while that field is absent from both the data dictionary and the unified_profiles.parquet schema. Treating the absent field as false, null, or zero would be an invented rule.",,,[],"The AUD-005 definition requires has_cart_abandonment, while that field is absent from both the data dictionary and the unified_profiles.parquet schema. Treating the absent field as false, null, or zero would be an invented rule.",public solve-time truth is unavailable,"AUD-005 should have a reported overlap_count, but no exact public expected count can be derived.",null
verifier_v13_six_r1,business_finance__digital_marketing_audience_segmentation_1,verifier,0,error,7162521111639ca945e472b8bd251ab8368600a3fb1e2298bbb2cd534bc8ed0e,high_overlap_flag_semantics,False,False,unverifiable,"Each overlap row must contain flag_high_overlap, but the correct flag value cannot be determined from the public materials.",2,"[{""locate_evidence"": ""quote or locator not found"", ""located"": false, ""locator"": ""lines:31-31"", ""path"": ""task_prompt"", ""quote"": ""**`overlap_report.tsv`** \u2014 TSV with columns: existing_audience_id, existing_audience_name, overlap_count, overlap_pct, flag_high_overlap. One row per existing audience. overlap_pct = (overlap_count / total qualifying audience size) * 100."", ""sha256"": ""cf62e8268922bfeac0f6419a5b232b746da6ecda4429c369846d72063bd26cb1""}, {""locate_evidence"": ""quote and locator found"", ""located"": true, ""locator"": ""lines:1-7"", ""path"": ""input/existing_audiences.csv"", ""quote"": ""audience_id,name,definition,size\nAUD-001,High Value Californians,state = 'CA' AND ltv > 5000,342\nAUD-002,Lapsed Purchasers,recency_days > 90 AND total_purchases > 5,1876\nAUD-003,Email Engaged,email_opens_30d >= 3,2103\nAUD-004,App Power Users,app_sessions_30d > 10 AND has_app = 1,891\nAUD-005,Cart Abandoners,has_cart_abandonment = 1 AND recency_days < 7,623\nAUD-006,Platinum Loyalty,loyalty_tier = 'platinum',998"", ""sha256"": ""70357aaeb34468fb987dc9110817c48fa91773d3f456b033428b0147a7badf6c""}]",,,,,,,"The public task defines the column but provides no high-overlap threshold, comparison operator, or other rule mapping overlap_count or overlap_pct to the flag. Enforcing any particular values would add an unstated threshold.",,,[],"The public task defines the column but provides no high-overlap threshold, comparison operator, or other rule mapping overlap_count or overlap_pct to the flag. Enforcing any particular values would add an unstated threshold.",public solve-time truth is unavailable,"Each overlap row must contain flag_high_overlap, but the correct flag value cannot be determined from the public materials.",null
verifier_v13_six_r1,business_finance__digital_marketing_audience_segmentation_1,verifier,0,error,7162521111639ca945e472b8bd251ab8368600a3fb1e2298bbb2cd534bc8ed0e,created_date_factual_recency,False,False,unverifiable,"created_date is a date string; the structural checker verifies ISO date syntax, but cannot assert that it equals the actual wall-clock creation date.",1,"[{""locate_evidence"": ""quote and locator found"", ""located"": true, ""locator"": ""lines:18-21"", ""path"": ""task_prompt"", ""quote"": ""**`segment_definition.json`** \u2014 JSON object with keys:\n- `segment_name`: descriptive name\n- `created_date`: date string\n- `version`: version string"", ""sha256"": ""cf62e8268922bfeac0f6419a5b232b746da6ecda4429c369846d72063bd26cb1""}]",,,,,,,"No fixed creation date is provided publicly, and deterministic checkers are prohibited from using current time. Therefore factual recency or equality to the run date cannot be frozen soundly.",,,[],"No fixed creation date is provided publicly, and deterministic checkers are prohibited from using current time. Therefore factual recency or equality to the run date cannot be frozen soundly.",public solve-time truth is unavailable,"created_date is a date string; the structural checker verifies ISO date syntax, but cannot assert that it equals the actual wall-clock creation date.",null
verifier_v13_six_r1,business_finance__sse_northbound_programmatic_trading_01,prep_verifier,0,error,5bc2e20de7aab77f473164a87a45f3c72b4bea17d74cbcafffde31d1a04ac2e0,research_answers_contract,True,False,unverifiable,"The deliverable must be a parseable research_answers.json containing all three required question keys. Each question must contain conclusion, citation_document, evidence_snippet, and answer_text, and each conclusion must be Yes, No, or Unknown.",5,"[{""locate_evidence"": ""quote and locator found"", ""located"": true, ""locator"": ""/required_file"", ""path"": ""input/output_contract.json"", ""quote"": ""\""research_answers.json\"""", ""sha256"": ""1c67db889dd2a433993bfba00894ad063729c9762f1d1e50aaa36cbe0de9f873""}, {""locate_evidence"": ""quote and locator found"", ""located"": true, ""locator"": ""/required_top_level_keys"", ""path"": ""input/output_contract.json"", ""quote"": ""[\n    \""q1_multi_broker_reporting\"",\n    \""q2_hft_cost_calculation\"",\n    \""q3_software_naming\""\n  ]"", ""sha256"": ""1c67db889dd2a433993bfba00894ad063729c9762f1d1e50aaa36cbe0de9f873""}, {""locate_evidence"": ""quote and locator found"", ""located"": true, ""locator"": ""/required_fields_per_question"", ""path"": ""input/output_contract.json"", ""quote"": ""[\n    \""conclusion\"",\n    \""citation_document\"",\n    \""evidence_snippet\"",\n    \""answer_text\""\n  ]"", ""sha256"": ""1c67db889dd2a433993bfba00894ad063729c9762f1d1e50aaa36cbe0de9f873""}, {""locate_evidence"": ""quote and locator found"", ""located"": true, ""locator"": ""/allowed_conclusions"", ""path"": ""input/output_contract.json"", ""quote"": ""[\n    \""Yes\"",\n    \""No\"",\n    \""Unknown\""\n  ]"", ""sha256"": ""1c67db889dd2a433993bfba00894ad063729c9762f1d1e50aaa36cbe0de9f873""}, {""locate_evidence"": ""quote and locator found"", ""located"": true, ""locator"": ""lines:16-25"", ""path"": ""input/task_brief.md"", ""quote"": ""## Deliverable\n\nWrite exactly one JSON file to `output/research_answers.json`.\n\nFor each question, provide:\n\n- `conclusion`: exactly `Yes`, `No`, or `Unknown`\n- `citation_document`: exact Simplified Chinese document name\n- `evidence_snippet`: exact Simplified Chinese excerpt copied from the staged materials\n- `answer_text`: short English explanation"", ""sha256"": ""c0d60c4a2d12c905edd06cfb03fee1ca8b1a9e3c4f1a44f56564db59b0ece91f""}]",ambiguous,"input/task_brief.md requires exactly one JSON file at output/research_answers.json and, for each question, a conclusion from Yes/No/Unknown, an exact Simplified Chinese document name, an exact Simplified Chinese source excerpt, and a short English explanation. input/output_contract.json supplies the required filename, three top-level keys, four fields, and allowed conclusions, but it gives no mechanical definition of English or shortness. The candidate interpretation additionally rejects every answer_text containing any CJK character, which is not directly stated by the sources and could reject otherwise English prose containing a Chinese proper name or quoted term.",False,False,True,True,"Required keys and fields must all be present, though the public contract does not prohibit additional keys. Text fields must be non-empty strings. To enforce the expressly requested English answer_text without inventing a word limit, the checker requires at least one ASCII letter and rejects CJK characters, but applies no numerical definition of 'short.' The harness runs the staged checker with argv equivalent to [""python3"", ""research_answers_contract.py""].",public_recompute,"software/README.txt says no special software is required, and the public output contract can be checked deterministically with Python's JSON parser.","[""python3"", ""research_answers_contract.py""]","mechanical locators: input/output_contract.json /required_file: quote and locator found; input/output_contract.json /required_top_level_keys: quote and locator found; input/output_contract.json /required_fields_per_question: quote and locator found; input/output_contract.json /allowed_conclusions: quote and locator found; input/task_brief.md lines:16-25: quote and locator found; source audit: input/task_brief.md requires exactly one JSON file at output/research_answers.json and, for each question, a conclusion from Yes/No/Unknown, an exact Simplified Chinese document name, an exact Simplified Chinese source excerpt, and a short English explanation. input/output_contract.json supplies the required filename, three top-level keys, four fields, and allowed conclusions, but it gives no mechanical definition of English or shortness. The candidate interpretation additionally rejects every answer_text containing any CJK character, which is not directly stated by the sources and could reject otherwise English prose containing a Chinese proper name or quoted term.",source status: ambiguous,"research_answers.json exists, parses as a JSON object, has every contract-listed top-level key, and every required question object has all four non-empty fields with an allowed conclusion and an English answer_text.",null
verifier_v13_six_r1,business_finance__sse_northbound_programmatic_trading_01,prep_verifier,0,error,5bc2e20de7aab77f473164a87a45f3c72b4bea17d74cbcafffde31d1a04ac2e0,q1_multi_broker_reporting,True,False,error,"Answer whether leverage scale for three Northbound accounts under one LEI must be reported separately through each broker, with a permitted conclusion, the relied-on Simplified Chinese document name, an exact Simplified Chinese source excerpt, and an English explanation.",4,"[{""locate_evidence"": ""quote and locator found"", ""located"": true, ""locator"": ""/questions/0"", ""path"": ""input/question_set.json"", ""quote"": ""{\n      \""key\"": \""q1_multi_broker_reporting\"",\n      \""question\"": \""Does a Hong Kong investor with three Northbound accounts under one LEI need to report leverage scale separately through each broker?\"",\n      \""allowed_conclusions\"": [\n        \""Yes\"",\n        \""No\"",\n        \""Unknown\""\n      ]\n    }"", ""sha256"": ""95f0c98b68c9bca2a4a117992b5cc881e501f73e24fa672da48ccf71c1482476""}, {""locate_evidence"": ""quote and locator found"", ""located"": true, ""locator"": ""lines:14-16"", ""path"": ""input/extracted_text/1-2_\u586b\u62a5\u8bf4\u660e.txt"", ""quote"": ""\u6caa\u80a1\u901a\u7a0b\u5e8f\u5316\u4ea4\u6613\u6295\u8d44\u8005\u62a5\u544a\u5355\u4f4d\n\u6caa\u80a1\u901a\u7a0b\u5e8f\u5316\u4ea4\u6613\u6295\u8d44\u8005\u4ee5\u5317\u5411\u4ea4\u6613\u6295\u8d44\u8005\u8bc6\u522b\u7801\uff08BCAN\u7801\uff0c\u4ee5\u4e0b\u7b80\u79f0\u8d26\u6237\uff09\u4e3a\u5355\u4f4d\u8fdb\u884c\u62a5\u544a\uff0c\u539f\u5219\u4e0a\u6bcf\u4e2a\u8d26\u6237\u62a5\u544a\u4e00\u6761\u4fe1\u606f\u3002\u6240\u6709\u5f00\u7acb\u8d26\u6237\u7684\u6295\u8d44\u8005\uff0c\u5305\u62ec\u4f46\u4e0d\u9650\u4e8e\u8054\u4ea4\u6240\u53c2\u4e0e\u8005\uff08\u542b\u8054\u5c5e\u516c\u53f8\uff09\u53ca\u5176\u5ba2\u6237\uff0c\u5bf9\u4e8e\u7b26\u5408\u76f8\u5173\u8981\u6c42\u7684\u8d26\u6237\u5747\u987b\u5c65\u884c\u62a5\u544a\u4e49\u52a1\u3002\u6295\u8d44\u8005\u5728\u4e0d\u540c\u8054\u4ea4\u6240\u53c2\u4e0e\u8005\u5f00\u7acb\u591a\u4e2a\u8d26\u6237\uff0c\u5e94\u5f53\u901a\u8fc7\u5bf9\u5e94\u8054\u4ea4\u6240\u53c2\u4e0e\u8005\u5206\u522b\u62a5\u544a\u3002\n\u5728\u591a\u5bb6\u8054\u4ea4\u6240\u53c2\u4e0e\u8005\u5f00\u7acb\u8d26\u6237\uff08\u542b\u673a\u6784\u7ba1\u7406\u4eba\u8d26\u6237\u3001\u7ba1\u7406\u4eba\u65d7\u4e0b\u7684\u4ea7\u54c1\u8d26\u6237\uff09\u7684\u673a\u6784\u6295\u8d44\u8005\uff0c\u5bf9\u4e8e\u4ee5\u540c\u4e00\u8bc1\u4ef6\u53f7\u7801\u5f00\u7acb\u7684\u8d26\u6237\uff0c\u53ef\u4ee5\u9009\u53d6\u4e00\u5bb6\u8054\u4ea4\u6240\u53c2\u4e0e\u8005\u5e76\u6309\u673a\u6784\u7ef4\u5ea6\uff08\u540c\u4e00\u8bc1\u4ef6\u53f7\u7801\u4e0b\u5f00\u7acb\u7684\u8d26\u6237\u5408\u8ba1\uff09\u586b\u5199\u8d26\u6237\u8d44\u91d1\u4fe1\u606f\u76f8\u5173\u5b57\u6bb5\uff08\u5305\u62ec\u8d26\u6237\u8d44\u91d1\u89c4\u6a21\u3001\u8d26\u6237\u8d44\u91d1\u6765\u6e90\u3001\u5176\u4ed6\u8d44\u91d1\u6765\u6e90\u63cf\u8ff0\u3001\u8d44\u91d1\u6765\u6e90\u5360\u6bd4\u3001\u6760\u6746\u8d44\u91d1\u89c4\u6a21\u3001\u6760\u6746\u8d44\u91d1\u6765\u6e90\u3001\u5176\u4ed6\u6760\u6746\u8d44\u91d1\u6765\u6e90\u63cf\u8ff0\u3001\u6760\u6746\u7387\uff09\u3002\u5176\u4ee5\u540c\u4e00\u8bc1\u4ef6\u53f7\u7801\u5728\u5176\u4ed6\u8054\u4ea4\u6240\u53c2\u4e0e\u8005\u5f00\u7acb\u7684\u8d26\u6237\uff0c\u4e0d\u518d\u91cd\u590d\u586b\u5199\u4e0a\u8ff0\u4fe1\u606f\uff0c\u5e76\u5728\u76f8\u5e94\u5b57\u6bb5\u586b\u5199\u201c\u5df2\u5728\u5176\u4ed6\u8054\u4ea4\u6240\u53c2\u4e0e\u8005\u62a5\u544a\u201d\uff0c\u4e0a\u8ff0\u5b57\u6bb5\u4ee5\u5916\u7684\u5176\u4ed6\u5b57\u6bb5\u4ecd\u987b\u6309\u7167\u8981\u6c42\u586b\u5199\u3002"", ""sha256"": ""66b4ac87a58daaf0469b82dc9d61c2b29c47981e3accc89953f1125aef020d46""}, {""locate_evidence"": ""quote and locator found"", ""located"": true, ""locator"": ""lines:28-29"", ""path"": ""input/extracted_text/1-2_\u586b\u62a5\u8bf4\u660e.txt"", ""quote"": ""\u201c\u8bc1\u4ef6\u53f7\u7801\u201d\u586b\u62a5\u8981\u6c42\n\u586b\u5199\u6295\u8d44\u8005\u767b\u8bb0\u5238\u5546\u5ba2\u6237\u7f16\u7801\u65f6\u7684\u8bc1\u4ef6\u53f7\u7801\uff0c\u4f8b\u5982\u673a\u6784\u6295\u8d44\u8005\u586b\u5199LEI\u7801\u3002\u8be5\u5b57\u6bb5\u586b\u5199\u76f8\u540c\u8bc1\u4ef6\u53f7\u7801\u7684\u673a\u6784\u8d26\u6237\uff0c\u53ef\u4ee5\u9002\u7528\u586b\u62a5\u8bf4\u660e\u7b2c\u4e8c\u6761\u7b2c\u4e8c\u6b3e\u89c4\u5b9a\uff0c\u9009\u53d6\u4e00\u5bb6\u8054\u4ea4\u6240\u53c2\u4e0e\u8005\u96c6\u4e2d\u586b\u62a5\u8d44\u91d1\u4fe1\u606f\u3002"", ""sha256"": ""66b4ac87a58daaf0469b82dc9d61c2b29c47981e3accc89953f1125aef020d46""}, {""locate_evidence"": ""quote and locator found"", ""located"": true, ""locator"": ""/1/citation_aliases"", ""path"": ""input/document_manifest.json"", ""quote"": ""[\n      \""\u300a\u4e0a\u6d77\u8bc1\u5238\u4ea4\u6613\u6240\u6caa\u80a1\u901a\u6295\u8d44\u8005\u7a0b\u5e8f\u5316\u4ea4\u6613\u4fe1\u606f\u62a5\u544a\u8868\u300b\u586b\u62a5\u8bf4\u660e\"",\n      \""1-2\uff1a\u300a\u4e0a\u6d77\u8bc1\u5238\u4ea4\u6613\u6240\u6caa\u80a1\u901a\u6295\u8d44\u8005\u7a0b\u5e8f\u5316\u4ea4\u6613\u4fe1\u606f\u62a5\u544a\u8868\u300b\u586b\u62a5\u8bf4\u660e\""\n    ]"", ""sha256"": ""6adc29244619a761e13670595e130100b7a9bae8d3e9328e97027c9fa89e3e81""}]",supported,"input/question_set.json asks whether three Northbound accounts under one LEI must report leverage scale separately through each broker. input/extracted_text/1-2_填报说明.txt states that accounts opened under the same certificate number may select one Stock Exchange Participant to report institution-level aggregated funding fields, expressly including '杠杆资金规模', while the other accounts '不再重复填写上述信息'. The same extract states that an institutional investor's certificate number may be its LEI and that accounts with the same certificate number may use this centralized reporting rule. This directly supports conclusion No, and input/document_manifest.json identifies doc_02 and its two accepted Simplified Chinese citation aliases.",True,False,True,True,"Although accounts generally report through their corresponding brokers, the specific same-certificate-number institutional-account rule applies to an LEI and permits one participant to report the aggregated funding fields, expressly including leverage scale. The other accounts do not repeat those fields. Therefore the answer to whether leverage scale must be separately reported through every broker is No.",public_recompute,"The conclusion follows directly from the same-LEI centralized-funding exception in the staged filling instructions. Python can validate the conclusion, manifest-backed document name, and exact substring evidence without external knowledge.","[""python3"", ""q1_multi_broker_reporting.py""]","checker audit: checks/q1_multi_broker_reporting.py fixes conclusion='No', restricts citation_document to doc_02 aliases, and requires evidence_snippet to be any non-empty contiguous substring of doc_02 containing at least one CJK character. It does not require the snippet to mention the same-LEI rule, centralized reporting, leverage scale, or non-duplication; an unrelated one-character Chinese substring from doc_02 passes. Its answer_text check only requires a non-empty string with an ASCII letter and no CJK character, so a contradictory or irrelevant English sentence also passes. Thus it checks the conclusion and document provenance but not whether the submitted evidence and explanation actually support the required answer. The public_recompute execution mode is accurate.; fixture preflight: environment: isolated Python probe passed; valid fixture: command: python3 q1_multi_broker_reporting.py; consecutive_runs: 2 identical; stderr: <empty>; {""accepted_document_names"":[""\u300a\u4e0a\u6d77\u8bc1\u5238\u4ea4\u6613\u6240\u6caa\u80a1\u901a\u6295\u8d44\u8005\u7a0b\u5e8f\u5316\u4ea4\u6613\u4fe1\u606f\u62a5\u544a\u8868\u300b\u586b\u62a5\u8bf4\u660e"",""1-2\uff1a\u300a\u4e0a\u6d77\u8bc1\u5238\u4ea4\u6613\u6240\u6caa\u80a1\u901a\u6295\u8d44\u8005\u7a0b\u5e8f\u5316\u4ea4\u6613\u4fe1\u606f\u62a5\u544a\u8868\u300b\u586b\u62a5\u8bf4\u660e""],""source_extract"":""/media/user/data/agenthle/business_finance/sse_northbound_programmatic_trading_01/base/input/extracted_text/1-2_\u586b\u62a5\u8bf4\u660e.txt""}; invalid fixture: command: python3 q1_multi_broker_reporting.py; consecutive_runs: 2 identical; stderr: <empty>; {""accepted_document_names"":[""\u300a\u4e0a\u6d77\u8bc1\u5238\u4ea4\u6613\u6240\u6caa\u80a1\u901a\u6295\u8d44\u8005\u7a0b\u5e8f\u5316\u4ea4\u6613\u4fe1\u606f\u62a5\u544a\u8868\u300b\u586b\u62a5\u8bf4\u660e"",""1-2\uff1a\u300a\u4e0a\u6d77\u8bc1\u5238\u4ea4\u6613\u6240\u6caa\u80a1\u901a\u6295\u8d44\u8005\u7a0b\u5e8f\u5316\u4ea4\u6613\u4fe1\u606f\u62a5\u544a\u8868\u300b\u586b\u62a5\u8bf4\u660e""],""source_extract"":""/media/user/data/agenthle/business_finance/sse_northbound_programmatic_trading_01/base/input/extracted_text/1-2_\u586b\u62a5\u8bf4\u660e.txt""}",checker did not pass its pre-freeze gate,"q1_multi_broker_reporting has conclusion ""No""; citation_document is one of the manifest aliases for doc_02; evidence_snippet is a non-empty contiguous Simplified Chinese excerpt from doc_02's staged extract; and answer_text is a non-empty English explanation.",null
verifier_v13_six_r1,business_finance__sse_northbound_programmatic_trading_01,prep_verifier,0,error,5bc2e20de7aab77f473164a87a45f3c72b4bea17d74cbcafffde31d1a04ac2e0,q2_hft_cost_calculation,True,False,unverifiable,"Answer what specific numerical flow-fee and cancellation-fee amounts the provided rules give for a high-frequency team above 20,000 daily orders.",4,"[{""locate_evidence"": ""quote and locator found"", ""located"": true, ""locator"": ""/questions/1"", ""path"": ""input/question_set.json"", ""quote"": ""{\n      \""key\"": \""q2_hft_cost_calculation\"",\n      \""question\"": \""For a high-frequency trading team with more than 20,000 daily orders, what are the specific numerical amounts of the flow fee and cancellation fee in the provided rules?\"",\n      \""allowed_conclusions\"": [\n        \""Yes\"",\n        \""No\"",\n        \""Unknown\""\n      ]\n    }"", ""sha256"": ""95f0c98b68c9bca2a4a117992b5cc881e501f73e24fa672da48ccf71c1482476""}, {""locate_evidence"": ""quote and locator found"", ""located"": true, ""locator"": ""lines:112-116"", ""path"": ""input/extracted_text/\u7a0b\u5e8f\u5316\u4ea4\u6613\u7ba1\u7406\u5b9e\u65bd\u7ec6\u5219.txt"", ""quote"": ""\u7b2c\u4e09\u5341\u4e94\u6761 \u672c\u6240\u5bf9\u9ad8\u9891\u4ea4\u6613\u5b9e\u65bd\u91cd\u70b9\u76d1\u7ba1\u3002\u6295\u8d44\u8005\u8fdb\u884c\u9ad8\u9891\u4ea4\u6613\u53d1\u751f\u5f02\u5e38\u4ea4\u6613\u884c\u4e3a\u7684\uff0c\u672c\u6240\u53ef\u4ee5\u6309\u89c4\u5b9a\u4ece\u4e25\u4ece\u91cd\u91c7\u53d6\u81ea\u5f8b\u7ba1\u7406\u63aa\u65bd\uff0c\u5e76\u8981\u6c42\u4f1a\u5458\u52a0\u5f3a\u76f8\u5173\u5ba2\u6237\u4ea4\u6613\u884c\u4e3a\u7ba1\u7406\u3002\n\u7b2c\u4e09\u5341\u516d\u6761 \u4f1a\u5458\u5e94\u5f53\u52a0\u5f3a\u5bf9\u9ad8\u9891\u4ea4\u6613\u7684\u5b9e\u65f6\u76d1\u63a7\u3002\u6295\u8d44\u8005\u8fdb\u884c\u9ad8\u9891\u4ea4\u6613\u53ef\u80fd\u51fa\u73b0\u672c\u7ec6\u5219\u7b2c\u5341\u516b\u6761\u89c4\u5b9a\u7684\u5f02\u5e38\u4ea4\u6613\u884c\u4e3a\u7684\uff0c\u4f1a\u5458\u5e94\u5f53\u6309\u7167\u59d4\u6258\u534f\u8bae\u7b49\u7ea6\u5b9a\u7acb\u5373\u91c7\u53d6\u6709\u6548\u63a7\u5236\u53ca\u5904\u7f6e\u63aa\u65bd\uff0c\u907f\u514d\u5f71\u54cd\u672c\u6240\u7cfb\u7edf\u5b89\u5168\u6216\u8005\u6b63\u5e38\u4ea4\u6613\u79e9\u5e8f\u3002\n\u4f7f\u7528\u4ea4\u6613\u5355\u5143\u7684\u5176\u4ed6\u673a\u6784\u5e94\u5f53\u8bc6\u522b\u81ea\u8eab\u5b58\u5728\u9ad8\u9891\u4ea4\u6613\u60c5\u5f62\u7684\u8d26\u6237\uff0c\u5e76\u8fdb\u884c\u4e25\u683c\u7ba1\u7406\u3002\n\u7b2c\u4e09\u5341\u4e03\u6761 \u672c\u6240\u53ef\u4ee5\u5bf9\u9ad8\u9891\u4ea4\u6613\u5b9e\u65bd\u5dee\u5f02\u5316\u6536\u8d39\uff0c\u6839\u636e\u7533\u62a5\u3001\u64a4\u5355\u7684\u7b14\u6570\u548c\u9891\u7387\u7b49\u6307\u6807\u8bbe\u7f6e\u6536\u8d39\u6807\u51c6\uff0c\u52a0\u6536\u6d41\u91cf\u8d39\u548c\u64a4\u5355\u8d39\u7b49\u8d39\u7528\u3002\u5177\u4f53\u6536\u8d39\u6807\u51c6\u7531\u672c\u6240\u53e6\u884c\u89c4\u5b9a\u3002\n\u4f1a\u5458\u5e94\u5f53\u52a0\u5f3a\u6536\u8d39\u7ba1\u7406\uff0c\u786e\u4fdd\u5dee\u5f02\u5316\u8d39\u7528\u6210\u672c\u7531\u5b58\u5728\u9ad8\u9891\u4ea4\u6613\u7684\u6295\u8d44\u8005\u627f\u62c5\u3002"", ""sha256"": ""46d3b5beaf2eb6334ded0cfd02be87fc3c8b165076faee785fc2d3c019bf332c""}, {""locate_evidence"": ""quote and locator found"", ""located"": true, ""locator"": ""lines:108-114"", ""path"": ""input/extracted_text/1-2_\u586b\u62a5\u8bf4\u660e.txt"", ""quote"": ""\u6295\u8d44\u8005\u5df2\u7ecf\u8fbe\u5230\u6216\u8005\u6839\u636e\u7b56\u7565\u7c7b\u578b\u548c\u7cfb\u7edf\u60c5\u51b5\u7efc\u5408\u9884\u5224\u53ef\u80fd\u8fbe\u5230\u7684\u5355\u65e5\u6700\u9ad8\u7533\u62a5\u7b14\u6570\u6240\u5728\u533a\u95f4\uff0c\u5728\u4e0b\u5217\u533a\u95f4\u9009\u62e91\u9879\uff1a\n\uff08\u4e00\uff0925000\u7b14\u53ca\u4ee5\u4e0a;\n\uff08\u4e8c\uff0920000\u7b14\u81f324999\u7b14;\n\uff08\u4e09\uff0915000\u7b14\u81f319999\u7b14;\n\uff08\u56db\uff0910000\u7b14\u81f314999\u7b14;\n\uff08\u4e94\uff0910000\u7b14\u4ee5\u4e0b\u3002\n\u5982\u9009\u62e9\u7b2c\u4e00\u9879\u6216\u8005\u7b2c\u4e8c\u9879\u4e14\u4e0d\u7b26\u5408\u300a\u6307\u5f15\u300b\u7b2c\u4e03\u6761\u89c4\u5b9a\u7684\u8c41\u514d\u60c5\u5f62\uff0c\u987b\u586b\u5199\u201c\u9ad8\u9891\u4ea4\u6613\u7cfb\u7edf\u670d\u52a1\u5668\u6240\u5728\u5730\u201d\uff0c\u5e76\u4e0a\u4f20\u9ad8\u9891\u4ea4\u6613\u7cfb\u7edf\u6d4b\u8bd5\u62a5\u544a\u548c\u9ad8\u9891\u4ea4\u6613\u7cfb\u7edf\u53d1\u751f\u6545\u969c\u65f6\u7684\u5e94\u6025\u65b9\u6848\u3002"", ""sha256"": ""66b4ac87a58daaf0469b82dc9d61c2b29c47981e3accc89953f1125aef020d46""}, {""locate_evidence"": ""quote and locator found"", ""located"": true, ""locator"": ""/7/citation_aliases"", ""path"": ""input/document_manifest.json"", ""quote"": ""[\n      \""\u4e0a\u6d77\u8bc1\u5238\u4ea4\u6613\u6240\u7a0b\u5e8f\u5316\u4ea4\u6613\u7ba1\u7406\u5b9e\u65bd\u7ec6\u5219\""\n    ]"", ""sha256"": ""6adc29244619a761e13670595e130100b7a9bae8d3e9328e97027c9fa89e3e81""}]",ambiguous,"input/question_set.json phrases the inquiry as an open question asking 'what are the specific numerical amounts' while requiring a conclusion selected from Yes, No, or Unknown; it does not define how those labels map to that open-form question. input/extracted_text/程序化交易管理实施细则.txt states that flow and cancellation fees may be imposed but '具体收费标准由本所另行规定', and no numerical fee amount appears in the located staged fee provision. This directly establishes that the provided rule does not state the amounts, but the sources do not uniquely entail the candidate's label Unknown rather than No when the public task frames the issue as whether the rules provide numerical amounts.",False,False,True,True,"The staged filling instructions identify 20,000-and-above order bands, but the fee rule only authorizes differentiated flow and cancellation fees and says the concrete standards will be prescribed separately. No numerical fee amounts are supplied by the cited rule, so the requested amounts are Unknown from the staged materials.",public_recompute,"The staged rule expressly defers concrete fee standards. The checker deterministically validates the resulting Unknown conclusion, the manifest-backed citation name, and exact source-substring evidence.","[""python3"", ""q2_hft_cost_calculation.py""]","mechanical locators: input/question_set.json /questions/1: quote and locator found; input/extracted_text/程序化交易管理实施细则.txt lines:112-116: quote and locator found; input/extracted_text/1-2_填报说明.txt lines:108-114: quote and locator found; input/document_manifest.json /7/citation_aliases: quote and locator found; source audit: input/question_set.json phrases the inquiry as an open question asking 'what are the specific numerical amounts' while requiring a conclusion selected from Yes, No, or Unknown; it does not define how those labels map to that open-form question. input/extracted_text/程序化交易管理实施细则.txt states that flow and cancellation fees may be imposed but '具体收费标准由本所另行规定', and no numerical fee amount appears in the located staged fee provision. This directly establishes that the provided rule does not state the amounts, but the sources do not uniquely entail the candidate's label Unknown rather than No when the public task frames the issue as whether the rules provide numerical amounts.",source status: ambiguous,"q2_hft_cost_calculation has conclusion ""Unknown""; citation_document is the manifest alias for doc_08; evidence_snippet is a non-empty contiguous Simplified Chinese excerpt from doc_08's staged extract; and answer_text is a non-empty English explanation that the staged rule does not provide the numerical amounts.",null
verifier_v13_six_r1,business_finance__sse_northbound_programmatic_trading_01,prep_verifier,0,error,5bc2e20de7aab77f473164a87a45f3c72b4bea17d74cbcafffde31d1a04ac2e0,q3_software_naming,True,False,error,Answer whether a French company may report a home-grown software name using only its original foreign-language name when no Chinese name exists.,4,"[{""locate_evidence"": ""quote and locator found"", ""located"": true, ""locator"": ""/questions/2"", ""path"": ""input/question_set.json"", ""quote"": ""{\n      \""key\"": \""q3_software_naming\"",\n      \""question\"": \""If a French company uses home-grown software with no Chinese name, can it report using only the original foreign-language name?\"",\n      \""allowed_conclusions\"": [\n        \""Yes\"",\n        \""No\"",\n        \""Unknown\""\n      ]\n    }"", ""sha256"": ""95f0c98b68c9bca2a4a117992b5cc881e501f73e24fa672da48ccf71c1482476""}, {""locate_evidence"": ""quote and locator found"", ""located"": true, ""locator"": ""lines:36-37"", ""path"": ""input/extracted_text/1-3_\u586b\u62a5\u6ce8\u610f\u4e8b\u9879.txt"", ""quote"": ""\u4e8c\u3001\u7a0b\u5e8f\u5316\u4ea4\u6613\u62a5\u544a\u8bed\u8a00\u8981\u6c42\n\u5bf9\u4e8e\u63cf\u8ff0\u7c7b\u5b57\u6bb5\uff08\u5176\u4ed6\u8d44\u91d1\u6765\u6e90\u63cf\u8ff0\u3001\u5176\u4ed6\u6760\u6746\u8d44\u91d1\u6765\u6e90\u63cf\u8ff0\u3001\u4e3b\u7b56\u7565\u6982\u8ff0\u3001\u8f85\u7b56\u7565\u6982\u8ff0\u3001\u6307\u4ee4\u6267\u884c\u65b9\u5f0f\u6982\u8ff0\u7b49\uff09\u4ee5\u53ca\u9ad8\u9891\u4ea4\u6613\u7cfb\u7edf\u6d4b\u8bd5\u62a5\u544a\u53ca\u6545\u969c\u5e94\u6025\u65b9\u6848\uff0c\u586b\u62a5\u8bed\u8a00\u539f\u5219\u4e0a\u4e3a\u7b80\u4f53\u4e2d\u6587\u3002\u5bf9\u4e8e\u4e2a\u522b\u96be\u4ee5\u786e\u5b9a\u7edf\u4e00\u4e2d\u6587\u8868\u8ff0\u7684\u5b57\u6bb5\uff0c\u4f8b\u5982\u8054\u4ea4\u6240\u53c2\u4e0e\u8005\u540d\u79f0\u3001\u8d26\u6237\u540d\u79f0\u3001\u7a0b\u5e8f\u5316\u4ea4\u6613\u8f6f\u4ef6\u540d\u79f0\u7b49\uff0c\u53ef\u4ee5\u586b\u5199\u82f1\u6587\u3002"", ""sha256"": ""7a3ff27687a5ea18bdd171e2b5bc23d76888deb5af8ce3910c0eac82e8e405b5""}, {""locate_evidence"": ""quote and locator found"", ""located"": true, ""locator"": ""lines:116-119"", ""path"": ""input/extracted_text/1-2_\u586b\u62a5\u8bf4\u660e.txt"", ""quote"": ""\u201c\u7a0b\u5e8f\u5316\u4ea4\u6613\u8f6f\u4ef6\u540d\u79f0\u53ca\u7248\u672c\u53f7\u201d\u586b\u62a5\u8981\u6c42\n\u586b\u5199\u7a0b\u5e8f\u5316\u4ea4\u6613\u8f6f\u4ef6\u5168\u79f0\uff0c\u6d89\u53ca\u591a\u4e2a\u8f6f\u4ef6\u7684\uff0c\u7528\u201c;\u201d\uff08\u82f1\u6587\u5206\u53f7\uff09\u5206\u9694\u3002\n\u201c\u7a0b\u5e8f\u5316\u4ea4\u6613\u8f6f\u4ef6\u5f00\u53d1\u4e3b\u4f53\u201d\u586b\u62a5\u8981\u6c42\n\u586b\u5199\u7a0b\u5e8f\u5316\u4ea4\u6613\u8f6f\u4ef6\u5f00\u53d1\u4e3b\u4f53\u5168\u79f0\uff0c\u6d89\u53ca\u591a\u4e2a\u4e3b\u4f53\u7684\uff0c\u7528\u201c;\u201d\uff08\u82f1\u6587\u5206\u53f7\uff09\u5206\u9694\u3002"", ""sha256"": ""66b4ac87a58daaf0469b82dc9d61c2b29c47981e3accc89953f1125aef020d46""}, {""locate_evidence"": ""quote and locator found"", ""located"": true, ""locator"": ""/2/citation_aliases"", ""path"": ""input/document_manifest.json"", ""quote"": ""[\n      \""\u4e0a\u6d77\u8bc1\u5238\u4ea4\u6613\u6240\u6caa\u80a1\u901a\u6295\u8d44\u8005\u7a0b\u5e8f\u5316\u4ea4\u6613\u62a5\u544a\u4fe1\u606f\u586b\u62a5\u6ce8\u610f\u4e8b\u9879\"",\n      \""1-3\uff1a\u4e0a\u6d77\u8bc1\u5238\u4ea4\u6613\u6240\u6caa\u80a1\u901a\u6295\u8d44\u8005\u7a0b\u5e8f\u5316\u4ea4\u6613\u62a5\u544a\u4fe1\u606f\u586b\u62a5\u6ce8\u610f\u4e8b\u9879\""\n    ]"", ""sha256"": ""6adc29244619a761e13670595e130100b7a9bae8d3e9328e97027c9fa89e3e81""}]",supported,"input/question_set.json asks whether a French company with software having no Chinese name may report only the original foreign-language name. input/extracted_text/1-3_填报注意事项.txt says reporting is principally in Simplified Chinese and that fields difficult to express uniformly in Chinese, including programmatic-trading software names, '可以填写英文'. The text authorizes English specifically, not an arbitrary original foreign language such as French. input/document_manifest.json supplies the two citation aliases for doc_03. On that stated scenario, the supported conclusion is No.",True,False,True,True,"The staged language rule creates an exception for software-name fields, but expressly says they may be completed in English. It does not authorize an arbitrary original foreign language such as French. Therefore reporting only the original French-language name is not permitted by the staged wording, and the conclusion is No.",public_recompute,"The staged reporting-language instruction directly identifies English, rather than arbitrary foreign languages, as the permitted non-Chinese entry for software names. The checker validates the derived conclusion, manifest alias, and exact source excerpt.","[""python3"", ""q3_software_naming.py""]","checker audit: checks/q3_software_naming.py fixes conclusion='No' and checks that citation_document is a doc_03 alias, but evidence_snippet may be any non-empty CJK-containing contiguous substring of doc_03; it need not contain or establish the English-only permission. The answer_text validation only checks for an ASCII letter and absence of CJK, so an irrelevant or contradictory English statement can pass. Therefore the checker validates the expected label and broad document provenance but not the required evidentiary relationship or substantive explanation. Its execution_mode='public_recompute' is accurate.; fixture preflight: environment: isolated Python probe passed; valid fixture: command: python3 q3_software_naming.py; consecutive_runs: 2 identical; stderr: <empty>; {""accepted_document_names"":[""\u4e0a\u6d77\u8bc1\u5238\u4ea4\u6613\u6240\u6caa\u80a1\u901a\u6295\u8d44\u8005\u7a0b\u5e8f\u5316\u4ea4\u6613\u62a5\u544a\u4fe1\u606f\u586b\u62a5\u6ce8\u610f\u4e8b\u9879"",""1-3\uff1a\u4e0a\u6d77\u8bc1\u5238\u4ea4\u6613\u6240\u6caa\u80a1\u901a\u6295\u8d44\u8005\u7a0b\u5e8f\u5316\u4ea4\u6613\u62a5\u544a\u4fe1\u606f\u586b\u62a5\u6ce8\u610f\u4e8b\u9879""],""source_extract"":""/media/user/data/agenthle/business_finance/sse_northbound_programmatic_trading_01/base/input/extracted_text/1-3_\u586b\u62a5\u6ce8\u610f\u4e8b\u9879.txt""}; invalid fixture: command: python3 q3_software_naming.py; consecutive_runs: 2 identical; stderr: <empty>; {""accepted_document_names"":[""\u4e0a\u6d77\u8bc1\u5238\u4ea4\u6613\u6240\u6caa\u80a1\u901a\u6295\u8d44\u8005\u7a0b\u5e8f\u5316\u4ea4\u6613\u62a5\u544a\u4fe1\u606f\u586b\u62a5\u6ce8\u610f\u4e8b\u9879"",""1-3\uff1a\u4e0a\u6d77\u8bc1\u5238\u4ea4\u6613\u6240\u6caa\u80a1\u901a\u6295\u8d44\u8005\u7a0b\u5e8f\u5316\u4ea4\u6613\u62a5\u544a\u4fe1\u606f\u586b\u62a5\u6ce8\u610f\u4e8b\u9879""],""source_extract"":""/media/user/data/agenthle/business_finance/sse_northbound_programmatic_trading_01/base/input/extracted_text/1-3_\u586b\u62a5\u6ce8\u610f\u4e8b\u9879.txt""}",checker did not pass its pre-freeze gate,"q3_software_naming has conclusion ""No""; citation_document is one of the manifest aliases for doc_03; evidence_snippet is a non-empty contiguous Simplified Chinese excerpt from doc_03's staged extract; and answer_text is a non-empty English explanation.",null
verifier_v13_six_r1,business_finance__sse_northbound_programmatic_trading_01,prep_verifier,0,error,5bc2e20de7aab77f473164a87a45f3c72b4bea17d74cbcafffde31d1a04ac2e0,answer_text_shortness,False,False,unverifiable,Each answer_text is a short English explanation.,1,"[{""locate_evidence"": ""quote and locator found"", ""located"": true, ""locator"": ""lines:20-25"", ""path"": ""input/task_brief.md"", ""quote"": ""For each question, provide:\n\n- `conclusion`: exactly `Yes`, `No`, or `Unknown`\n- `citation_document`: exact Simplified Chinese document name\n- `evidence_snippet`: exact Simplified Chinese excerpt copied from the staged materials\n- `answer_text`: short English explanation"", ""sha256"": ""c0d60c4a2d12c905edd06cfb03fee1ca8b1a9e3c4f1a44f56564db59b0ece91f""}]",,,,,,,"The public materials provide no numerical word, character, sentence, or token limit for 'short.' The tests verify non-empty English text but do not invent a length threshold.",,,[],"The public materials provide no numerical word, character, sentence, or token limit for 'short.' The tests verify non-empty English text but do not invent a length threshold.",public solve-time truth is unavailable,Each answer_text is a short English explanation.,null
verifier_v13_six_r1,business_finance__sse_northbound_programmatic_trading_01,prep_verifier,0,error,5bc2e20de7aab77f473164a87a45f3c72b4bea17d74cbcafffde31d1a04ac2e0,closed_book_provenance,False,False,unverifiable,The Writer uses only staged input materials and no external search or regulatory knowledge.,1,"[{""locate_evidence"": ""quote and locator found"", ""located"": true, ""locator"": ""lines:3-8"", ""path"": ""input/task_brief.md"", ""quote"": ""You are acting as a regulatory consultant. Use only the staged Shanghai Stock Exchange documents.\n\n## Closed-Book Rule\n\n- Use only the files staged under `input/`.\n- Do not use external web search or outside regulatory knowledge."", ""sha256"": ""c0d60c4a2d12c905edd06cfb03fee1ca8b1a9e3c4f1a44f56564db59b0ece91f""}]",,,,,,,"A frozen output-only checker cannot prove the Writer's research process or exclude unseen external influence. Citation names, snippets, and conclusions are instead checked against the staged public materials.",,,[],"A frozen output-only checker cannot prove the Writer's research process or exclude unseen external influence. Citation names, snippets, and conclusions are instead checked against the staged public materials.",public solve-time truth is unavailable,The Writer uses only staged input materials and no external search or regulatory knowledge.,null
verifier_v13_six_r1,business_finance__sse_northbound_programmatic_trading_01,verifier,0,error,3ea887adf0ed2775a3e05a847a3c4971486457211c692193e5d58a90914c0d20,deliverable_contract,True,False,error,"The output must consist of exactly one JSON file named research_answers.json. It must contain all three required question keys, and every question object must contain conclusion, citation_document, evidence_snippet, and answer_text. Conclusions must be Yes, No, or Unknown.",5,"[{""locate_evidence"": ""quote and locator found"", ""located"": true, ""locator"": ""lines:16-25"", ""path"": ""input/task_brief.md"", ""quote"": ""## Deliverable\n\nWrite exactly one JSON file to `output/research_answers.json`.\n\nFor each question, provide:\n\n- `conclusion`: exactly `Yes`, `No`, or `Unknown`\n- `citation_document`: exact Simplified Chinese document name\n- `evidence_snippet`: exact Simplified Chinese excerpt copied from the staged materials\n- `answer_text`: short English explanation"", ""sha256"": ""c0d60c4a2d12c905edd06cfb03fee1ca8b1a9e3c4f1a44f56564db59b0ece91f""}, {""locate_evidence"": ""quote and locator found"", ""located"": true, ""locator"": ""/required_file"", ""path"": ""input/output_contract.json"", ""quote"": ""\""research_answers.json\"""", ""sha256"": ""1c67db889dd2a433993bfba00894ad063729c9762f1d1e50aaa36cbe0de9f873""}, {""locate_evidence"": ""quote and locator found"", ""located"": true, ""locator"": ""/required_top_level_keys"", ""path"": ""input/output_contract.json"", ""quote"": ""[\""q1_multi_broker_reporting\"",\""q2_hft_cost_calculation\"",\""q3_software_naming\""]"", ""sha256"": ""1c67db889dd2a433993bfba00894ad063729c9762f1d1e50aaa36cbe0de9f873""}, {""locate_evidence"": ""quote and locator found"", ""located"": true, ""locator"": ""/required_fields_per_question"", ""path"": ""input/output_contract.json"", ""quote"": ""[\""conclusion\"",\""citation_document\"",\""evidence_snippet\"",\""answer_text\""]"", ""sha256"": ""1c67db889dd2a433993bfba00894ad063729c9762f1d1e50aaa36cbe0de9f873""}, {""locate_evidence"": ""quote and locator found"", ""located"": true, ""locator"": ""/allowed_conclusions"", ""path"": ""input/output_contract.json"", ""quote"": ""[\""Yes\"",\""No\"",\""Unknown\""]"", ""sha256"": ""1c67db889dd2a433993bfba00894ad063729c9762f1d1e50aaa36cbe0de9f873""}]",supported,"input/task_brief.md requires exactly one JSON file at output/research_answers.json and, for each question, the fields conclusion, citation_document, evidence_snippet, and answer_text. input/output_contract.json names research_answers.json, the three required top-level question keys, the four required fields, and the allowed conclusions Yes, No, and Unknown.",True,False,True,True,"The checker exhaustively enumerates regular files under VERIFIER_OUTPUT, requires research_answers.json to be the only file, parses it as JSON, checks all required question keys and fields, validates the allowed conclusion vocabulary, and checks that the three textual fields are non-empty strings. A non-empty answer_text is treated as the minimum directly observable form of an English explanation; the checker does not impose an unstated word or character limit.",public_recompute,No public validator is staged. The JSON structure and allowed values can be checked deterministically from input/output_contract.json and input/task_brief.md.,"[""python3"", ""deliverable_contract.py""]","checker audit: checks/deliverable_contract.py honestly performs a deterministic public recomputation: it recursively enumerates regular files under VERIFIER_OUTPUT, requires the list to equal ['research_answers.json'], parses that file, checks that the three required question objects and four fields are present, restricts conclusion to the allowed set, and requires citation_document, evidence_snippet, and answer_text to be non-empty strings. However, the task requires answer_text to be a short English explanation, while the code only applies isinstance(..., str), strip(), and non-emptiness. Any non-English or non-explanatory text passes. It also does not independently verify that citation_document is an exact Simplified Chinese document name or that evidence_snippet is an exact Simplified Chinese excerpt copied from staged materials.; fixture preflight: environment: isolated Python probe passed; valid fixture: command: python3 deliverable_contract.py; consecutive_runs: 2 identical; stderr: <empty>; {""allowed_conclusions"":[""No"",""Unknown"",""Yes""],""required_fields"":[""conclusion"",""citation_document"",""evidence_snippet"",""answer_text""],""required_questions"":[""q1_multi_broker_reporting"",""q2_hft_cost_calculation"",""q3_software_naming""]}; invalid fixture: command: python3 deliverable_contract.py; consecutive_runs: 2 identical; stderr: <empty>; {""allowed_conclusions"":[""No"",""Unknown"",""Yes""],""required_fields"":[""conclusion"",""citation_document"",""evidence_snippet"",""answer_text""],""required_questions"":[""q1_multi_broker_reporting"",""q2_hft_cost_calculation"",""q3_software_naming""]}",checker did not pass its pre-freeze gate,"The checker reports pass only when research_answers.json is the sole output file, is valid JSON, contains all three required question objects and fields, uses only an allowed conclusion for each question, and has non-empty string values for citation_document, evidence_snippet, and answer_text.",null
verifier_v13_six_r1,business_finance__sse_northbound_programmatic_trading_01,verifier,0,error,3ea887adf0ed2775a3e05a847a3c4971486457211c692193e5d58a90914c0d20,q1_same_lei_leverage_reporting,True,False,error,Answer whether leverage-scale information for three Northbound accounts under one LEI must be reported separately through each broker.,3,"[{""locate_evidence"": ""quote and locator found"", ""located"": true, ""locator"": ""lines:10-25"", ""path"": ""input/task_brief.md"", ""quote"": ""## Client Inquiries\n\n1. Multi-Broker Reporting: A Hong Kong investor has three Northbound accounts under one LEI. Do they need to report `\u6760\u6746\u8d44\u91d1\u89c4\u6a21` separately through each broker?\n2. HFT Cost Calculation: For a high-frequency trading team with more than 20,000 daily orders, what are the specific numerical amounts for `\u6d41\u91cf\u8d39` and `\u64a4\u5355\u8d39` according to the provided rules?\n3. Software Naming: A French company uses home-grown software with no Chinese name. Can it report using only the original foreign-language name?\n\n## Deliverable\n\nWrite exactly one JSON file to `output/research_answers.json`.\n\nFor each question, provide:\n\n- `conclusion`: exactly `Yes`, `No`, or `Unknown`\n- `citation_document`: exact Simplified Chinese document name\n- `evidence_snippet`: exact Simplified Chinese excerpt copied from the staged materials\n- `answer_text`: short English explanation"", ""sha256"": ""c0d60c4a2d12c905edd06cfb03fee1ca8b1a9e3c4f1a44f56564db59b0ece91f""}, {""locate_evidence"": ""quote and locator found"", ""located"": true, ""locator"": ""lines:14-16"", ""path"": ""input/extracted_text/1-2_\u586b\u62a5\u8bf4\u660e.txt"", ""quote"": ""\u6caa\u80a1\u901a\u7a0b\u5e8f\u5316\u4ea4\u6613\u6295\u8d44\u8005\u62a5\u544a\u5355\u4f4d\n\u6caa\u80a1\u901a\u7a0b\u5e8f\u5316\u4ea4\u6613\u6295\u8d44\u8005\u4ee5\u5317\u5411\u4ea4\u6613\u6295\u8d44\u8005\u8bc6\u522b\u7801\uff08BCAN\u7801\uff0c\u4ee5\u4e0b\u7b80\u79f0\u8d26\u6237\uff09\u4e3a\u5355\u4f4d\u8fdb\u884c\u62a5\u544a\uff0c\u539f\u5219\u4e0a\u6bcf\u4e2a\u8d26\u6237\u62a5\u544a\u4e00\u6761\u4fe1\u606f\u3002\u6240\u6709\u5f00\u7acb\u8d26\u6237\u7684\u6295\u8d44\u8005\uff0c\u5305\u62ec\u4f46\u4e0d\u9650\u4e8e\u8054\u4ea4\u6240\u53c2\u4e0e\u8005\uff08\u542b\u8054\u5c5e\u516c\u53f8\uff09\u53ca\u5176\u5ba2\u6237\uff0c\u5bf9\u4e8e\u7b26\u5408\u76f8\u5173\u8981\u6c42\u7684\u8d26\u6237\u5747\u987b\u5c65\u884c\u62a5\u544a\u4e49\u52a1\u3002\u6295\u8d44\u8005\u5728\u4e0d\u540c\u8054\u4ea4\u6240\u53c2\u4e0e\u8005\u5f00\u7acb\u591a\u4e2a\u8d26\u6237\uff0c\u5e94\u5f53\u901a\u8fc7\u5bf9\u5e94\u8054\u4ea4\u6240\u53c2\u4e0e\u8005\u5206\u522b\u62a5\u544a\u3002\n\u5728\u591a\u5bb6\u8054\u4ea4\u6240\u53c2\u4e0e\u8005\u5f00\u7acb\u8d26\u6237\uff08\u542b\u673a\u6784\u7ba1\u7406\u4eba\u8d26\u6237\u3001\u7ba1\u7406\u4eba\u65d7\u4e0b\u7684\u4ea7\u54c1\u8d26\u6237\uff09\u7684\u673a\u6784\u6295\u8d44\u8005\uff0c\u5bf9\u4e8e\u4ee5\u540c\u4e00\u8bc1\u4ef6\u53f7\u7801\u5f00\u7acb\u7684\u8d26\u6237\uff0c\u53ef\u4ee5\u9009\u53d6\u4e00\u5bb6\u8054\u4ea4\u6240\u53c2\u4e0e\u8005\u5e76\u6309\u673a\u6784\u7ef4\u5ea6\uff08\u540c\u4e00\u8bc1\u4ef6\u53f7\u7801\u4e0b\u5f00\u7acb\u7684\u8d26\u6237\u5408\u8ba1\uff09\u586b\u5199\u8d26\u6237\u8d44\u91d1\u4fe1\u606f\u76f8\u5173\u5b57\u6bb5\uff08\u5305\u62ec\u8d26\u6237\u8d44\u91d1\u89c4\u6a21\u3001\u8d26\u6237\u8d44\u91d1\u6765\u6e90\u3001\u5176\u4ed6\u8d44\u91d1\u6765\u6e90\u63cf\u8ff0\u3001\u8d44\u91d1\u6765\u6e90\u5360\u6bd4\u3001\u6760\u6746\u8d44\u91d1\u89c4\u6a21\u3001\u6760\u6746\u8d44\u91d1\u6765\u6e90\u3001\u5176\u4ed6\u6760\u6746\u8d44\u91d1\u6765\u6e90\u63cf\u8ff0\u3001\u6760\u6746\u7387\uff09\u3002\u5176\u4ee5\u540c\u4e00\u8bc1\u4ef6\u53f7\u7801\u5728\u5176\u4ed6\u8054\u4ea4\u6240\u53c2\u4e0e\u8005\u5f00\u7acb\u7684\u8d26\u6237\uff0c\u4e0d\u518d\u91cd\u590d\u586b\u5199\u4e0a\u8ff0\u4fe1\u606f\uff0c\u5e76\u5728\u76f8\u5e94\u5b57\u6bb5\u586b\u5199\u201c\u5df2\u5728\u5176\u4ed6\u8054\u4ea4\u6240\u53c2\u4e0e\u8005\u62a5\u544a\u201d\uff0c\u4e0a\u8ff0\u5b57\u6bb5\u4ee5\u5916\u7684\u5176\u4ed6\u5b57\u6bb5\u4ecd\u987b\u6309\u7167\u8981\u6c42\u586b\u5199\u3002"", ""sha256"": ""66b4ac87a58daaf0469b82dc9d61c2b29c47981e3accc89953f1125aef020d46""}, {""locate_evidence"": ""quote and locator found"", ""located"": true, ""locator"": ""lines:28-29"", ""path"": ""input/extracted_text/1-2_\u586b\u62a5\u8bf4\u660e.txt"", ""quote"": ""\u201c\u8bc1\u4ef6\u53f7\u7801\u201d\u586b\u62a5\u8981\u6c42\n\u586b\u5199\u6295\u8d44\u8005\u767b\u8bb0\u5238\u5546\u5ba2\u6237\u7f16\u7801\u65f6\u7684\u8bc1\u4ef6\u53f7\u7801\uff0c\u4f8b\u5982\u673a\u6784\u6295\u8d44\u8005\u586b\u5199LEI\u7801\u3002\u8be5\u5b57\u6bb5\u586b\u5199\u76f8\u540c\u8bc1\u4ef6\u53f7\u7801\u7684\u673a\u6784\u8d26\u6237\uff0c\u53ef\u4ee5\u9002\u7528\u586b\u62a5\u8bf4\u660e\u7b2c\u4e8c\u6761\u7b2c\u4e8c\u6b3e\u89c4\u5b9a\uff0c\u9009\u53d6\u4e00\u5bb6\u8054\u4ea4\u6240\u53c2\u4e0e\u8005\u96c6\u4e2d\u586b\u62a5\u8d44\u91d1\u4fe1\u606f\u3002"", ""sha256"": ""66b4ac87a58daaf0469b82dc9d61c2b29c47981e3accc89953f1125aef020d46""}]",supported,input/extracted_text/1-2_填报说明.txt states that an institutional investor with accounts opened under the same certificate number may select one Stock Exchange participant and report funding information centrally. The adjacent paragraph expressly includes 杠杆资金规模 among those funding-information fields and says the other same-certificate accounts do not repeat the information. The later LEI-specific sentence says: “填写投资者登记券商客户编码时的证件号码，例如机构投资者填写LEI码。该字段填写相同证件号码的机构账户，可以适用填报说明第二条第二款规定，选取一家联交所参与者集中填报资金信息。” The document manifest supplies the exact citation alias 《上海证券交易所沪股通投资者程序化交易信息报告表》填报说明. These provisions resolve the same-LEI institutional-account scenario without conflict from the general separate-reporting rule because the centralized funding-information paragraph is the express exception.,True,False,True,True,"Although account reports generally pass through the corresponding participants, the same-certificate-number rule applies to an institutional investor's LEI and expressly permits the funding-information fields, including leverage scale, to be completed centrally through one participant. Therefore the answer to whether leverage scale must be separately repeated through every broker is No.",public_recompute,The conclusion and supporting excerpt are deterministically derivable from the staged fill-in instructions; no public task validator is provided.,"[""python3"", ""q1_same_lei_leverage_reporting.py""]","checker audit: checks/q1_same_lei_leverage_reporting.py reads research_answers.json, selects q1_multi_broker_reporting, and requires conclusion == 'No', citation_document equal to one hard-coded alias, and evidence_snippet equal to one hard-coded LEI sentence. It then checks that this exact sentence occurs in input/extracted_text/1-2_填报说明.txt. This verifies the selected conclusion, citation, and excerpt provenance, but it does not implement the full answer_text requirement: answer_text need only be a non-empty string and is not checked for English or for explaining centralized leverage reporting. It also rejects other exact, directly supporting staged excerpts, including the adjacent paragraph that expressly names 杠杆资金规模 and says the information is not repeated through the other participants, even though the task does not require this one uniquely selected excerpt.; fixture preflight: environment: isolated Python probe passed; valid fixture: command: python3 q1_same_lei_leverage_reporting.py; consecutive_runs: 2 identical; stderr: <empty>; {""citation_document"":""\u300a\u4e0a\u6d77\u8bc1\u5238\u4ea4\u6613\u6240\u6caa\u80a1\u901a\u6295\u8d44\u8005\u7a0b\u5e8f\u5316\u4ea4\u6613\u4fe1\u606f\u62a5\u544a\u8868\u300b\u586b\u62a5\u8bf4\u660e"",""source_excerpt_found"":true}; invalid fixture: command: python3 q1_same_lei_leverage_reporting.py; consecutive_runs: 2 identical; stderr: <empty>; {""citation_document"":""\u300a\u4e0a\u6d77\u8bc1\u5238\u4ea4\u6613\u6240\u6caa\u80a1\u901a\u6295\u8d44\u8005\u7a0b\u5e8f\u5316\u4ea4\u6613\u4fe1\u606f\u62a5\u544a\u8868\u300b\u586b\u62a5\u8bf4\u660e"",""source_excerpt_found"":true}",checker did not pass its pre-freeze gate,q1_multi_broker_reporting has conclusion No; cites 《上海证券交易所沪股通投资者程序化交易信息报告表》填报说明; uses the exact staged excerpt stating that same-certificate-number institutional accounts may select one participant to report funding information centrally; and includes a non-empty English answer_text.,null
verifier_v13_six_r1,business_finance__sse_northbound_programmatic_trading_01,verifier,0,error,3ea887adf0ed2775a3e05a847a3c4971486457211c692193e5d58a90914c0d20,q2_hft_fee_amounts,True,False,unverifiable,"State whether the staged rules provide specific numerical amounts for the flow fee and cancellation fee applicable to a team exceeding 20,000 daily orders.",3,"[{""locate_evidence"": ""quote and locator found"", ""located"": true, ""locator"": ""lines:10-25"", ""path"": ""input/task_brief.md"", ""quote"": ""## Client Inquiries\n\n1. Multi-Broker Reporting: A Hong Kong investor has three Northbound accounts under one LEI. Do they need to report `\u6760\u6746\u8d44\u91d1\u89c4\u6a21` separately through each broker?\n2. HFT Cost Calculation: For a high-frequency trading team with more than 20,000 daily orders, what are the specific numerical amounts for `\u6d41\u91cf\u8d39` and `\u64a4\u5355\u8d39` according to the provided rules?\n3. Software Naming: A French company uses home-grown software with no Chinese name. Can it report using only the original foreign-language name?\n\n## Deliverable\n\nWrite exactly one JSON file to `output/research_answers.json`.\n\nFor each question, provide:\n\n- `conclusion`: exactly `Yes`, `No`, or `Unknown`\n- `citation_document`: exact Simplified Chinese document name\n- `evidence_snippet`: exact Simplified Chinese excerpt copied from the staged materials\n- `answer_text`: short English explanation"", ""sha256"": ""c0d60c4a2d12c905edd06cfb03fee1ca8b1a9e3c4f1a44f56564db59b0ece91f""}, {""locate_evidence"": ""quote and locator found"", ""located"": true, ""locator"": ""lines:100-105"", ""path"": ""input/extracted_text/\u7a0b\u5e8f\u5316\u4ea4\u6613\u7ba1\u7406\u5b9e\u65bd\u7ec6\u5219.txt"", ""quote"": ""\u7b2c\u4e94\u7ae0 \u9ad8\u9891\u4ea4\u6613\u7ba1\u7406\n\u7b2c\u4e09\u5341\u4e09\u6761 \u6295\u8d44\u8005\u4ea4\u6613\u884c\u4e3a\u5b58\u5728\u4e0b\u5217\u60c5\u5f62\u4e4b\u4e00\u7684\uff0c\u5c5e\u4e8e\u9ad8\u9891\u4ea4\u6613\uff1a\n\uff08\u4e00\uff09\u5355\u4e2a\u8d26\u6237\u6bcf\u79d2\u7533\u62a5\u3001\u64a4\u5355\u7684\u6700\u9ad8\u7b14\u6570\u8fbe\u5230300\u7b14\u4ee5\u4e0a\uff1b\n\uff08\u4e8c\uff09\u5355\u4e2a\u8d26\u6237\u5355\u65e5\u7533\u62a5\u3001\u64a4\u5355\u7684\u6700\u9ad8\u7b14\u6570\u8fbe\u523020000\u7b14\u4ee5\u4e0a\uff1b\n\uff08\u4e09\uff09\u672c\u6240\u8ba4\u5b9a\u7684\u5176\u4ed6\u60c5\u5f62\u3002\n\u4e3a\u4fdd\u969c\u6b63\u5e38\u4ea4\u6613\u79e9\u5e8f\u548c\u7cfb\u7edf\u5b89\u5168\uff0c\u672c\u6240\u53ef\u4ee5\u5728\u7a0b\u5e8f\u5316\u4ea4\u6613\u62a5\u544a\u3001\u4ea4\u6613\u6536\u8d39\u3001\u4ea4\u6613\u76d1\u7ba1\u3001\u884c\u60c5\u83b7\u53d6\u7b49\u65b9\u9762\u5bf9\u5b58\u5728\u9ad8\u9891\u4ea4\u6613\u7684\u6295\u8d44\u8005\u63d0\u51fa\u5dee\u5f02\u5316\u7ba1\u7406\u8981\u6c42\u3002\u672c\u6240\u53ef\u4ee5\u5bf9\u9ad8\u9891\u4ea4\u6613\u7684\u8ba4\u5b9a\u60c5\u5f62\u548c\u5dee\u5f02\u5316\u7ba1\u7406\u8981\u6c42\u8fdb\u884c\u8c03\u6574\u3002"", ""sha256"": ""46d3b5beaf2eb6334ded0cfd02be87fc3c8b165076faee785fc2d3c019bf332c""}, {""locate_evidence"": ""quote and locator found"", ""located"": true, ""locator"": ""lines:112-116"", ""path"": ""input/extracted_text/\u7a0b\u5e8f\u5316\u4ea4\u6613\u7ba1\u7406\u5b9e\u65bd\u7ec6\u5219.txt"", ""quote"": ""\u7b2c\u4e09\u5341\u4e94\u6761 \u672c\u6240\u5bf9\u9ad8\u9891\u4ea4\u6613\u5b9e\u65bd\u91cd\u70b9\u76d1\u7ba1\u3002\u6295\u8d44\u8005\u8fdb\u884c\u9ad8\u9891\u4ea4\u6613\u53d1\u751f\u5f02\u5e38\u4ea4\u6613\u884c\u4e3a\u7684\uff0c\u672c\u6240\u53ef\u4ee5\u6309\u89c4\u5b9a\u4ece\u4e25\u4ece\u91cd\u91c7\u53d6\u81ea\u5f8b\u7ba1\u7406\u63aa\u65bd\uff0c\u5e76\u8981\u6c42\u4f1a\u5458\u52a0\u5f3a\u76f8\u5173\u5ba2\u6237\u4ea4\u6613\u884c\u4e3a\u7ba1\u7406\u3002\n\u7b2c\u4e09\u5341\u516d\u6761 \u4f1a\u5458\u5e94\u5f53\u52a0\u5f3a\u5bf9\u9ad8\u9891\u4ea4\u6613\u7684\u5b9e\u65f6\u76d1\u63a7\u3002\u6295\u8d44\u8005\u8fdb\u884c\u9ad8\u9891\u4ea4\u6613\u53ef\u80fd\u51fa\u73b0\u672c\u7ec6\u5219\u7b2c\u5341\u516b\u6761\u89c4\u5b9a\u7684\u5f02\u5e38\u4ea4\u6613\u884c\u4e3a\u7684\uff0c\u4f1a\u5458\u5e94\u5f53\u6309\u7167\u59d4\u6258\u534f\u8bae\u7b49\u7ea6\u5b9a\u7acb\u5373\u91c7\u53d6\u6709\u6548\u63a7\u5236\u53ca\u5904\u7f6e\u63aa\u65bd\uff0c\u907f\u514d\u5f71\u54cd\u672c\u6240\u7cfb\u7edf\u5b89\u5168\u6216\u8005\u6b63\u5e38\u4ea4\u6613\u79e9\u5e8f\u3002\n\u4f7f\u7528\u4ea4\u6613\u5355\u5143\u7684\u5176\u4ed6\u673a\u6784\u5e94\u5f53\u8bc6\u522b\u81ea\u8eab\u5b58\u5728\u9ad8\u9891\u4ea4\u6613\u60c5\u5f62\u7684\u8d26\u6237\uff0c\u5e76\u8fdb\u884c\u4e25\u683c\u7ba1\u7406\u3002\n\u7b2c\u4e09\u5341\u4e03\u6761 \u672c\u6240\u53ef\u4ee5\u5bf9\u9ad8\u9891\u4ea4\u6613\u5b9e\u65bd\u5dee\u5f02\u5316\u6536\u8d39\uff0c\u6839\u636e\u7533\u62a5\u3001\u64a4\u5355\u7684\u7b14\u6570\u548c\u9891\u7387\u7b49\u6307\u6807\u8bbe\u7f6e\u6536\u8d39\u6807\u51c6\uff0c\u52a0\u6536\u6d41\u91cf\u8d39\u548c\u64a4\u5355\u8d39\u7b49\u8d39\u7528\u3002\u5177\u4f53\u6536\u8d39\u6807\u51c6\u7531\u672c\u6240\u53e6\u884c\u89c4\u5b9a\u3002\n\u4f1a\u5458\u5e94\u5f53\u52a0\u5f3a\u6536\u8d39\u7ba1\u7406\uff0c\u786e\u4fdd\u5dee\u5f02\u5316\u8d39\u7528\u6210\u672c\u7531\u5b58\u5728\u9ad8\u9891\u4ea4\u6613\u7684\u6295\u8d44\u8005\u627f\u62c5\u3002"", ""sha256"": ""46d3b5beaf2eb6334ded0cfd02be87fc3c8b165076faee785fc2d3c019bf332c""}]",ambiguous,"input/extracted_text/程序化交易管理实施细则.txt Article 33 defines high-frequency trading at 20,000 or more daily submissions and cancellations for a single account. Article 37 states: “本所可以对高频交易实施差异化收费，根据申报、撤单的笔数和频率等指标设置收费标准，加收流量费和撤单费等费用。具体收费标准由本所另行规定。” Thus the staged rule supplies no numerical fee amounts and defers the standards. For the task brief's wording asking what the amounts are, 'Unknown' is a reasonable encoding of unavailable amounts. The public task also frames the inquiry as whether the staged rules provide amounts, for which the directly supported yes/no response would be 'No'. The required conclusion vocabulary does not define which of those two interpretations controls.",False,False,True,True,"The staged rule classifies a single account reaching at least 20,000 daily submissions and cancellations as high-frequency trading, but it only authorizes differentiated flow and cancellation fees and says the specific charging standards will be separately prescribed. Because no numerical fee amounts are given by the cited rule, the requested amounts are Unknown from the staged materials.",public_recompute,The high-frequency threshold and the express deferral of fee standards are stated in the staged implementation rules. No public calculator or validator is staged.,"[""python3"", ""q2_hft_fee_amounts.py""]","mechanical locators: input/task_brief.md lines:10-25: quote and locator found; input/extracted_text/程序化交易管理实施细则.txt lines:100-105: quote and locator found; input/extracted_text/程序化交易管理实施细则.txt lines:112-116: quote and locator found; source audit: input/extracted_text/程序化交易管理实施细则.txt Article 33 defines high-frequency trading at 20,000 or more daily submissions and cancellations for a single account. Article 37 states: “本所可以对高频交易实施差异化收费，根据申报、撤单的笔数和频率等指标设置收费标准，加收流量费和撤单费等费用。具体收费标准由本所另行规定。” Thus the staged rule supplies no numerical fee amounts and defers the standards. For the task brief's wording asking what the amounts are, 'Unknown' is a reasonable encoding of unavailable amounts. The public task also frames the inquiry as whether the staged rules provide amounts, for which the directly supported yes/no response would be 'No'. The required conclusion vocabulary does not define which of those two interpretations controls.",source status: ambiguous,q2_hft_cost_calculation has conclusion Unknown; cites 上海证券交易所程序化交易管理实施细则; reproduces the exact Article 37 excerpt that defers specific fee standards; and includes a non-empty English answer_text explaining that no numerical amounts are supplied.,null
verifier_v13_six_r1,business_finance__sse_northbound_programmatic_trading_01,verifier,0,error,3ea887adf0ed2775a3e05a847a3c4971486457211c692193e5d58a90914c0d20,q3_foreign_language_software_name,True,False,unverifiable,Answer whether a French company whose home-grown software has no Chinese name may report only the original foreign-language software name.,3,"[{""locate_evidence"": ""quote and locator found"", ""located"": true, ""locator"": ""lines:10-25"", ""path"": ""input/task_brief.md"", ""quote"": ""## Client Inquiries\n\n1. Multi-Broker Reporting: A Hong Kong investor has three Northbound accounts under one LEI. Do they need to report `\u6760\u6746\u8d44\u91d1\u89c4\u6a21` separately through each broker?\n2. HFT Cost Calculation: For a high-frequency trading team with more than 20,000 daily orders, what are the specific numerical amounts for `\u6d41\u91cf\u8d39` and `\u64a4\u5355\u8d39` according to the provided rules?\n3. Software Naming: A French company uses home-grown software with no Chinese name. Can it report using only the original foreign-language name?\n\n## Deliverable\n\nWrite exactly one JSON file to `output/research_answers.json`.\n\nFor each question, provide:\n\n- `conclusion`: exactly `Yes`, `No`, or `Unknown`\n- `citation_document`: exact Simplified Chinese document name\n- `evidence_snippet`: exact Simplified Chinese excerpt copied from the staged materials\n- `answer_text`: short English explanation"", ""sha256"": ""c0d60c4a2d12c905edd06cfb03fee1ca8b1a9e3c4f1a44f56564db59b0ece91f""}, {""locate_evidence"": ""quote and locator found"", ""located"": true, ""locator"": ""lines:1-3"", ""path"": ""input/extracted_text/1-3_\u586b\u62a5\u6ce8\u610f\u4e8b\u9879.txt"", ""quote"": ""\u9644\u4ef61-3\n\u4e0a\u6d77\u8bc1\u5238\u4ea4\u6613\u6240\u6caa\u80a1\u901a\u6295\u8d44\u8005\u7a0b\u5e8f\u5316\u4ea4\u6613\n\u62a5\u544a\u4fe1\u606f\u586b\u62a5\u6ce8\u610f\u4e8b\u9879"", ""sha256"": ""7a3ff27687a5ea18bdd171e2b5bc23d76888deb5af8ce3910c0eac82e8e405b5""}, {""locate_evidence"": ""quote and locator found"", ""located"": true, ""locator"": ""lines:36-37"", ""path"": ""input/extracted_text/1-3_\u586b\u62a5\u6ce8\u610f\u4e8b\u9879.txt"", ""quote"": ""\u4e8c\u3001\u7a0b\u5e8f\u5316\u4ea4\u6613\u62a5\u544a\u8bed\u8a00\u8981\u6c42\n\u5bf9\u4e8e\u63cf\u8ff0\u7c7b\u5b57\u6bb5\uff08\u5176\u4ed6\u8d44\u91d1\u6765\u6e90\u63cf\u8ff0\u3001\u5176\u4ed6\u6760\u6746\u8d44\u91d1\u6765\u6e90\u63cf\u8ff0\u3001\u4e3b\u7b56\u7565\u6982\u8ff0\u3001\u8f85\u7b56\u7565\u6982\u8ff0\u3001\u6307\u4ee4\u6267\u884c\u65b9\u5f0f\u6982\u8ff0\u7b49\uff09\u4ee5\u53ca\u9ad8\u9891\u4ea4\u6613\u7cfb\u7edf\u6d4b\u8bd5\u62a5\u544a\u53ca\u6545\u969c\u5e94\u6025\u65b9\u6848\uff0c\u586b\u62a5\u8bed\u8a00\u539f\u5219\u4e0a\u4e3a\u7b80\u4f53\u4e2d\u6587\u3002\u5bf9\u4e8e\u4e2a\u522b\u96be\u4ee5\u786e\u5b9a\u7edf\u4e00\u4e2d\u6587\u8868\u8ff0\u7684\u5b57\u6bb5\uff0c\u4f8b\u5982\u8054\u4ea4\u6240\u53c2\u4e0e\u8005\u540d\u79f0\u3001\u8d26\u6237\u540d\u79f0\u3001\u7a0b\u5e8f\u5316\u4ea4\u6613\u8f6f\u4ef6\u540d\u79f0\u7b49\uff0c\u53ef\u4ee5\u586b\u5199\u82f1\u6587\u3002"", ""sha256"": ""7a3ff27687a5ea18bdd171e2b5bc23d76888deb5af8ce3910c0eac82e8e405b5""}]",contradicted,"input/extracted_text/1-3_填报注意事项.txt says that fields lacking a unified Chinese expression, including programmatic-trading software names, “可以填写英文.” It expressly permits English, not an arbitrary original foreign language. The inquiry describes a French firm using only the original foreign-language name and does not state that the original name is English. Therefore the source does not entail the unconditional expected conclusion Yes for an original French or otherwise non-English name.",False,False,True,True,The staged language rule expressly lists programmatic-trading software names among fields that may be completed in English when a unified Chinese expression is difficult to determine. Thus the answer is Yes for the described software name.,public_recompute,"The staged reporting-language notice directly resolves the inquiry, and no public task validator is provided.","[""python3"", ""q3_foreign_language_software_name.py""]","mechanical locators: input/task_brief.md lines:10-25: quote and locator found; input/extracted_text/1-3_填报注意事项.txt lines:1-3: quote and locator found; input/extracted_text/1-3_填报注意事项.txt lines:36-37: quote and locator found; source audit: input/extracted_text/1-3_填报注意事项.txt says that fields lacking a unified Chinese expression, including programmatic-trading software names, “可以填写英文.” It expressly permits English, not an arbitrary original foreign language. The inquiry describes a French firm using only the original foreign-language name and does not state that the original name is English. Therefore the source does not entail the unconditional expected conclusion Yes for an original French or otherwise non-English name.",source status: contradicted,q3_software_naming has conclusion Yes; cites 上海证券交易所沪股通投资者程序化交易报告信息填报注意事项; reproduces the exact sentence permitting English for programmatic-trading software names lacking a unified Chinese expression; and includes a non-empty English answer_text.,null
verifier_v13_six_r1,business_finance__sse_northbound_programmatic_trading_01,verifier,0,error,3ea887adf0ed2775a3e05a847a3c4971486457211c692193e5d58a90914c0d20,closed_book_provenance,False,False,unverifiable,The research process uses only files staged under input/ and no external regulatory knowledge or web search.,1,"[{""locate_evidence"": ""quote and locator found"", ""located"": true, ""locator"": ""lines:3-8"", ""path"": ""input/task_brief.md"", ""quote"": ""You are acting as a regulatory consultant. Use only the staged Shanghai Stock Exchange documents.\n\n## Closed-Book Rule\n\n- Use only the files staged under `input/`.\n- Do not use external web search or outside regulatory knowledge."", ""sha256"": ""c0d60c4a2d12c905edd06cfb03fee1ca8b1a9e3c4f1a44f56564db59b0ece91f""}]",,,,,,,"A solve-time output checker can validate the final citations and excerpts against staged files, but it cannot prove which materials or knowledge the Writer consulted while reasoning.",,,[],"A solve-time output checker can validate the final citations and excerpts against staged files, but it cannot prove which materials or knowledge the Writer consulted while reasoning.",public solve-time truth is unavailable,The research process uses only files staged under input/ and no external regulatory knowledge or web search.,null
verifier_v13_six_r1,business_finance__sse_northbound_programmatic_trading_01,verifier,0,error,3ea887adf0ed2775a3e05a847a3c4971486457211c692193e5d58a90914c0d20,answer_text_shortness,False,False,unverifiable,Each answer_text is a short English explanation.,1,"[{""locate_evidence"": ""quote and locator found"", ""located"": true, ""locator"": ""lines:20-25"", ""path"": ""input/task_brief.md"", ""quote"": ""For each question, provide:\n\n- `conclusion`: exactly `Yes`, `No`, or `Unknown`\n- `citation_document`: exact Simplified Chinese document name\n- `evidence_snippet`: exact Simplified Chinese excerpt copied from the staged materials\n- `answer_text`: short English explanation"", ""sha256"": ""c0d60c4a2d12c905edd06cfb03fee1ca8b1a9e3c4f1a44f56564db59b0ece91f""}]",,,,,,,The public materials provide no numerical length limit or task-native language validator. The blocking checks can soundly require a non-empty explanation but cannot impose an unstated maximum length or fully prove natural-language brevity.,,,[],The public materials provide no numerical length limit or task-native language validator. The blocking checks can soundly require a non-empty explanation but cannot impose an unstated maximum length or fully prove natural-language brevity.,public solve-time truth is unavailable,Each answer_text is a short English explanation.,null
verifier_v13_six_r1,education_info__homework_grading_numerical_pdes_instance_02,prep_verifier,0,pass,b14f43a42a3417acb58985f92162468ed48e6e7387051484a7d02dd3b1820983,required_output_file_set,True,True,pass,The output directory must contain exactly the five named deliverable files.,2,"[{""locate_evidence"": ""quote and locator found"", ""located"": true, ""locator"": ""lines:11-21"", ""path"": ""input/TASK_PROMPT.md"", ""quote"": ""Your task:\n1. Read the grading protocol, rubric, solution key, and the five student submissions.\n2. Grade each student submission part by part.\n3. Assign rubric-aligned error tags where appropriate.\n4. Write concise constructive per-student feedback and a short common-mistakes summary.\n5. Save exactly these files under `/media/user/data/agenthle/education/homework_grading_numerical_pdes_instance_02/base/output/`:\n   - `grades.csv`\n   - `error_tags.csv`\n   - `per_student_feedback.json`\n   - `common_mistakes_summary.md`\n   - `grader_manifest.json`"", ""sha256"": ""6fafe0cee6be7e89a7f133251caea16346ba6f5293f9bc54214deb86ea8a4de7""}, {""locate_evidence"": ""quote and locator found"", ""located"": true, ""locator"": ""/required_outputs"", ""path"": ""input/starter_project/output_contract.json"", ""quote"": ""[\n    \""grades.csv\"",\n    \""error_tags.csv\"",\n    \""per_student_feedback.json\"",\n    \""common_mistakes_summary.md\"",\n    \""grader_manifest.json\""\n  ]"", ""sha256"": ""772eab9c44112f19c359b8367a166512aa2d80112cc0583204eb511ef9cb5fa7""}]",supported,"TASK_PROMPT.md explicitly says to save exactly five named files under output/, and starter_project/output_contract.json lists the same five required outputs with no conflict in the public materials.",True,True,True,True,"Recursively enumerate regular files under VERIFIER_OUTPUT and require their relative paths to equal the five contract paths, with no missing or additional files.",public_recompute,The required file set is explicitly published and can be compared deterministically without task-native validation software.,"[""python3"", ""required_output_file_set.py""]","command: python3 required_output_file_set.py; consecutive_runs: 2 identical; stderr: <empty>; {""expected_files"":[""common_mistakes_summary.md"",""error_tags.csv"",""grader_manifest.json"",""grades.csv"",""per_student_feedback.json""],""extra"":[],""missing"":[]}","{'files': ['common_mistakes_summary.md', 'error_tags.csv', 'grader_manifest.json', 'grades.csv', 'per_student_feedback.json']}","The observed file set is exactly grades.csv, error_tags.csv, per_student_feedback.json, common_mistakes_summary.md, and grader_manifest.json.",null
verifier_v13_six_r1,education_info__homework_grading_numerical_pdes_instance_02,prep_verifier,0,pass,b14f43a42a3417acb58985f92162468ed48e6e7387051484a7d02dd3b1820983,grades_contract_and_roster,True,True,pass,grades.csv must use the published header and grade each of the five stable student IDs part by part.,8,"[{""locate_evidence"": ""quote and locator found"", ""located"": true, ""locator"": ""lines:11-18"", ""path"": ""input/TASK_PROMPT.md"", ""quote"": ""Your task:\n1. Read the grading protocol, rubric, solution key, and the five student submissions.\n2. Grade each student submission part by part.\n3. Assign rubric-aligned error tags where appropriate.\n4. Write concise constructive per-student feedback and a short common-mistakes summary.\n5. Save exactly these files under `/media/user/data/agenthle/education/homework_grading_numerical_pdes_instance_02/base/output/`:\n   - `grades.csv`\n   - `error_tags.csv`"", ""sha256"": ""6fafe0cee6be7e89a7f133251caea16346ba6f5293f9bc54214deb86ea8a4de7""}, {""locate_evidence"": ""quote and locator found"", ""located"": true, ""locator"": ""lines:23-28"", ""path"": ""input/TASK_PROMPT.md"", ""quote"": ""Rules:\n- Treat `input/` as read-only.\n- Do not read or modify evaluator-only files under `reference/`.\n- Keep student IDs stable across every output file.\n- Use the task-local `/media/user/data/agenthle/education/homework_grading_numerical_pdes_instance_02/base/software/python` wrapper if you want to script the grading workflow (it `exec`s the preinstalled system Python).\n- Write final deliverables only under `output/`."", ""sha256"": ""6fafe0cee6be7e89a7f133251caea16346ba6f5293f9bc54214deb86ea8a4de7""}, {""locate_evidence"": ""quote and locator found"", ""located"": true, ""locator"": ""/grades_csv_header"", ""path"": ""input/starter_project/output_contract.json"", ""quote"": ""[\n    \""student_id\"",\n    \""problem_1a\"",\n    \""problem_1b\"",\n    \""problem_2a\"",\n    \""problem_2b\"",\n    \""total_score\""\n  ]"", ""sha256"": ""772eab9c44112f19c359b8367a166512aa2d80112cc0583204eb511ef9cb5fa7""}, {""locate_evidence"": ""quote and locator found"", ""located"": true, ""locator"": ""lines:1-1"", ""path"": ""input/released/submissions/S01.md"", ""quote"": ""# Student Submission S01"", ""sha256"": ""51f199bf6f45271591b490083831a55df231883d76c10a4b62b566790111b3dd""}, {""locate_evidence"": ""quote and locator found"", ""located"": true, ""locator"": ""lines:1-1"", ""path"": ""input/released/submissions/S02.md"", ""quote"": ""# Student Submission S02"", ""sha256"": ""5ce47eca71508f5f71dc9c6e5a3cb95d06c929103c37baf8d0ee6b84544b0948""}, {""locate_evidence"": ""quote and locator found"", ""located"": true, ""locator"": ""lines:1-1"", ""path"": ""input/released/submissions/S03.md"", ""quote"": ""# Student Submission S03"", ""sha256"": ""7f1c5edc7af0cd8e1c5987655a920545ae12dcf0a1ba9e325a49a01eda489992""}, {""locate_evidence"": ""quote and locator found"", ""located"": true, ""locator"": ""lines:1-1"", ""path"": ""input/released/submissions/S04.md"", ""quote"": ""# Student Submission S04"", ""sha256"": ""b7175b09e60441257a7754833f880b77ba8548a4b0037528d766898a1e2c7bc9""}, {""locate_evidence"": ""quote and locator found"", ""located"": true, ""locator"": ""lines:1-1"", ""path"": ""input/released/submissions/S05.md"", ""quote"": ""# Student Submission S05"", ""sha256"": ""edb1dbdf624aa9188beda8e414e706d5be41f3e30348670eaab8d1e1c4263899""}]",supported,starter_project/output_contract.json gives the exact six-column grades.csv header. TASK_PROMPT.md requires grading all five submissions part by part and keeping IDs stable. The released submissions are exactly S01.md through S05.md.,True,True,True,True,"Parse grades.csv as CSV, require the exact six-column header, require every data row to have six columns, and require exactly one row for each of S01 through S05 with no other IDs.",public_recompute,The CSV schema and complete public submission roster can be checked exhaustively from released files.,"[""python3"", ""grades_contract_and_roster.py""]","command: python3 grades_contract_and_roster.py; consecutive_runs: 2 identical; stderr: <empty>; {""expected_header"":[""student_id"",""problem_1a"",""problem_1b"",""problem_2a"",""problem_2b"",""total_score""],""expected_student_ids"":[""S01"",""S02"",""S03"",""S04"",""S05""]}","{'header': ['student_id', 'problem_1a', 'problem_1b', 'problem_2a', 'problem_2b', 'total_score'], 'row_widths': [6, 6, 6, 6, 6], 'student_ids': ['S01', 'S02', 'S03', 'S04', 'S05']}","grades.csv has the exact contract header and exactly five rows whose student_id values are S01, S02, S03, S04, and S05, each appearing once.",null
verifier_v13_six_r1,education_info__homework_grading_numerical_pdes_instance_02,prep_verifier,0,pass,b14f43a42a3417acb58985f92162468ed48e6e7387051484a7d02dd3b1820983,s01_unambiguous_full_credit,True,True,pass,S01 gives the solution-key answer for every part and therefore receives every published point.,4,"[{""locate_evidence"": ""quote and locator found"", ""located"": true, ""locator"": ""/problems"", ""path"": ""input/released/rubric.json"", ""quote"": ""{\n    \""1a\"": {\n      \""points\"": 2.0,\n      \""description\"": \""Correct explicit update with the second-difference term.\""\n    },\n    \""1b\"": {\n      \""points\"": 3.0,\n      \""description\"": \""Correct stability restriction dt <= dx^2 / (2 kappa) and dt_max = 0.01.\""\n    },\n    \""2a\"": {\n      \""points\"": 2.0,\n      \""description\"": \""Correct weak form after integration by parts.\""\n    },\n    \""2b\"": {\n      \""points\"": 3.0,\n      \""description\"": \""Correct bilinear form, linear functional, and test space H_0^1(0,1).\""\n    }\n  }"", ""sha256"": ""39b57a386058eb94db715583aa36513276601262170afcb3f704196e91808d82""}, {""locate_evidence"": ""quote and locator found"", ""located"": true, ""locator"": ""lines:3-18"", ""path"": ""input/released/solution_key.md"", ""quote"": ""Problem 1a\nu_i^{n+1} = u_i^n + (kappa dt / dx^2) (u_{i+1}^n - 2 u_i^n + u_{i-1}^n)\n\nProblem 1b\nStability requires kappa dt / dx^2 <= 1/2, equivalently dt <= dx^2 / (2 kappa).\nFor kappa = 0.5 and dx = 0.1, dt_max = 0.01.\n\nProblem 2a\nFind u in H_0^1(0,1) such that\nintegral_0^1 u'(x) v'(x) dx = integral_0^1 f(x) v(x) dx\nfor all v in H_0^1(0,1).\n\nProblem 2b\na(u,v) = integral_0^1 u'(x) v'(x) dx\nl(v) = integral_0^1 f(x) v(x) dx\ntest space = H_0^1(0,1)"", ""sha256"": ""3acf708a67d1de2cc0bd2b6bc84e792b13593fbd85d4a9a771781770d832092e""}, {""locate_evidence"": ""quote and locator found"", ""located"": true, ""locator"": ""lines:3-13"", ""path"": ""input/released/submissions/S01.md"", ""quote"": ""## Problem 1a\nFinal answer: u_i^{n+1} = u_i^n + (kappa dt / dx^2) (u_{i+1}^n - 2 u_i^n + u_{i-1}^n).\n\n## Problem 1b\nStability requires kappa dt / dx^2 <= 1/2, so dt <= dx^2 / (2 kappa). With kappa = 0.5 and dx = 0.1, dt_max = 0.01.\n\n## Problem 2a\nThe weak form is: find u such that integral_0^1 u'(x) v'(x) dx = integral_0^1 f(x) v(x) dx for all test functions v in H_0^1(0,1).\n\n## Problem 2b\na(u,v) = integral_0^1 u'(x) v'(x) dx, l(v) = integral_0^1 f(x) v(x) dx, and the test space is H_0^1(0,1)."", ""sha256"": ""51f199bf6f45271591b490083831a55df231883d76c10a4b62b566790111b3dd""}, {""locate_evidence"": ""quote and locator found"", ""located"": true, ""locator"": ""/grades_csv_header"", ""path"": ""input/starter_project/output_contract.json"", ""quote"": ""[\n    \""student_id\"",\n    \""problem_1a\"",\n    \""problem_1b\"",\n    \""problem_2a\"",\n    \""problem_2b\"",\n    \""total_score\""\n  ]"", ""sha256"": ""772eab9c44112f19c359b8367a166512aa2d80112cc0583204eb511ef9cb5fa7""}]",supported,"S01's four answers reproduce the released solution key. rubric.json assigns maxima of 2, 3, 2, and 3 points to those respective parts, so a fully correct submission receives 10 total points. No adjacent public rule conflicts with that result.",True,True,True,True,"Locate S01 by header names and compare its four part scores and total numerically to 2, 3, 2, 3, and 10. Decimal spellings such as 2, 2.0, and 2.00 are equivalent.",public_recompute,"S01 reproduces all four released solution-key answers, so its full-credit result follows directly from the published point values without choosing a partial-credit policy.","[""python3"", ""s01_unambiguous_full_credit.py""]","command: python3 s01_unambiguous_full_credit.py; consecutive_runs: 2 identical; stderr: <empty>; {""expected_scores"":{""problem_1a"":""2"",""problem_1b"":""3"",""problem_2a"":""2"",""problem_2b"":""3"",""total_score"":""10""}}","{'S01_row_count': 1, 'scores': {'problem_1a': '2.00', 'problem_1b': '3.00', 'problem_2a': '2.00', 'problem_2b': '3.00', 'total_score': '10.00'}}","The S01 row has problem_1a=2, problem_1b=3, problem_2a=2, problem_2b=3, and total_score=10.",null
verifier_v13_six_r1,education_info__homework_grading_numerical_pdes_instance_02,prep_verifier,0,pass,b14f43a42a3417acb58985f92162468ed48e6e7387051484a7d02dd3b1820983,rubric_error_tags,True,False,unverifiable,error_tags.csv must use rubric-defined tags and assign the tags whose published definitions directly match the visible mistakes.,8,"[{""locate_evidence"": ""quote and locator found"", ""located"": true, ""locator"": ""lines:1-6"", ""path"": ""input/released/grading_protocol.md"", ""quote"": ""# Grading Protocol\n\n1. Read the problem set, rubric, and solution key.\n2. Grade each anonymized submission part by part.\n3. Assign major-error tags when the rubric indicates a conceptual mistake.\n4. Produce concise student-facing feedback and a common-mistakes summary."", ""sha256"": ""42a53933612d0e221bf5502ba6ccec61fd85d808cf6dc38f16f9a7a3cb5198eb""}, {""locate_evidence"": ""quote and locator found"", ""located"": true, ""locator"": ""/error_tags_csv_header"", ""path"": ""input/starter_project/output_contract.json"", ""quote"": ""[\n    \""student_id\"",\n    \""error_tag\""\n  ]"", ""sha256"": ""772eab9c44112f19c359b8367a166512aa2d80112cc0583204eb511ef9cb5fa7""}, {""locate_evidence"": ""quote and locator found"", ""located"": true, ""locator"": ""/error_tags"", ""path"": ""input/released/rubric.json"", ""quote"": ""{\n    \""wrong_discrete_laplacian\"": \""Discrete Laplacian is missing the -2*u_i^n term or has the wrong stencil.\"",\n    \""stability_factor_of_two_error\"": \""Explicit stability condition is missing the factor of two in the denominator.\"",\n    \""wrong_dt_max\"": \""Arithmetic or substitution for dt_max is incorrect.\"",\n    \""wrong_weak_form_sign\"": \""Weak form has the wrong sign after integration by parts.\"",\n    \""missing_function_space\"": \""The answer omits the H_0^1 test space.\"",\n    \""missing_linear_functional\"": \""The answer omits or misstates the linear functional l(v).\"",\n    \""wrong_bilinear_form\"": \""The bilinear form a(u,v) is incorrect.\""\n  }"", ""sha256"": ""39b57a386058eb94db715583aa36513276601262170afcb3f704196e91808d82""}, {""locate_evidence"": ""quote and locator found"", ""located"": true, ""locator"": ""lines:3-18"", ""path"": ""input/released/solution_key.md"", ""quote"": ""Problem 1a\nu_i^{n+1} = u_i^n + (kappa dt / dx^2) (u_{i+1}^n - 2 u_i^n + u_{i-1}^n)\n\nProblem 1b\nStability requires kappa dt / dx^2 <= 1/2, equivalently dt <= dx^2 / (2 kappa).\nFor kappa = 0.5 and dx = 0.1, dt_max = 0.01.\n\nProblem 2a\nFind u in H_0^1(0,1) such that\nintegral_0^1 u'(x) v'(x) dx = integral_0^1 f(x) v(x) dx\nfor all v in H_0^1(0,1).\n\nProblem 2b\na(u,v) = integral_0^1 u'(x) v'(x) dx\nl(v) = integral_0^1 f(x) v(x) dx\ntest space = H_0^1(0,1)"", ""sha256"": ""3acf708a67d1de2cc0bd2b6bc84e792b13593fbd85d4a9a771781770d832092e""}, {""locate_evidence"": ""quote and locator found"", ""located"": true, ""locator"": ""lines:3-13"", ""path"": ""input/released/submissions/S02.md"", ""quote"": ""## Problem 1a\nFinal answer: u_i^{n+1} = u_i^n + (kappa dt / dx^2) (u_{i+1}^n - 2 u_i^n + u_{i-1}^n).\n\n## Problem 1b\nFor stability I wrote dt <= dx^2 / kappa. Plugging in kappa = 0.5 and dx = 0.1 gives dt_max = 0.02.\n\n## Problem 2a\nThe weak form after integration by parts is integral_0^1 u'(x) v'(x) dx = integral_0^1 f(x) v(x) dx.\n\n## Problem 2b\na(u,v) = integral_0^1 u'(x) v'(x) dx and l(v) = integral_0^1 f(x) v(x) dx."", ""sha256"": ""5ce47eca71508f5f71dc9c6e5a3cb95d06c929103c37baf8d0ee6b84544b0948""}, {""locate_evidence"": ""quote and locator found"", ""located"": true, ""locator"": ""lines:3-13"", ""path"": ""input/released/submissions/S03.md"", ""quote"": ""## Problem 1a\nFinal answer: u_i^{n+1} = u_i^n + (kappa dt / dx^2) (u_{i+1}^n - u_i^n + u_{i-1}^n).\n\n## Problem 1b\nI think the method is stable if dt <= dx^2 / (4 kappa), so dt_max = 0.005.\n\n## Problem 2a\nAfter integration by parts I get - integral_0^1 u'(x) v'(x) dx = integral_0^1 f(x) v(x) dx.\n\n## Problem 2b\na(u,v) = - integral_0^1 u'(x) v'(x) dx, l(v) = integral_0^1 f(x) v(x) dx, and v belongs to H_0^1(0,1)."", ""sha256"": ""7f1c5edc7af0cd8e1c5987655a920545ae12dcf0a1ba9e325a49a01eda489992""}, {""locate_evidence"": ""quote and locator found"", ""located"": true, ""locator"": ""lines:3-13"", ""path"": ""input/released/submissions/S04.md"", ""quote"": ""## Problem 1a\nu_i^{n+1} = u_i^n + (kappa dt / dx^2) (u_{i+1}^n - 2 u_i^n + u_{i-1}^n).\n\n## Problem 1b\nStability requires dt <= dx^2 / (2 kappa), so for kappa = 0.5 and dx = 0.1 we get dt_max = 0.01.\n\n## Problem 2a\nWeak form: integral_0^1 u'(x) v'(x) dx = integral_0^1 f(x) v(x) dx.\n\n## Problem 2b\na(u,v) = integral_0^1 u'(x) v'(x) dx. I would solve this for all admissible test functions."", ""sha256"": ""b7175b09e60441257a7754833f880b77ba8548a4b0037528d766898a1e2c7bc9""}, {""locate_evidence"": ""quote and locator found"", ""located"": true, ""locator"": ""lines:3-13"", ""path"": ""input/released/submissions/S05.md"", ""quote"": ""## Problem 1a\nThe update is u_i^{n+1} = u_i^n + (kappa dt / dx^2) (u_{i+1}^n - 2 u_i^n + u_{i-1}^n).\n\n## Problem 1b\nThe explicit scheme needs dt <= dx^2 / (2 kappa). Using kappa = 0.5 and dx = 0.1, I get dt_max = 0.001.\n\n## Problem 2a\nFind u so that integral_0^1 u'(x) v'(x) dx = integral_0^1 f(x) v(x) dx for all v in H_0^1(0,1).\n\n## Problem 2b\na(u,v) = integral_0^1 u'(x) v'(x) dx, l(v) = integral_0^1 f(x) v(x) dx, test space H_0^1(0,1)."", ""sha256"": ""edb1dbdf624aa9188beda8e414e706d5be41f3e30348670eaab8d1e1c4263899""}]",ambiguous,"Most required pairs directly match the released tag definitions and submissions: S02 omits H_0^1 and gives the factor-of-two stability error; S03 has the wrong stencil, weak-form sign, and bilinear form; S04 omits H_0^1 and l(v); S05 makes an arithmetic error in dt_max. However, requiring wrong_dt_max for S02 and S03 is not unambiguously entailed by the definition 'Arithmetic or substitution for dt_max is incorrect.' Both students correctly calculate the displayed numerical value from their own incorrect stability restriction; their primary defect is the restriction itself. The public taxonomy does not state whether wrong_dt_max must also be assigned whenever an incorrect stability formula consequently yields an incorrect final number.",False,False,True,True,"Require the exact two-column header; accept only stable IDs and the seven rubric tag names; reject duplicate pairs; and require all directly evidenced pairs. The checker does not add stability_factor_of_two_error to S03 because the released definition specifically describes a missing denominator factor, whereas S03 uses an extra factor.",public_recompute,Each required pair follows by direct comparison of a released submission to the solution key and the matching rubric tag definition.,"[""python3"", ""rubric_error_tags.py""]","mechanical locators: input/released/grading_protocol.md lines:1-6: quote and locator found; input/starter_project/output_contract.json /error_tags_csv_header: quote and locator found; input/released/rubric.json /error_tags: quote and locator found; input/released/solution_key.md lines:3-18: quote and locator found; input/released/submissions/S02.md lines:3-13: quote and locator found; input/released/submissions/S03.md lines:3-13: quote and locator found; input/released/submissions/S04.md lines:3-13: quote and locator found; input/released/submissions/S05.md lines:3-13: quote and locator found; source audit: Most required pairs directly match the released tag definitions and submissions: S02 omits H_0^1 and gives the factor-of-two stability error; S03 has the wrong stencil, weak-form sign, and bilinear form; S04 omits H_0^1 and l(v); S05 makes an arithmetic error in dt_max. However, requiring wrong_dt_max for S02 and S03 is not unambiguously entailed by the definition 'Arithmetic or substitution for dt_max is incorrect.' Both students correctly calculate the displayed numerical value from their own incorrect stability restriction; their primary defect is the restriction itself. The public taxonomy does not state whether wrong_dt_max must also be assigned whenever an incorrect stability formula consequently yields an incorrect final number.",source status: ambiguous,"Required pairs are S02 with stability_factor_of_two_error, wrong_dt_max, and missing_function_space; S03 with wrong_discrete_laplacian, wrong_dt_max, wrong_weak_form_sign, and wrong_bilinear_form; S04 with missing_function_space and missing_linear_functional; and S05 with wrong_dt_max. Every reported pair uses a released student ID and released tag.",null
verifier_v13_six_r1,education_info__homework_grading_numerical_pdes_instance_02,prep_verifier,0,pass,b14f43a42a3417acb58985f92162468ed48e6e7387051484a7d02dd3b1820983,feedback_roster_and_word_limit,True,True,pass,"per_student_feedback.json must provide feedback for every stable student ID, with no more than 70 words per student.",4,"[{""locate_evidence"": ""quote and locator found"", ""located"": true, ""locator"": ""lines:12-20"", ""path"": ""input/TASK_PROMPT.md"", ""quote"": ""1. Read the grading protocol, rubric, solution key, and the five student submissions.\n2. Grade each student submission part by part.\n3. Assign rubric-aligned error tags where appropriate.\n4. Write concise constructive per-student feedback and a short common-mistakes summary.\n5. Save exactly these files under `/media/user/data/agenthle/education/homework_grading_numerical_pdes_instance_02/base/output/`:\n   - `grades.csv`\n   - `error_tags.csv`\n   - `per_student_feedback.json`\n   - `common_mistakes_summary.md`"", ""sha256"": ""6fafe0cee6be7e89a7f133251caea16346ba6f5293f9bc54214deb86ea8a4de7""}, {""locate_evidence"": ""quote and locator found"", ""located"": true, ""locator"": ""lines:23-28"", ""path"": ""input/TASK_PROMPT.md"", ""quote"": ""Rules:\n- Treat `input/` as read-only.\n- Do not read or modify evaluator-only files under `reference/`.\n- Keep student IDs stable across every output file.\n- Use the task-local `/media/user/data/agenthle/education/homework_grading_numerical_pdes_instance_02/base/software/python` wrapper if you want to script the grading workflow (it `exec`s the preinstalled system Python).\n- Write final deliverables only under `output/`."", ""sha256"": ""6fafe0cee6be7e89a7f133251caea16346ba6f5293f9bc54214deb86ea8a4de7""}, {""locate_evidence"": ""quote and locator found"", ""located"": true, ""locator"": ""/feedback_style"", ""path"": ""input/released/rubric.json"", ""quote"": ""{\n    \""max_words_per_student\"": 70,\n    \""tone\"": \""brief, constructive, rubric-based\""\n  }"", ""sha256"": ""39b57a386058eb94db715583aa36513276601262170afcb3f704196e91808d82""}, {""locate_evidence"": ""quote and locator found"", ""located"": true, ""locator"": ""lines:43-47"", ""path"": ""input/starter_project/grading_scaffold.py"", ""quote"": ""def baseline_feedback(student_ids: list[str]) -> dict[str, str]:\n    return {\n        student_id: \""Baseline scaffold output. Replace this with rubric-based grading feedback.\""\n        for student_id in student_ids\n    }"", ""sha256"": ""52dc52ec222f901588247dfaad54bf302bd348664db3a08990d2f944a817d01c""}]",supported,TASK_PROMPT.md requires per-student feedback for the five submissions and stable IDs. rubric.json expressly sets max_words_per_student to 70. The starter scaffold represents feedback as a student-ID-to-string JSON object. Providing feedback entails nonempty text for each student.,True,True,True,True,Require a JSON object whose exact keys are S01 through S05 and whose values are nonempty strings. Count words as non-whitespace token sequences and require each count to be at most 70.,public_recompute,The scaffold publishes the student-ID-to-string shape and the rubric publishes an objective maximum word count.,"[""python3"", ""feedback_roster_and_word_limit.py""]","command: python3 feedback_roster_and_word_limit.py; consecutive_runs: 2 identical; stderr: <empty>; {""expected_student_ids"":[""S01"",""S02"",""S03"",""S04"",""S05""],""max_words_per_student"":70}","{'all_nonempty': True, 'all_values_strings': True, 'keys': ['S01', 'S02', 'S03', 'S04', 'S05'], 'word_counts': {'S01': 28, 'S02': 32, 'S03': 42, 'S04': 34, 'S05': 28}}","The JSON object has exactly five keys, S01–S05; every value is a nonempty string of 70 words or fewer.",null
verifier_v13_six_r1,education_info__homework_grading_numerical_pdes_instance_02,prep_verifier,0,pass,b14f43a42a3417acb58985f92162468ed48e6e7387051484a7d02dd3b1820983,manifest_required_keys,True,True,pass,grader_manifest.json must contain the three published required keys.,2,"[{""locate_evidence"": ""quote and locator found"", ""located"": true, ""locator"": ""/manifest_required_keys"", ""path"": ""input/starter_project/output_contract.json"", ""quote"": ""[\n    \""python_version\"",\n    \""platform\"",\n    \""rubric_version\""\n  ]"", ""sha256"": ""772eab9c44112f19c359b8367a166512aa2d80112cc0583204eb511ef9cb5fa7""}, {""locate_evidence"": ""quote and locator found"", ""located"": true, ""locator"": ""lines:35-40"", ""path"": ""input/starter_project/grading_scaffold.py"", ""quote"": ""def build_manifest() -> dict[str, str]:\n    return {\n        \""python_version\"": sys.version.split()[0],\n        \""platform\"": platform.platform(),\n        \""rubric_version\"": \""starter-scaffold\"",\n    }"", ""sha256"": ""52dc52ec222f901588247dfaad54bf302bd348664db3a08990d2f944a817d01c""}]",supported,"starter_project/output_contract.json explicitly lists python_version, platform, and rubric_version as manifest_required_keys. grading_scaffold.py declares build_manifest() -> dict[str, str] and constructs all three with string values. No public source prohibits additional manifest keys.",True,True,True,True,"Parse grader_manifest.json as a JSON object and require python_version, platform, and rubric_version to be present with string values, as shown by the manifest builder's declared return type and implementation. Additional keys are not prohibited.",public_recompute,The output contract and scaffold completely specify the required manifest shape; no native validator is provided.,"[""python3"", ""manifest_required_keys.py""]","command: python3 manifest_required_keys.py; consecutive_runs: 2 identical; stderr: <empty>; {""missing"":[],""non_string_required_values"":[],""required_keys"":[""python_version"",""platform"",""rubric_version""]}","{'is_object': True, 'keys': ['platform', 'python_version', 'rubric_version'], 'required_values': {'platform': 'Linux-6.17.0-35-generic-x86_64-with-glibc2.35', 'python_version': '3.10.12', 'rubric_version': 'released-rubric-1.0'}}","grader_manifest.json is an object containing string-valued python_version, platform, and rubric_version keys.",null
verifier_v13_six_r1,education_info__homework_grading_numerical_pdes_instance_02,prep_verifier,0,pass,b14f43a42a3417acb58985f92162468ed48e6e7387051484a7d02dd3b1820983,exact_partial_credit_for_s02_through_s05,False,False,unverifiable,"Each non-fully-correct answer should receive rubric-aligned part scores, but no unique numerical partial-credit values can be frozen from the public materials.",2,"[{""locate_evidence"": ""quote and locator found"", ""located"": true, ""locator"": ""/problems"", ""path"": ""input/released/rubric.json"", ""quote"": ""{\n    \""1a\"": {\n      \""points\"": 2.0,\n      \""description\"": \""Correct explicit update with the second-difference term.\""\n    },\n    \""1b\"": {\n      \""points\"": 3.0,\n      \""description\"": \""Correct stability restriction dt <= dx^2 / (2 kappa) and dt_max = 0.01.\""\n    },\n    \""2a\"": {\n      \""points\"": 2.0,\n      \""description\"": \""Correct weak form after integration by parts.\""\n    },\n    \""2b\"": {\n      \""points\"": 3.0,\n      \""description\"": \""Correct bilinear form, linear functional, and test space H_0^1(0,1).\""\n    }\n  }"", ""sha256"": ""39b57a386058eb94db715583aa36513276601262170afcb3f704196e91808d82""}, {""locate_evidence"": ""quote and locator found"", ""located"": true, ""locator"": ""lines:10-15"", ""path"": ""input/starter_project/README.md"", ""quote"": ""It cannot:\n- compute the correct rubric-aligned grades for you\n- infer the correct error tags automatically\n- write full-score feedback by itself\n\nRunning `python run_submission.py --output-dir <dir>` produces a structurally valid baseline submission that is expected to score below `1.0`."", ""sha256"": ""4323fa220d6e9e5264b2863396ea1571fc8b907b272f1b7af131d4664941f030""}]",,,,,,,"The rubric gives only each part's maximum and a correctness description. It does not allocate points among subcomponents, state an all-or-nothing policy, or otherwise determine scores for partially correct answers.",,,[],"The rubric gives only each part's maximum and a correctness description. It does not allocate points among subcomponents, state an all-or-nothing policy, or otherwise determine scores for partially correct answers.",public solve-time truth is unavailable,"Each non-fully-correct answer should receive rubric-aligned part scores, but no unique numerical partial-credit values can be frozen from the public materials.",null
verifier_v13_six_r1,education_info__homework_grading_numerical_pdes_instance_02,prep_verifier,0,pass,b14f43a42a3417acb58985f92162468ed48e6e7387051484a7d02dd3b1820983,feedback_constructiveness_and_rubric_alignment,False,False,unverifiable,"Each feedback entry should be brief, constructive, student-facing, and tied to the student's rubric-relevant strengths or mistakes.",2,"[{""locate_evidence"": ""quote and locator found"", ""located"": true, ""locator"": ""/feedback_style"", ""path"": ""input/released/rubric.json"", ""quote"": ""{\n    \""max_words_per_student\"": 70,\n    \""tone\"": \""brief, constructive, rubric-based\""\n  }"", ""sha256"": ""39b57a386058eb94db715583aa36513276601262170afcb3f704196e91808d82""}, {""locate_evidence"": ""quote and locator found"", ""located"": true, ""locator"": ""lines:3-6"", ""path"": ""input/released/grading_protocol.md"", ""quote"": ""1. Read the problem set, rubric, and solution key.\n2. Grade each anonymized submission part by part.\n3. Assign major-error tags when the rubric indicates a conceptual mistake.\n4. Produce concise student-facing feedback and a common-mistakes summary."", ""sha256"": ""42a53933612d0e221bf5502ba6ccec61fd85d808cf6dc38f16f9a7a3cb5198eb""}]",,,,,,,"The 70-word cap and data shape are checkable, but semantic constructiveness and rubric alignment cannot be proved soundly with deterministic static rules without imposing unpublished phrase requirements.",,,[],"The 70-word cap and data shape are checkable, but semantic constructiveness and rubric alignment cannot be proved soundly with deterministic static rules without imposing unpublished phrase requirements.",public solve-time truth is unavailable,"Each feedback entry should be brief, constructive, student-facing, and tied to the student's rubric-relevant strengths or mistakes.",null
verifier_v13_six_r1,education_info__homework_grading_numerical_pdes_instance_02,prep_verifier,0,pass,b14f43a42a3417acb58985f92162468ed48e6e7387051484a7d02dd3b1820983,common_mistakes_summary_content,False,False,unverifiable,common_mistakes_summary.md should briefly and accurately summarize mistakes recurring across the five submissions.,2,"[{""locate_evidence"": ""quote and locator found"", ""located"": true, ""locator"": ""lines:12-20"", ""path"": ""input/TASK_PROMPT.md"", ""quote"": ""1. Read the grading protocol, rubric, solution key, and the five student submissions.\n2. Grade each student submission part by part.\n3. Assign rubric-aligned error tags where appropriate.\n4. Write concise constructive per-student feedback and a short common-mistakes summary.\n5. Save exactly these files under `/media/user/data/agenthle/education/homework_grading_numerical_pdes_instance_02/base/output/`:\n   - `grades.csv`\n   - `error_tags.csv`\n   - `per_student_feedback.json`\n   - `common_mistakes_summary.md`"", ""sha256"": ""6fafe0cee6be7e89a7f133251caea16346ba6f5293f9bc54214deb86ea8a4de7""}, {""locate_evidence"": ""quote and locator found"", ""located"": true, ""locator"": ""lines:11-15"", ""path"": ""input/README.md"", ""quote"": ""What is not visible:\n- gold score tables\n- gold error tags\n- hidden phrase-coverage requirements\n- any perfect grader implementation"", ""sha256"": ""c77288970cb381acd9f412645b9e1bceee69f8e977a82975cf027e646b9b88d7""}]",,,,,,,"The materials do not define an objective length, required Markdown structure, minimum recurrence count, or mandatory phrases. Keyword checks would create unstated requirements and would not prove accuracy.",,,[],"The materials do not define an objective length, required Markdown structure, minimum recurrence count, or mandatory phrases. Keyword checks would create unstated requirements and would not prove accuracy.",public solve-time truth is unavailable,common_mistakes_summary.md should briefly and accurately summarize mistakes recurring across the five submissions.,null
verifier_v13_six_r1,education_info__homework_grading_numerical_pdes_instance_02,prep_verifier,0,pass,b14f43a42a3417acb58985f92162468ed48e6e7387051484a7d02dd3b1820983,manifest_value_truthfulness,False,False,unverifiable,Manifest values should accurately describe the workflow environment and rubric version.,2,"[{""locate_evidence"": ""quote and locator found"", ""located"": true, ""locator"": ""lines:35-40"", ""path"": ""input/starter_project/grading_scaffold.py"", ""quote"": ""def build_manifest() -> dict[str, str]:\n    return {\n        \""python_version\"": sys.version.split()[0],\n        \""platform\"": platform.platform(),\n        \""rubric_version\"": \""starter-scaffold\"",\n    }"", ""sha256"": ""52dc52ec222f901588247dfaad54bf302bd348664db3a08990d2f944a817d01c""}, {""locate_evidence"": ""quote and locator found"", ""located"": true, ""locator"": ""lines:1-1"", ""path"": ""software/README.txt"", ""quote"": ""Use the task-local `software/python` wrapper on the Linux VM to script the grading workflow. The wrapper `exec`s the preinstalled `/usr/bin/python` (Python 3.10.12). No extra runtime install is required."", ""sha256"": ""fb3f65ce4257b8a6f6fac751549b70c66cd239c000651e82f94fdd497eb1ce02""}]",,,,,,,"The public contract requires the keys but defines neither the authoritative rubric_version string nor whether python_version and platform describe the checker, writer process, or host. Exact truthful values therefore cannot be frozen.",,,[],"The public contract requires the keys but defines neither the authoritative rubric_version string nor whether python_version and platform describe the checker, writer process, or host. Exact truthful values therefore cannot be frozen.",public solve-time truth is unavailable,Manifest values should accurately describe the workflow environment and rubric version.,null
verifier_v13_six_r1,education_info__homework_grading_numerical_pdes_instance_02,prep_verifier,0,pass,b14f43a42a3417acb58985f92162468ed48e6e7387051484a7d02dd3b1820983,input_and_reference_access_history,False,False,unverifiable,The grading process must not modify input/ or read or modify reference/.,1,"[{""locate_evidence"": ""quote and locator found"", ""located"": true, ""locator"": ""lines:23-28"", ""path"": ""input/TASK_PROMPT.md"", ""quote"": ""Rules:\n- Treat `input/` as read-only.\n- Do not read or modify evaluator-only files under `reference/`.\n- Keep student IDs stable across every output file.\n- Use the task-local `/media/user/data/agenthle/education/homework_grading_numerical_pdes_instance_02/base/software/python` wrapper if you want to script the grading workflow (it `exec`s the preinstalled system Python).\n- Write final deliverables only under `output/`."", ""sha256"": ""6fafe0cee6be7e89a7f133251caea16346ba6f5293f9bc54214deb86ea8a4de7""}]",,,,,,,A post-submission checker restricted to the staged public inputs and outputs cannot reconstruct prior filesystem reads or prove that no transient modification occurred.,,,[],A post-submission checker restricted to the staged public inputs and outputs cannot reconstruct prior filesystem reads or prove that no transient modification occurred.,public solve-time truth is unavailable,The grading process must not modify input/ or read or modify reference/.,null
verifier_v13_six_r1,education_info__homework_grading_numerical_pdes_instance_02,verifier,0,pass,1845fc5e40c11879b20b33a1dd49fbf79ba0924d9f9f77232ec3903eddc9afbd,exact_required_deliverables,True,True,pass,The output directory must contain exactly the five named deliverable files.,1,"[{""locate_evidence"": ""quote and locator found"", ""located"": true, ""locator"": ""lines:16-21"", ""path"": ""input/TASK_PROMPT.md"", ""quote"": ""5. Save exactly these files under `/media/user/data/agenthle/education/homework_grading_numerical_pdes_instance_02/base/output/`:\n   - `grades.csv`\n   - `error_tags.csv`\n   - `per_student_feedback.json`\n   - `common_mistakes_summary.md`\n   - `grader_manifest.json`"", ""sha256"": ""6fafe0cee6be7e89a7f133251caea16346ba6f5293f9bc54214deb86ea8a4de7""}]",supported,"The public task explicitly says to save exactly five files and names grades.csv, error_tags.csv, per_student_feedback.json, common_mistakes_summary.md, and grader_manifest.json. The starter output_contract.json repeats the same required_outputs list. No adjacent public rule permits additional final deliverables.",True,True,True,True,"Recursively enumerate regular files beneath VERIFIER_OUTPUT and compare their relative POSIX paths with the five-file set stated in the task. Extra files and missing files fail. Harness argv: [""python3"", ""<staged-check>.py""].",public_recompute,No public validator is provided; exact file-set equality can be recomputed directly from the output directory.,"[""python3"", ""exact_required_deliverables.py""]","command: python3 exact_required_deliverables.py; consecutive_runs: 2 identical; stderr: <empty>; {""expected_files"":[""common_mistakes_summary.md"",""error_tags.csv"",""grader_manifest.json"",""grades.csv"",""per_student_feedback.json""],""extra"":[],""missing"":[]}","{'files': ['common_mistakes_summary.md', 'error_tags.csv', 'grader_manifest.json', 'grades.csv', 'per_student_feedback.json']}","The observed file list is exactly [""common_mistakes_summary.md"", ""error_tags.csv"", ""grader_manifest.json"", ""grades.csv"", ""per_student_feedback.json""].",null
verifier_v13_six_r1,education_info__homework_grading_numerical_pdes_instance_02,verifier,0,pass,1845fc5e40c11879b20b33a1dd49fbf79ba0924d9f9f77232ec3903eddc9afbd,schemas_and_stable_student_ids,True,True,pass,"The grades and error-tag CSV files must use the published headers, all five submissions must be graded, feedback must be supplied for all five students, and student IDs must remain stable.",9,"[{""locate_evidence"": ""quote and locator found"", ""located"": true, ""locator"": ""lines:11-15"", ""path"": ""input/TASK_PROMPT.md"", ""quote"": ""Your task:\n1. Read the grading protocol, rubric, solution key, and the five student submissions.\n2. Grade each student submission part by part.\n3. Assign rubric-aligned error tags where appropriate.\n4. Write concise constructive per-student feedback and a short common-mistakes summary."", ""sha256"": ""6fafe0cee6be7e89a7f133251caea16346ba6f5293f9bc54214deb86ea8a4de7""}, {""locate_evidence"": ""quote and locator found"", ""located"": true, ""locator"": ""lines:23-28"", ""path"": ""input/TASK_PROMPT.md"", ""quote"": ""Rules:\n- Treat `input/` as read-only.\n- Do not read or modify evaluator-only files under `reference/`.\n- Keep student IDs stable across every output file.\n- Use the task-local `/media/user/data/agenthle/education/homework_grading_numerical_pdes_instance_02/base/software/python` wrapper if you want to script the grading workflow (it `exec`s the preinstalled system Python).\n- Write final deliverables only under `output/`."", ""sha256"": ""6fafe0cee6be7e89a7f133251caea16346ba6f5293f9bc54214deb86ea8a4de7""}, {""locate_evidence"": ""quote and locator found"", ""located"": true, ""locator"": ""/grades_csv_header"", ""path"": ""input/starter_project/output_contract.json"", ""quote"": ""[\n    \""student_id\"",\n    \""problem_1a\"",\n    \""problem_1b\"",\n    \""problem_2a\"",\n    \""problem_2b\"",\n    \""total_score\""\n  ]"", ""sha256"": ""772eab9c44112f19c359b8367a166512aa2d80112cc0583204eb511ef9cb5fa7""}, {""locate_evidence"": ""quote and locator found"", ""located"": true, ""locator"": ""/error_tags_csv_header"", ""path"": ""input/starter_project/output_contract.json"", ""quote"": ""[\n    \""student_id\"",\n    \""error_tag\""\n  ]"", ""sha256"": ""772eab9c44112f19c359b8367a166512aa2d80112cc0583204eb511ef9cb5fa7""}, {""locate_evidence"": ""quote and locator found"", ""located"": true, ""locator"": ""lines:1-1"", ""path"": ""input/released/submissions/S01.md"", ""quote"": ""# Student Submission S01"", ""sha256"": ""51f199bf6f45271591b490083831a55df231883d76c10a4b62b566790111b3dd""}, {""locate_evidence"": ""quote and locator found"", ""located"": true, ""locator"": ""lines:1-1"", ""path"": ""input/released/submissions/S02.md"", ""quote"": ""# Student Submission S02"", ""sha256"": ""5ce47eca71508f5f71dc9c6e5a3cb95d06c929103c37baf8d0ee6b84544b0948""}, {""locate_evidence"": ""quote and locator found"", ""located"": true, ""locator"": ""lines:1-1"", ""path"": ""input/released/submissions/S03.md"", ""quote"": ""# Student Submission S03"", ""sha256"": ""7f1c5edc7af0cd8e1c5987655a920545ae12dcf0a1ba9e325a49a01eda489992""}, {""locate_evidence"": ""quote and locator found"", ""located"": true, ""locator"": ""lines:1-1"", ""path"": ""input/released/submissions/S04.md"", ""quote"": ""# Student Submission S04"", ""sha256"": ""b7175b09e60441257a7754833f880b77ba8548a4b0037528d766898a1e2c7bc9""}, {""locate_evidence"": ""quote and locator found"", ""located"": true, ""locator"": ""lines:1-1"", ""path"": ""input/released/submissions/S05.md"", ""quote"": ""# Student Submission S05"", ""sha256"": ""edb1dbdf624aa9188beda8e414e706d5be41f3e30348670eaab8d1e1c4263899""}]",supported,"input/starter_project/output_contract.json directly specifies the six grades.csv header fields and two error_tags.csv header fields. The task requires all five submissions to be graded, requires per-student feedback, and says student IDs must remain stable. The released submissions are exactly S01.md through S05.md.",True,True,True,True,"Require exactly one grades.csv row and exactly one feedback object entry for each of S01 through S05. Require the contract headers verbatim. Every error_tags.csv student_id must belong to that same released ID set; repeated IDs there are permitted because a student can have multiple tags. Harness argv: [""python3"", ""<staged-check>.py""].",public_recompute,The public output contract and released submission identifiers are sufficient to validate schemas and identity coverage deterministically.,"[""python3"", ""schemas_and_stable_student_ids.py""]","command: python3 schemas_and_stable_student_ids.py; consecutive_runs: 2 identical; stderr: <empty>; {""errors"":[],""expected_ids"":[""S01"",""S02"",""S03"",""S04"",""S05""]}","{'error_tag_ids': ['S02', 'S02', 'S02', 'S03', 'S03', 'S03', 'S03', 'S04', 'S04', 'S05'], 'error_tags_header': ['student_id', 'error_tag'], 'feedback_keys': ['S01', 'S02', 'S03', 'S04', 'S05'], 'grade_ids': ['S01', 'S02', 'S03', 'S04', 'S05'], 'grades_header': ['student_id', 'problem_1a', 'problem_1b', 'problem_2a', 'problem_2b', 'total_score']}",grades.csv has the six-column contract header and student IDs S01-S05 exactly once; error_tags.csv has the two-column contract header and no foreign student IDs; per_student_feedback.json is an object keyed exactly by S01-S05.,null
verifier_v13_six_r1,education_info__homework_grading_numerical_pdes_instance_02,verifier,0,pass,1845fc5e40c11879b20b33a1dd49fbf79ba0924d9f9f77232ec3903eddc9afbd,manifest_required_keys,True,True,pass,grader_manifest.json must contain the three keys required by the public output contract.,1,"[{""locate_evidence"": ""quote and locator found"", ""located"": true, ""locator"": ""/manifest_required_keys"", ""path"": ""input/starter_project/output_contract.json"", ""quote"": ""[\n    \""python_version\"",\n    \""platform\"",\n    \""rubric_version\""\n  ]"", ""sha256"": ""772eab9c44112f19c359b8367a166512aa2d80112cc0583204eb511ef9cb5fa7""}]",supported,"input/starter_project/output_contract.json explicitly lists python_version, platform, and rubric_version as manifest_required_keys. The starter scaffold's build_manifest() also produces those three fields. No public source constrains their values or prohibits additional fields.",True,True,True,True,"Parse grader_manifest.json as JSON, require a top-level object, and require python_version, platform, and rubric_version as keys. Additional manifest keys are not forbidden. Harness argv: [""python3"", ""<staged-check>.py""].",public_recompute,The required-key check is directly and completely specified by the public JSON contract.,"[""python3"", ""manifest_required_keys.py""]","command: python3 manifest_required_keys.py; consecutive_runs: 2 identical; stderr: <empty>; {""errors"":[],""required_keys"":[""python_version"",""platform"",""rubric_version""]}","{'keys': ['platform', 'python_version', 'rubric_version']}","grader_manifest.json is a JSON object containing python_version, platform, and rubric_version.",null
verifier_v13_six_r1,education_info__homework_grading_numerical_pdes_instance_02,verifier,0,pass,1845fc5e40c11879b20b33a1dd49fbf79ba0924d9f9f77232ec3903eddc9afbd,s01_unambiguous_full_credit,True,False,unverifiable,"S01 matches the released solution on every part and therefore earns all published points: 2, 3, 2, and 3, for 10 total.",7,"[{""locate_evidence"": ""quote or locator not found"", ""located"": false, ""locator"": ""lines:3-13"", ""path"": ""input/released/submissions/S01.md"", ""quote"": ""## Problem 1a\nFinal answer: u_i^{n+1} = u_i^n + (kappa dt / dx^2) (u_{i+1}^n - 2 u_i^n + u_{i-1}^n).\n\n## Problem 1b\nStability requires kappa dt / dx^2 <= 1/2, so dt <= dx^2 / (2 kappa). With kappa = 0.5 and dx = 0.1, dt_max = 0.01.\n\n## Problem 2a\nThe weak form is: find u such that integral_0^1 u'(x) v'(x) dx = integral_0^1 f(x) v(x) dx for all test functions v in H_0^1(0,1).\n\n## Problem 2b\n a(u,v) = integral_0^1 u'(x) v'(x) dx, l(v) = integral_0^1 f(x) v(x) dx, and the test space is H_0^1(0,1)."", ""sha256"": ""51f199bf6f45271591b490083831a55df231883d76c10a4b62b566790111b3dd""}, {""locate_evidence"": ""quote and locator found"", ""located"": true, ""locator"": ""lines:3-18"", ""path"": ""input/released/solution_key.md"", ""quote"": ""Problem 1a\nu_i^{n+1} = u_i^n + (kappa dt / dx^2) (u_{i+1}^n - 2 u_i^n + u_{i-1}^n)\n\nProblem 1b\nStability requires kappa dt / dx^2 <= 1/2, equivalently dt <= dx^2 / (2 kappa).\nFor kappa = 0.5 and dx = 0.1, dt_max = 0.01.\n\nProblem 2a\nFind u in H_0^1(0,1) such that\nintegral_0^1 u'(x) v'(x) dx = integral_0^1 f(x) v(x) dx\nfor all v in H_0^1(0,1).\n\nProblem 2b\na(u,v) = integral_0^1 u'(x) v'(x) dx\nl(v) = integral_0^1 f(x) v(x) dx\ntest space = H_0^1(0,1)"", ""sha256"": ""3acf708a67d1de2cc0bd2b6bc84e792b13593fbd85d4a9a771781770d832092e""}, {""locate_evidence"": ""quote and locator found"", ""located"": true, ""locator"": ""/problems/1a"", ""path"": ""input/released/rubric.json"", ""quote"": ""{\n      \""points\"": 2.0,\n      \""description\"": \""Correct explicit update with the second-difference term.\""\n    }"", ""sha256"": ""39b57a386058eb94db715583aa36513276601262170afcb3f704196e91808d82""}, {""locate_evidence"": ""quote and locator found"", ""located"": true, ""locator"": ""/problems/1b"", ""path"": ""input/released/rubric.json"", ""quote"": ""{\n      \""points\"": 3.0,\n      \""description\"": \""Correct stability restriction dt <= dx^2 / (2 kappa) and dt_max = 0.01.\""\n    }"", ""sha256"": ""39b57a386058eb94db715583aa36513276601262170afcb3f704196e91808d82""}, {""locate_evidence"": ""quote and locator found"", ""located"": true, ""locator"": ""/problems/2a"", ""path"": ""input/released/rubric.json"", ""quote"": ""{\n      \""points\"": 2.0,\n      \""description\"": \""Correct weak form after integration by parts.\""\n    }"", ""sha256"": ""39b57a386058eb94db715583aa36513276601262170afcb3f704196e91808d82""}, {""locate_evidence"": ""quote and locator found"", ""located"": true, ""locator"": ""/problems/2b"", ""path"": ""input/released/rubric.json"", ""quote"": ""{\n      \""points\"": 3.0,\n      \""description\"": \""Correct bilinear form, linear functional, and test space H_0^1(0,1).\""\n    }"", ""sha256"": ""39b57a386058eb94db715583aa36513276601262170afcb3f704196e91808d82""}, {""locate_evidence"": ""quote and locator found"", ""located"": true, ""locator"": ""/grades_csv_header"", ""path"": ""input/starter_project/output_contract.json"", ""quote"": ""[\n    \""student_id\"",\n    \""problem_1a\"",\n    \""problem_1b\"",\n    \""problem_2a\"",\n    \""problem_2b\"",\n    \""total_score\""\n  ]"", ""sha256"": ""772eab9c44112f19c359b8367a166512aa2d80112cc0583204eb511ef9cb5fa7""}]",missing,"S01 gives the correct centered second-difference update; the correct stability condition and dt_max=0.01; the positive-sign weak-form identity for all test functions in H_0^1(0,1); and the correct bilinear form, linear functional, and test space. These satisfy the four released rubric descriptions, whose maxima are respectively 2, 3, 2, and 3 points. The sum is 10. Although S01's 2a wording does not separately write 'u in H_0^1', it gives the required weak-form equation and explicitly identifies the H_0^1 test space, while the rubric's 2a criterion is the correct post-integration-by-parts weak form; the more detailed space identification is expressly assessed in 2b and is correct there.",False,True,True,True,"Read S01's unique grades.csv row and compare all five numeric score fields using decimal arithmetic. Equivalent numeric spellings such as 2 and 2.00 are accepted. Harness argv: [""python3"", ""<staged-check>.py""].",public_recompute,"S01's responses reproduce all substantive elements of the public key, and the public rubric explicitly gives each part's full-credit point value.","[""python3"", ""s01_unambiguous_full_credit.py""]","mechanical locators: input/released/submissions/S01.md lines:3-13: quote or locator not found; input/released/solution_key.md lines:3-18: quote and locator found; input/released/rubric.json /problems/1a: quote and locator found; input/released/rubric.json /problems/1b: quote and locator found; input/released/rubric.json /problems/2a: quote and locator found; input/released/rubric.json /problems/2b: quote and locator found; input/starter_project/output_contract.json /grades_csv_header: quote and locator found; source audit: S01 gives the correct centered second-difference update; the correct stability condition and dt_max=0.01; the positive-sign weak-form identity for all test functions in H_0^1(0,1); and the correct bilinear form, linear functional, and test space. These satisfy the four released rubric descriptions, whose maxima are respectively 2, 3, 2, and 3 points. The sum is 10. Although S01's 2a wording does not separately write 'u in H_0^1', it gives the required weak-form equation and explicitly identifies the H_0^1 test space, while the rubric's 2a criterion is the correct post-integration-by-parts weak form; the more detailed space identification is expressly assessed in 2b and is correct there.",source status: missing,"S01 has problem_1a=2, problem_1b=3, problem_2a=2, problem_2b=3, and total_score=10.",null
verifier_v13_six_r1,education_info__homework_grading_numerical_pdes_instance_02,verifier,0,pass,1845fc5e40c11879b20b33a1dd49fbf79ba0924d9f9f77232ec3903eddc9afbd,mandatory_rubric_error_tags,True,False,unverifiable,Major conceptual mistakes explicitly matching published error-tag definitions must receive the corresponding rubric-aligned tags.,12,"[{""locate_evidence"": ""quote and locator found"", ""located"": true, ""locator"": ""lines:3-6"", ""path"": ""input/released/grading_protocol.md"", ""quote"": ""1. Read the problem set, rubric, and solution key.\n2. Grade each anonymized submission part by part.\n3. Assign major-error tags when the rubric indicates a conceptual mistake.\n4. Produce concise student-facing feedback and a common-mistakes summary."", ""sha256"": ""42a53933612d0e221bf5502ba6ccec61fd85d808cf6dc38f16f9a7a3cb5198eb""}, {""locate_evidence"": ""quote and locator found"", ""located"": true, ""locator"": ""lines:6-13"", ""path"": ""input/released/submissions/S02.md"", ""quote"": ""## Problem 1b\nFor stability I wrote dt <= dx^2 / kappa. Plugging in kappa = 0.5 and dx = 0.1 gives dt_max = 0.02.\n\n## Problem 2a\nThe weak form after integration by parts is integral_0^1 u'(x) v'(x) dx = integral_0^1 f(x) v(x) dx.\n\n## Problem 2b\na(u,v) = integral_0^1 u'(x) v'(x) dx and l(v) = integral_0^1 f(x) v(x) dx."", ""sha256"": ""5ce47eca71508f5f71dc9c6e5a3cb95d06c929103c37baf8d0ee6b84544b0948""}, {""locate_evidence"": ""quote and locator found"", ""located"": true, ""locator"": ""lines:3-13"", ""path"": ""input/released/submissions/S03.md"", ""quote"": ""## Problem 1a\nFinal answer: u_i^{n+1} = u_i^n + (kappa dt / dx^2) (u_{i+1}^n - u_i^n + u_{i-1}^n).\n\n## Problem 1b\nI think the method is stable if dt <= dx^2 / (4 kappa), so dt_max = 0.005.\n\n## Problem 2a\nAfter integration by parts I get - integral_0^1 u'(x) v'(x) dx = integral_0^1 f(x) v(x) dx.\n\n## Problem 2b\na(u,v) = - integral_0^1 u'(x) v'(x) dx, l(v) = integral_0^1 f(x) v(x) dx, and v belongs to H_0^1(0,1)."", ""sha256"": ""7f1c5edc7af0cd8e1c5987655a920545ae12dcf0a1ba9e325a49a01eda489992""}, {""locate_evidence"": ""quote and locator found"", ""located"": true, ""locator"": ""lines:9-13"", ""path"": ""input/released/submissions/S04.md"", ""quote"": ""## Problem 2a\nWeak form: integral_0^1 u'(x) v'(x) dx = integral_0^1 f(x) v(x) dx.\n\n## Problem 2b\na(u,v) = integral_0^1 u'(x) v'(x) dx. I would solve this for all admissible test functions."", ""sha256"": ""b7175b09e60441257a7754833f880b77ba8548a4b0037528d766898a1e2c7bc9""}, {""locate_evidence"": ""quote and locator found"", ""located"": true, ""locator"": ""lines:6-7"", ""path"": ""input/released/submissions/S05.md"", ""quote"": ""## Problem 1b\nThe explicit scheme needs dt <= dx^2 / (2 kappa). Using kappa = 0.5 and dx = 0.1, I get dt_max = 0.001."", ""sha256"": ""edb1dbdf624aa9188beda8e414e706d5be41f3e30348670eaab8d1e1c4263899""}, {""locate_evidence"": ""quote and locator found"", ""located"": true, ""locator"": ""/error_tags/wrong_discrete_laplacian"", ""path"": ""input/released/rubric.json"", ""quote"": ""\""Discrete Laplacian is missing the -2*u_i^n term or has the wrong stencil.\"""", ""sha256"": ""39b57a386058eb94db715583aa36513276601262170afcb3f704196e91808d82""}, {""locate_evidence"": ""quote and locator found"", ""located"": true, ""locator"": ""/error_tags/stability_factor_of_two_error"", ""path"": ""input/released/rubric.json"", ""quote"": ""\""Explicit stability condition is missing the factor of two in the denominator.\"""", ""sha256"": ""39b57a386058eb94db715583aa36513276601262170afcb3f704196e91808d82""}, {""locate_evidence"": ""quote and locator found"", ""located"": true, ""locator"": ""/error_tags/wrong_dt_max"", ""path"": ""input/released/rubric.json"", ""quote"": ""\""Arithmetic or substitution for dt_max is incorrect.\"""", ""sha256"": ""39b57a386058eb94db715583aa36513276601262170afcb3f704196e91808d82""}, {""locate_evidence"": ""quote and locator found"", ""located"": true, ""locator"": ""/error_tags/wrong_weak_form_sign"", ""path"": ""input/released/rubric.json"", ""quote"": ""\""Weak form has the wrong sign after integration by parts.\"""", ""sha256"": ""39b57a386058eb94db715583aa36513276601262170afcb3f704196e91808d82""}, {""locate_evidence"": ""quote and locator found"", ""located"": true, ""locator"": ""/error_tags/missing_function_space"", ""path"": ""input/released/rubric.json"", ""quote"": ""\""The answer omits the H_0^1 test space.\"""", ""sha256"": ""39b57a386058eb94db715583aa36513276601262170afcb3f704196e91808d82""}, {""locate_evidence"": ""quote and locator found"", ""located"": true, ""locator"": ""/error_tags/missing_linear_functional"", ""path"": ""input/released/rubric.json"", ""quote"": ""\""The answer omits or misstates the linear functional l(v).\"""", ""sha256"": ""39b57a386058eb94db715583aa36513276601262170afcb3f704196e91808d82""}, {""locate_evidence"": ""quote and locator found"", ""located"": true, ""locator"": ""/error_tags/wrong_bilinear_form"", ""path"": ""input/released/rubric.json"", ""quote"": ""\""The bilinear form a(u,v) is incorrect.\"""", ""sha256"": ""39b57a386058eb94db715583aa36513276601262170afcb3f704196e91808d82""}]",ambiguous,"Eight of the nine required pairs are directly supported: S02 omits the factor of two and H_0^1 space; S03 has the wrong stencil, weak-form sign, and bilinear form; S04 omits H_0^1 and l(v); and S05 has a correct bound but an arithmetically wrong dt_max. The ambiguous pair is (S02, wrong_dt_max). S02 computes 0.02 correctly from the student's already incorrect formula dt<=dx^2/kappa. The rubric separately defines stability_factor_of_two_error for that conceptual formula error, while wrong_dt_max is described as an arithmetic or substitution error. The sources do not state whether both tags must be assigned when the wrong numeric result follows arithmetically from the separately tagged wrong stability formula.",False,False,True,True,"Treat error_tags.csv rows as (student_id,error_tag) pairs and require the clear public matches: S02 factor-of-two, wrong dt_max, and missing function space; S03 wrong discrete Laplacian, wrong weak-form sign, and wrong bilinear form; S04 missing function space and missing linear functional; S05 wrong dt_max. This is a required-subset check and does not prohibit additional defensible rubric tags. Harness argv: [""python3"", ""<staged-check>.py""].",public_recompute,Each required pair follows directly from an explicit student statement or omission and the corresponding public tag definition; no hidden grading data or partial-credit assumptions are needed.,"[""python3"", ""mandatory_rubric_error_tags.py""]","mechanical locators: input/released/grading_protocol.md lines:3-6: quote and locator found; input/released/submissions/S02.md lines:6-13: quote and locator found; input/released/submissions/S03.md lines:3-13: quote and locator found; input/released/submissions/S04.md lines:9-13: quote and locator found; input/released/submissions/S05.md lines:6-7: quote and locator found; input/released/rubric.json /error_tags/wrong_discrete_laplacian: quote and locator found; input/released/rubric.json /error_tags/stability_factor_of_two_error: quote and locator found; input/released/rubric.json /error_tags/wrong_dt_max: quote and locator found; input/released/rubric.json /error_tags/wrong_weak_form_sign: quote and locator found; input/released/rubric.json /error_tags/missing_function_space: quote and locator found; input/released/rubric.json /error_tags/missing_linear_functional: quote and locator found; input/released/rubric.json /error_tags/wrong_bilinear_form: quote and locator found; source audit: Eight of the nine required pairs are directly supported: S02 omits the factor of two and H_0^1 space; S03 has the wrong stencil, weak-form sign, and bilinear form; S04 omits H_0^1 and l(v); and S05 has a correct bound but an arithmetically wrong dt_max. The ambiguous pair is (S02, wrong_dt_max). S02 computes 0.02 correctly from the student's already incorrect formula dt<=dx^2/kappa. The rubric separately defines stability_factor_of_two_error for that conceptual formula error, while wrong_dt_max is described as an arithmetic or substitution error. The sources do not state whether both tags must be assigned when the wrong numeric result follows arithmetically from the separately tagged wrong stability formula.",source status: ambiguous,All nine mandatory student/tag pairs are present in error_tags.csv.,null
verifier_v13_six_r1,education_info__homework_grading_numerical_pdes_instance_02,verifier,0,pass,1845fc5e40c11879b20b33a1dd49fbf79ba0924d9f9f77232ec3903eddc9afbd,feedback_word_limit,True,False,unverifiable,Each student's feedback must contain no more than 70 words.,2,"[{""locate_evidence"": ""quote and locator found"", ""located"": true, ""locator"": ""/feedback_style/max_words_per_student"", ""path"": ""input/released/rubric.json"", ""quote"": ""70"", ""sha256"": ""39b57a386058eb94db715583aa36513276601262170afcb3f704196e91808d82""}, {""locate_evidence"": ""quote and locator found"", ""located"": true, ""locator"": ""lines:11-15"", ""path"": ""input/TASK_PROMPT.md"", ""quote"": ""Your task:\n1. Read the grading protocol, rubric, solution key, and the five student submissions.\n2. Grade each student submission part by part.\n3. Assign rubric-aligned error tags where appropriate.\n4. Write concise constructive per-student feedback and a short common-mistakes summary."", ""sha256"": ""6fafe0cee6be7e89a7f133251caea16346ba6f5293f9bc54214deb86ea8a4de7""}]",ambiguous,"The rubric directly supplies max_words_per_student=70, and the task requires concise per-student feedback for all five students, supporting nonempty feedback entries bounded by 70 words. However, no public source defines 'word' as every non-whitespace sequence. Consequently, the exact whitespace-token interpretation is not directly entailed for edge cases involving punctuation or unusual spacing.",False,False,False,True,"Parse per_student_feedback.json as an object, require each value to be a non-empty string, and count words as non-whitespace token sequences. Every entry must have at most 70 words. Harness argv: [""python3"", ""<staged-check>.py""].",public_recompute,"The rubric supplies an exact numeric maximum, so the limit can be checked deterministically without judging prose quality.","[""python3"", ""feedback_word_limit.py""]","mechanical locators: input/released/rubric.json /feedback_style/max_words_per_student: quote and locator found; input/TASK_PROMPT.md lines:11-15: quote and locator found; source audit: The rubric directly supplies max_words_per_student=70, and the task requires concise per-student feedback for all five students, supporting nonempty feedback entries bounded by 70 words. However, no public source defines 'word' as every non-whitespace sequence. Consequently, the exact whitespace-token interpretation is not directly entailed for edge cases involving punctuation or unusual spacing.",source status: ambiguous,Every per-student feedback string is non-empty and has a whitespace-token word count of 70 or less.,null
verifier_v13_six_r1,education_info__homework_grading_numerical_pdes_instance_02,verifier,0,pass,1845fc5e40c11879b20b33a1dd49fbf79ba0924d9f9f77232ec3903eddc9afbd,remaining_students_exact_partial_scores,False,False,unverifiable,Scores for S02-S05 should be rubric-aligned part by part.,2,"[{""locate_evidence"": ""quote and locator found"", ""located"": true, ""locator"": ""/problems"", ""path"": ""input/released/rubric.json"", ""quote"": ""{\n    \""1a\"": {\n      \""points\"": 2.0,\n      \""description\"": \""Correct explicit update with the second-difference term.\""\n    },\n    \""1b\"": {\n      \""points\"": 3.0,\n      \""description\"": \""Correct stability restriction dt <= dx^2 / (2 kappa) and dt_max = 0.01.\""\n    },\n    \""2a\"": {\n      \""points\"": 2.0,\n      \""description\"": \""Correct weak form after integration by parts.\""\n    },\n    \""2b\"": {\n      \""points\"": 3.0,\n      \""description\"": \""Correct bilinear form, linear functional, and test space H_0^1(0,1).\""\n    }\n  }"", ""sha256"": ""39b57a386058eb94db715583aa36513276601262170afcb3f704196e91808d82""}, {""locate_evidence"": ""quote and locator found"", ""located"": true, ""locator"": ""lines:3-6"", ""path"": ""input/released/grading_protocol.md"", ""quote"": ""1. Read the problem set, rubric, and solution key.\n2. Grade each anonymized submission part by part.\n3. Assign major-error tags when the rubric indicates a conceptual mistake.\n4. Produce concise student-facing feedback and a common-mistakes summary."", ""sha256"": ""42a53933612d0e221bf5502ba6ccec61fd85d808cf6dc38f16f9a7a3cb5198eb""}]",,,,,,,The public rubric gives maximum points and correctness descriptions but no deduction or partial-credit schedule for answers that contain only some required elements. Exact numeric scores for those mixed answers cannot be frozen without inventing an unstated grading rule.,,,[],The public rubric gives maximum points and correctness descriptions but no deduction or partial-credit schedule for answers that contain only some required elements. Exact numeric scores for those mixed answers cannot be frozen without inventing an unstated grading rule.,public solve-time truth is unavailable,Scores for S02-S05 should be rubric-aligned part by part.,null
verifier_v13_six_r1,education_info__homework_grading_numerical_pdes_instance_02,verifier,0,pass,1845fc5e40c11879b20b33a1dd49fbf79ba0924d9f9f77232ec3903eddc9afbd,feedback_constructiveness_and_rubric_alignment,False,False,unverifiable,"Each feedback entry should be brief, constructive, rubric-based, and accurately address the student's work.",2,"[{""locate_evidence"": ""quote and locator found"", ""located"": true, ""locator"": ""/feedback_style"", ""path"": ""input/released/rubric.json"", ""quote"": ""{\n    \""max_words_per_student\"": 70,\n    \""tone\"": \""brief, constructive, rubric-based\""\n  }"", ""sha256"": ""39b57a386058eb94db715583aa36513276601262170afcb3f704196e91808d82""}, {""locate_evidence"": ""quote and locator found"", ""located"": true, ""locator"": ""lines:4-6"", ""path"": ""input/released/grading_protocol.md"", ""quote"": ""2. Grade each anonymized submission part by part.\n3. Assign major-error tags when the rubric indicates a conceptual mistake.\n4. Produce concise student-facing feedback and a common-mistakes summary."", ""sha256"": ""42a53933612d0e221bf5502ba6ccec61fd85d808cf6dc38f16f9a7a3cb5198eb""}]",,,,,,,"The exact 70-word ceiling is tested, but semantic accuracy, constructiveness, and tone cannot be proved by a deterministic frozen checker without imposing unpublished phrase requirements or using an unreliable keyword proxy.",,,[],"The exact 70-word ceiling is tested, but semantic accuracy, constructiveness, and tone cannot be proved by a deterministic frozen checker without imposing unpublished phrase requirements or using an unreliable keyword proxy.",public solve-time truth is unavailable,"Each feedback entry should be brief, constructive, rubric-based, and accurately address the student's work.",null
verifier_v13_six_r1,education_info__homework_grading_numerical_pdes_instance_02,verifier,0,pass,1845fc5e40c11879b20b33a1dd49fbf79ba0924d9f9f77232ec3903eddc9afbd,common_mistakes_summary_quality,False,False,unverifiable,"common_mistakes_summary.md should provide a short, accurate summary of mistakes shared across the submissions.",1,"[{""locate_evidence"": ""quote and locator found"", ""located"": true, ""locator"": ""lines:11-15"", ""path"": ""input/TASK_PROMPT.md"", ""quote"": ""Your task:\n1. Read the grading protocol, rubric, solution key, and the five student submissions.\n2. Grade each student submission part by part.\n3. Assign rubric-aligned error tags where appropriate.\n4. Write concise constructive per-student feedback and a short common-mistakes summary."", ""sha256"": ""6fafe0cee6be7e89a7f133251caea16346ba6f5293f9bc54214deb86ea8a4de7""}]",,,,,,,"The public materials provide no exact length, required headings, required phrases, or exhaustive content list. A deterministic keyword or byte-length heuristic would add unstated requirements and would not prove summary accuracy.",,,[],"The public materials provide no exact length, required headings, required phrases, or exhaustive content list. A deterministic keyword or byte-length heuristic would add unstated requirements and would not prove summary accuracy.",public solve-time truth is unavailable,"common_mistakes_summary.md should provide a short, accurate summary of mistakes shared across the submissions.",null
verifier_v13_six_r1,education_info__homework_grading_numerical_pdes_instance_02,verifier,0,pass,1845fc5e40c11879b20b33a1dd49fbf79ba0924d9f9f77232ec3903eddc9afbd,input_and_reference_access_prohibitions,False,False,unverifiable,"The grading process must not modify input/, must not read or modify reference/, and must write final deliverables only under output/.",1,"[{""locate_evidence"": ""quote and locator found"", ""located"": true, ""locator"": ""lines:23-28"", ""path"": ""input/TASK_PROMPT.md"", ""quote"": ""Rules:\n- Treat `input/` as read-only.\n- Do not read or modify evaluator-only files under `reference/`.\n- Keep student IDs stable across every output file.\n- Use the task-local `/media/user/data/agenthle/education/homework_grading_numerical_pdes_instance_02/base/software/python` wrapper if you want to script the grading workflow (it `exec`s the preinstalled system Python).\n- Write final deliverables only under `output/`."", ""sha256"": ""6fafe0cee6be7e89a7f133251caea16346ba6f5293f9bc54214deb86ea8a4de7""}]",,,,,,,"A post-hoc checker limited to VERIFIER_OUTPUT and frozen public inputs cannot reliably reconstruct filesystem reads, transient writes, or modifications later reverted. Stable output identity and the final output file set are tested separately.",,,[],"A post-hoc checker limited to VERIFIER_OUTPUT and frozen public inputs cannot reliably reconstruct filesystem reads, transient writes, or modifications later reverted. Stable output identity and the final output file set are tested separately.",public solve-time truth is unavailable,"The grading process must not modify input/, must not read or modify reference/, and must write final deliverables only under output/.",null
verifier_v13_six_r1,health_medicine__crf_sdtm_mapping_4,prep_verifier,0,pass,ff036b8d3d476ef91dd1d9baec33611c1b332e18be78239cd3bd31670ae93f7c,single_csv_exact_schema,True,True,pass,"The output directory must contain exactly one file named ae_mapping.csv, and that CSV must have the contract columns in the stated order.",3,"[{""locate_evidence"": ""quote and locator found"", ""located"": true, ""locator"": ""lines:16-26"", ""path"": ""input/task_brief.md"", ""quote"": ""## Required Output\n\nWrite exactly one CSV file:\n\n```text\noutput/ae_mapping.csv\n```\n\nUse the source materials to identify field-level mappings for `AE` and any AE-related supplemental qualifiers in `SUPPAE`.\nThe output must be a mapping specification only. Do not generate subject-level\nadverse event records, `AE.xpt`, `SUPPAE.xpt`, or mock patient data."", ""sha256"": ""157ba2f8f6ed7f742af5dfc43d98b2367e56274d27f8e011dada5af8b68b6ae6""}, {""locate_evidence"": ""quote and locator found"", ""located"": true, ""locator"": ""/output_file"", ""path"": ""input/output_contract.json"", ""quote"": ""\""ae_mapping.csv\"""", ""sha256"": ""04e86a609c7bb8456b59122f6863ba4a2a8915ebe945ac35d9d77d79285158ba""}, {""locate_evidence"": ""quote and locator found"", ""located"": true, ""locator"": ""/columns"", ""path"": ""input/output_contract.json"", ""quote"": ""[\n    \""crf_form\"",\n    \""crf_field_label\"",\n    \""crf_item_or_placeholder\"",\n    \""sdtm_dataset\"",\n    \""sdtm_variable\"",\n    \""role\"",\n    \""origin\"",\n    \""mapping_rule\"",\n    \""controlled_terms_or_expected_values\"",\n    \""goes_to_suppqual\"",\n    \""notes\""\n  ]"", ""sha256"": ""04e86a609c7bb8456b59122f6863ba4a2a8915ebe945ac35d9d77d79285158ba""}]",supported,input/task_brief.md requires exactly one CSV at output/ae_mapping.csv. input/output_contract.json sets output_file to ae_mapping.csv and provides the exact ordered eleven-column array. No adjacent public rule conflicts with the sole-file or exact-header interpretation.,True,True,True,True,"Recursively enumerate regular files under VERIFIER_OUTPUT, require the sole relative path to be ae_mapping.csv, parse it as UTF-8 CSV, and compare its header exactly and in order with input/output_contract.json#/columns.",public_recompute,No task-native validator is supplied; software/README.txt only permits ordinary Python. The checker deterministically reads the public JSON contract and inspects the staged output.,"[""python3"", ""single_csv_exact_schema.py""]","command: python3 single_csv_exact_schema.py; consecutive_runs: 2 identical; stderr: <empty>; {""required_columns"":[""crf_form"",""crf_field_label"",""crf_item_or_placeholder"",""sdtm_dataset"",""sdtm_variable"",""role"",""origin"",""mapping_rule"",""controlled_terms_or_expected_values"",""goes_to_suppqual"",""notes""],""required_file"":""ae_mapping.csv""}","{'files': ['ae_mapping.csv'], 'header': ['crf_form', 'crf_field_label', 'crf_item_or_placeholder', 'sdtm_dataset', 'sdtm_variable', 'role', 'origin', 'mapping_rule', 'controlled_terms_or_expected_values', 'goes_to_suppqual', 'notes'], 'parse_error': None}",PASS only when the only output file is ae_mapping.csv and its parsed header exactly equals the eleven contract columns in contract order.,null
verifier_v13_six_r1,health_medicine__crf_sdtm_mapping_4,prep_verifier,0,pass,ff036b8d3d476ef91dd1d9baec33611c1b332e18be78239cd3bd31670ae93f7c,dataset_suppqual_and_key_consistency,True,True,pass,"Every row must use an allowed dataset and SUPPQUAL marker, AE rows must be marked NO, SUPPAE rows must be marked YES, and the declared composite key must be unique after contract normalization.",5,"[{""locate_evidence"": ""quote and locator found"", ""located"": true, ""locator"": ""/allowed_sdtm_dataset"", ""path"": ""input/output_contract.json"", ""quote"": ""[\n    \""AE\"",\n    \""SUPPAE\""\n  ]"", ""sha256"": ""04e86a609c7bb8456b59122f6863ba4a2a8915ebe945ac35d9d77d79285158ba""}, {""locate_evidence"": ""quote and locator found"", ""located"": true, ""locator"": ""/allowed_goes_to_suppqual"", ""path"": ""input/output_contract.json"", ""quote"": ""[\n    \""YES\"",\n    \""NO\""\n  ]"", ""sha256"": ""04e86a609c7bb8456b59122f6863ba4a2a8915ebe945ac35d9d77d79285158ba""}, {""locate_evidence"": ""quote and locator found"", ""located"": true, ""locator"": ""/consistency_rules"", ""path"": ""input/output_contract.json"", ""quote"": ""[\n    \""if sdtm_dataset == AE then goes_to_suppqual must be NO\"",\n    \""if sdtm_dataset == SUPPAE then goes_to_suppqual must be YES\""\n  ]"", ""sha256"": ""04e86a609c7bb8456b59122f6863ba4a2a8915ebe945ac35d9d77d79285158ba""}, {""locate_evidence"": ""quote and locator found"", ""located"": true, ""locator"": ""/composite_key"", ""path"": ""input/output_contract.json"", ""quote"": ""[\n    \""crf_item_or_placeholder\"",\n    \""sdtm_dataset\"",\n    \""sdtm_variable\""\n  ]"", ""sha256"": ""04e86a609c7bb8456b59122f6863ba4a2a8915ebe945ac35d9d77d79285158ba""}, {""locate_evidence"": ""quote and locator found"", ""located"": true, ""locator"": ""/normalization"", ""path"": ""input/output_contract.json"", ""quote"": ""\""trim whitespace and collapse repeated internal whitespace before comparison\"""", ""sha256"": ""04e86a609c7bb8456b59122f6863ba4a2a8915ebe945ac35d9d77d79285158ba""}]",supported,"input/output_contract.json explicitly allows only AE and SUPPAE for sdtm_dataset, only YES and NO for goes_to_suppqual, requires AE/NO and SUPPAE/YES, declares the composite key as (crf_item_or_placeholder, sdtm_dataset, sdtm_variable), and specifies trimming plus collapsing repeated internal whitespace before comparison.",True,True,True,True,"Normalize each relevant cell by trimming and collapsing repeated whitespace. Exhaustively evaluate every CSV row against the allowed values and consistency rules, then detect duplicate normalized tuples of (crf_item_or_placeholder, sdtm_dataset, sdtm_variable).",public_recompute,"The public JSON contract completely specifies these row-level rules, so deterministic CSV recomputation is stronger and more direct than simulation.","[""python3"", ""dataset_suppqual_and_key_consistency.py""]","command: python3 dataset_suppqual_and_key_consistency.py; consecutive_runs: 2 identical; stderr: <empty>; {""allowed_datasets"":[""AE"",""SUPPAE""],""allowed_flags"":[""YES"",""NO""],""composite_key"":[""crf_item_or_placeholder"",""sdtm_dataset"",""sdtm_variable""]}","{'rows_checked': 26, 'violations': []}","PASS only when all rows satisfy the AE/NO and SUPPAE/YES rules, all relevant values are allowed, and no normalized composite key occurs more than once.",null
verifier_v13_six_r1,health_medicine__crf_sdtm_mapping_4,prep_verifier,0,pass,ff036b8d3d476ef91dd1d9baec33611c1b332e18be78239cd3bd31670ae93f7c,all_targets_are_publicly_defined,True,False,unverifiable,"Every AE target must be an AE variable from define.xml, while every SUPPAE target must be the applicable QNAM shown by the annotated CRF rather than the generic QVAL column.",4,"[{""locate_evidence"": ""quote and locator found"", ""located"": true, ""locator"": ""/column_notes/sdtm_variable"", ""path"": ""input/output_contract.json"", ""quote"": ""\""The target SDTM variable name from define.xml. For SUPPAE rows, use the QNAM value directly (e.g. AECMGIV, AESUBJDC), not QVAL.\"""", ""sha256"": ""04e86a609c7bb8456b59122f6863ba4a2a8915ebe945ac35d9d77d79285158ba""}, {""locate_evidence"": ""quote and locator found"", ""located"": true, ""locator"": ""/allowed_sdtm_dataset"", ""path"": ""input/output_contract.json"", ""quote"": ""[\n    \""AE\"",\n    \""SUPPAE\""\n  ]"", ""sha256"": ""04e86a609c7bb8456b59122f6863ba4a2a8915ebe945ac35d9d77d79285158ba""}, {""locate_evidence"": ""quote and locator found"", ""located"": true, ""locator"": ""file"", ""path"": ""input/source_documents/sdtm_define.xml"", ""quote"": """", ""sha256"": ""d38d1b823ee62b922cd0f9a3e04582994a83295416c6898df48b8821a96fd806""}, {""locate_evidence"": ""quote and locator found"", ""located"": true, ""locator"": ""file"", ""path"": ""input/source_documents/annotated_crf.pdf"", ""quote"": """", ""sha256"": ""d90190802b3496ca90dce3872852a8907f086728351538584b1b710f96e130ed""}]",ambiguous,"The AE side is directly supported: input/source_documents/sdtm_define.xml contains ItemGroupDef OID IG.AE and its referenced ItemDefs. The SUPPAE sources are not fully consistent with the manifest's exact eight-value expected set. The annotated CRF visibly annotates AEIPKGID in SUPPAE as well as AEAENO, AECMGIV, AEMEFL, AEMERES, AENDGIV, AERELTXT, and AESUBJDC. However, the SUPPAE QVAL value-list conditions in sdtm_define.xml contain only seven of those AE QNAMs and omit AEIPKGID, while output_contract.json describes sdtm_variable as the target name from define.xml. Thus the exact claim that all eight are 'publicly defined' is not directly entailed by the complete public source set, even though AEIPKGID is shown in the annotated CRF.",False,False,True,True,"For AE rows, parse the ItemRefs of define.xml ItemGroupDef IG.AE and resolve their ItemDef Name values. For SUPPAE rows, compare against every AE-related QNAM explicitly annotated with 'in SUPPAE' in the visible annotated CRF: AEAENO, AECMGIV, AEIPKGID, AEMEFL, AEMERES, AENDGIV, AERELTXT, and AESUBJDC. Check every submitted row; QVAL is not accepted as a SUPPAE target.",public_recompute,There is no supplied validator. The checker deterministically resolves AE metadata from the frozen public XML and uses the exhaustive SUPPAE QNAM annotations visible in the frozen annotated CRF.,"[""python3"", ""all_targets_are_publicly_defined.py""]","mechanical locators: input/output_contract.json /column_notes/sdtm_variable: quote and locator found; input/output_contract.json /allowed_sdtm_dataset: quote and locator found; input/source_documents/sdtm_define.xml file: quote and locator found; input/source_documents/annotated_crf.pdf file: quote and locator found; source audit: The AE side is directly supported: input/source_documents/sdtm_define.xml contains ItemGroupDef OID IG.AE and its referenced ItemDefs. The SUPPAE sources are not fully consistent with the manifest's exact eight-value expected set. The annotated CRF visibly annotates AEIPKGID in SUPPAE as well as AEAENO, AECMGIV, AEMEFL, AEMERES, AENDGIV, AERELTXT, and AESUBJDC. However, the SUPPAE QVAL value-list conditions in sdtm_define.xml contain only seven of those AE QNAMs and omit AEIPKGID, while output_contract.json describes sdtm_variable as the target name from define.xml. Thus the exact claim that all eight are 'publicly defined' is not directly entailed by the complete public source set, even though AEIPKGID is shown in the annotated CRF.",source status: ambiguous,"PASS only when every row's sdtm_variable belongs to the public target set for its declared dataset. The accepted SUPPAE QNAM set is exactly {AEAENO, AECMGIV, AEIPKGID, AEMEFL, AEMERES, AENDGIV, AERELTXT, AESUBJDC}; AE targets are resolved from IG.AE in sdtm_define.xml.",null
verifier_v13_six_r1,health_medicine__crf_sdtm_mapping_4,prep_verifier,0,pass,ff036b8d3d476ef91dd1d9baec33611c1b332e18be78239cd3bd31670ae93f7c,semantic_mapping_completeness,False,False,unverifiable,All and only applicable field-level AE and AE-related SUPPAE mappings should be represented.,5,"[{""locate_evidence"": ""quote and locator found"", ""located"": true, ""locator"": ""lines:24-26"", ""path"": ""input/task_brief.md"", ""quote"": ""Use the source materials to identify field-level mappings for `AE` and any AE-related supplemental qualifiers in `SUPPAE`.\nThe output must be a mapping specification only. Do not generate subject-level\nadverse event records, `AE.xpt`, `SUPPAE.xpt`, or mock patient data."", ""sha256"": ""157ba2f8f6ed7f742af5dfc43d98b2367e56274d27f8e011dada5af8b68b6ae6""}, {""locate_evidence"": ""quote and locator found"", ""located"": true, ""locator"": ""file"", ""path"": ""input/source_documents/sample_crf.pdf"", ""quote"": """", ""sha256"": ""6f00406ecf2a4d9b4a9daf8f0fc881731dd6e8d9256ce9bf080255da5f9911c5""}, {""locate_evidence"": ""quote and locator found"", ""located"": true, ""locator"": ""file"", ""path"": ""input/source_documents/annotated_crf.pdf"", ""quote"": """", ""sha256"": ""d90190802b3496ca90dce3872852a8907f086728351538584b1b710f96e130ed""}, {""locate_evidence"": ""quote and locator found"", ""located"": true, ""locator"": ""file"", ""path"": ""input/source_documents/sdtm_define.xml"", ""quote"": """", ""sha256"": ""d38d1b823ee62b922cd0f9a3e04582994a83295416c6898df48b8821a96fd806""}, {""locate_evidence"": ""quote and locator found"", ""located"": true, ""locator"": ""file"", ""path"": ""input/source_documents/supp_define.xml"", ""quote"": """", ""sha256"": ""83fa477b9a1d24e2e4166675c014523a2df464e1c0a66891b5cda488fa1e00d1""}]",,,,,,,"The PDFs contain repeated forms, hidden fields, derived dictionary fields, and some source questions annotated to more than one target. No public validator or explicit canonical row inventory establishes an unambiguous exhaustive set of output rows, so a frozen hard coverage list would risk adding interpretation-derived grading rules.",,,[],"The PDFs contain repeated forms, hidden fields, derived dictionary fields, and some source questions annotated to more than one target. No public validator or explicit canonical row inventory establishes an unambiguous exhaustive set of output rows, so a frozen hard coverage list would risk adding interpretation-derived grading rules.",public solve-time truth is unavailable,All and only applicable field-level AE and AE-related SUPPAE mappings should be represented.,null
verifier_v13_six_r1,health_medicine__crf_sdtm_mapping_4,prep_verifier,0,pass,ff036b8d3d476ef91dd1d9baec33611c1b332e18be78239cd3bd31670ae93f7c,free_text_cell_correctness,False,False,unverifiable,"For each mapping, the form, printed field label, CRF descriptor, role, origin, mapping rule, controlled terms or expected values, and notes should accurately describe the public source materials.",4,"[{""locate_evidence"": ""quote and locator found"", ""located"": true, ""locator"": ""/columns"", ""path"": ""input/output_contract.json"", ""quote"": ""[\n    \""crf_form\"",\n    \""crf_field_label\"",\n    \""crf_item_or_placeholder\"",\n    \""sdtm_dataset\"",\n    \""sdtm_variable\"",\n    \""role\"",\n    \""origin\"",\n    \""mapping_rule\"",\n    \""controlled_terms_or_expected_values\"",\n    \""goes_to_suppqual\"",\n    \""notes\""\n  ]"", ""sha256"": ""04e86a609c7bb8456b59122f6863ba4a2a8915ebe945ac35d9d77d79285158ba""}, {""locate_evidence"": ""quote and locator found"", ""located"": true, ""locator"": ""/comparison"", ""path"": ""input/output_contract.json"", ""quote"": ""\""rows are matched by (sdtm_dataset, sdtm_variable); all columns are compared after normalization; partial credit is awarded proportionally\"""", ""sha256"": ""04e86a609c7bb8456b59122f6863ba4a2a8915ebe945ac35d9d77d79285158ba""}, {""locate_evidence"": ""quote and locator found"", ""located"": true, ""locator"": ""file"", ""path"": ""input/source_documents/annotated_crf.pdf"", ""quote"": """", ""sha256"": ""d90190802b3496ca90dce3872852a8907f086728351538584b1b710f96e130ed""}, {""locate_evidence"": ""quote and locator found"", ""located"": true, ""locator"": ""file"", ""path"": ""input/source_documents/sdtm_define.xml"", ""quote"": """", ""sha256"": ""d38d1b823ee62b922cd0f9a3e04582994a83295416c6898df48b8821a96fd806""}]",,,,,,,Most of these columns are natural-language specifications. The public contract defines their purpose but does not provide deterministic canonical wording or a validator capable of proving semantic equivalence.,,,[],Most of these columns are natural-language specifications. The public contract defines their purpose but does not provide deterministic canonical wording or a validator capable of proving semantic equivalence.,public solve-time truth is unavailable,"For each mapping, the form, printed field label, CRF descriptor, role, origin, mapping rule, controlled terms or expected values, and notes should accurately describe the public source materials.",null
verifier_v13_six_r1,health_medicine__crf_sdtm_mapping_4,prep_verifier,0,pass,ff036b8d3d476ef91dd1d9baec33611c1b332e18be78239cd3bd31670ae93f7c,mapping_only_not_subject_records,False,False,unverifiable,The CSV should be a field-level mapping specification and should contain no subject-level adverse-event records or mock patient data.,1,"[{""locate_evidence"": ""quote and locator found"", ""located"": true, ""locator"": ""lines:24-26"", ""path"": ""input/task_brief.md"", ""quote"": ""Use the source materials to identify field-level mappings for `AE` and any AE-related supplemental qualifiers in `SUPPAE`.\nThe output must be a mapping specification only. Do not generate subject-level\nadverse event records, `AE.xpt`, `SUPPAE.xpt`, or mock patient data."", ""sha256"": ""157ba2f8f6ed7f742af5dfc43d98b2367e56274d27f8e011dada5af8b68b6ae6""}]",,,,,,,"Forbidden XPT and extra outputs are covered by the exact-one-file check, but reliably distinguishing all possible subject-level or mock patient values from legitimate mapping prose inside an arbitrary CSV requires semantic judgment and cannot be proven by a sound deterministic public checker.",,,[],"Forbidden XPT and extra outputs are covered by the exact-one-file check, but reliably distinguishing all possible subject-level or mock patient values from legitimate mapping prose inside an arbitrary CSV requires semantic judgment and cannot be proven by a sound deterministic public checker.",public solve-time truth is unavailable,The CSV should be a field-level mapping specification and should contain no subject-level adverse-event records or mock patient data.,null
verifier_v13_six_r1,health_medicine__crf_sdtm_mapping_4,prep_verifier,0,pass,ff036b8d3d476ef91dd1d9baec33611c1b332e18be78239cd3bd31670ae93f7c,visible_sources_only_and_input_immutability,False,False,unverifiable,The deliverable should be derived only from visible task materials without modifying input files.,1,"[{""locate_evidence"": ""quote and locator found"", ""located"": true, ""locator"": ""lines:28-28"", ""path"": ""input/task_brief.md"", ""quote"": ""Use only the uploaded source materials. Do not use external web sources."", ""sha256"": ""157ba2f8f6ed7f742af5dfc43d98b2367e56274d27f8e011dada5af8b68b6ae6""}]",,,,,,,"A pre-submission output checker has no trustworthy provenance, network-access, or before-state history. It therefore cannot prove which sources were consulted or whether an input was temporarily modified and restored.",,,[],"A pre-submission output checker has no trustworthy provenance, network-access, or before-state history. It therefore cannot prove which sources were consulted or whether an input was temporarily modified and restored.",public solve-time truth is unavailable,The deliverable should be derived only from visible task materials without modifying input files.,null
verifier_v13_six_r1,health_medicine__crf_sdtm_mapping_4,verifier,0,pass,e26248f61eb90df7795b0eaa9251cd0809cd5d6d1e382fb7862ba90c5374516c,exact_output_artifact,True,True,pass,"The output must contain exactly one file, named ae_mapping.csv at the output root.",1,"[{""locate_evidence"": ""quote and locator found"", ""located"": true, ""locator"": ""lines:16-26"", ""path"": ""input/task_brief.md"", ""quote"": ""## Required Output\n\nWrite exactly one CSV file:\n\n```text\noutput/ae_mapping.csv\n```\n\nUse the source materials to identify field-level mappings for `AE` and any AE-related supplemental qualifiers in `SUPPAE`.\nThe output must be a mapping specification only. Do not generate subject-level\nadverse event records, `AE.xpt`, `SUPPAE.xpt`, or mock patient data."", ""sha256"": ""157ba2f8f6ed7f742af5dfc43d98b2367e56274d27f8e011dada5af8b68b6ae6""}]",supported,input/task_brief.md under “Required Output” says to write exactly one CSV file at output/ae_mapping.csv. The public task likewise specifies exactly one required CSV artifact and requires generated files to remain inside output. No adjacent public rule identifies another permitted output artifact.,True,True,True,True,Recursively enumerate regular files under VERIFIER_OUTPUT and require the complete relative-path list to equal ['ae_mapping.csv']. Directories themselves are not treated as generated files. The harness argv is python3 checks/exact_output_artifact.py.,public_recompute,No task-native output validator is provided. Deterministic filesystem enumeration directly verifies the explicit artifact requirement.,"[""python3"", ""exact_output_artifact.py""]","command: python3 exact_output_artifact.py; consecutive_runs: 2 identical; stderr: <empty>; {""expected_files"":[""ae_mapping.csv""],""output_root"":""/tmp/ale-verifier-f8f5f8bd2dc5/snapshot-0""}",{'files': ['ae_mapping.csv']},The checker prints status=pass only when ae_mapping.csv is the sole regular file under VERIFIER_OUTPUT; otherwise it prints status=fail with the observed file list.,null
verifier_v13_six_r1,health_medicine__crf_sdtm_mapping_4,verifier,0,pass,e26248f61eb90df7795b0eaa9251cd0809cd5d6d1e382fb7862ba90c5374516c,csv_column_order,True,True,pass,ae_mapping.csv must use the output contract's eleven columns in the specified order.,1,"[{""locate_evidence"": ""quote and locator found"", ""located"": true, ""locator"": ""/columns"", ""path"": ""input/output_contract.json"", ""quote"": ""[\""crf_form\"",\""crf_field_label\"",\""crf_item_or_placeholder\"",\""sdtm_dataset\"",\""sdtm_variable\"",\""role\"",\""origin\"",\""mapping_rule\"",\""controlled_terms_or_expected_values\"",\""goes_to_suppqual\"",\""notes\""]"", ""sha256"": ""04e86a609c7bb8456b59122f6863ba4a2a8915ebe945ac35d9d77d79285158ba""}]",supported,"input/output_contract.json /columns explicitly lists, in order, the eleven names crf_form, crf_field_label, crf_item_or_placeholder, sdtm_dataset, sdtm_variable, role, origin, mapping_rule, controlled_terms_or_expected_values, goes_to_suppqual, and notes. The public task requires compliance with that column order and contract.",True,True,True,True,"Parse the first CSV record with Python's CSV parser and compare it exactly, including order, to the public columns array. The harness argv is python3 checks/csv_column_order.py.",public_recompute,Python's standard CSV parser deterministically verifies the public schema without imposing any unstated row-content rule.,"[""python3"", ""csv_column_order.py""]","command: python3 csv_column_order.py; consecutive_runs: 2 identical; stderr: <empty>; {""expected_header"":[""crf_form"",""crf_field_label"",""crf_item_or_placeholder"",""sdtm_dataset"",""sdtm_variable"",""role"",""origin"",""mapping_rule"",""controlled_terms_or_expected_values"",""goes_to_suppqual"",""notes""],""path"":""ae_mapping.csv""}","{'error': None, 'header': ['crf_form', 'crf_field_label', 'crf_item_or_placeholder', 'sdtm_dataset', 'sdtm_variable', 'role', 'origin', 'mapping_rule', 'controlled_terms_or_expected_values', 'goes_to_suppqual', 'notes']}",The checker prints status=pass only when the parsed header exactly equals the eleven contract column names in contract order.,null
verifier_v13_six_r1,health_medicine__crf_sdtm_mapping_4,verifier,0,pass,e26248f61eb90df7795b0eaa9251cd0809cd5d6d1e382fb7862ba90c5374516c,allowed_sdtm_datasets,True,True,pass,Every mapping row's sdtm_dataset value must be AE or SUPPAE.,1,"[{""locate_evidence"": ""quote and locator found"", ""located"": true, ""locator"": ""/allowed_sdtm_dataset"", ""path"": ""input/output_contract.json"", ""quote"": ""[\""AE\"",\""SUPPAE\""]"", ""sha256"": ""04e86a609c7bb8456b59122f6863ba4a2a8915ebe945ac35d9d77d79285158ba""}]",supported,"input/output_contract.json /allowed_sdtm_dataset explicitly contains only ['AE', 'SUPPAE']. This agrees with task_brief.md, which requests mappings for AE and AE-related supplemental qualifiers in SUPPAE. No public source permits another sdtm_dataset value.",True,True,True,True,Parse every data row with DictReader and exhaustively reject any row whose sdtm_dataset value is not exactly one of the two allowed public values. No whitespace normalization is needed to permit another dataset value; trimming only implements the contract's normalization convention. The harness argv is python3 checks/allowed_sdtm_datasets.py.,public_recompute,The allowed values are explicitly enumerated in the public JSON contract and can be checked exhaustively with the standard CSV parser.,"[""python3"", ""allowed_sdtm_datasets.py""]","command: python3 allowed_sdtm_datasets.py; consecutive_runs: 2 identical; stderr: <empty>; {""allowed_sdtm_dataset"":[""AE"",""SUPPAE""],""checked_all_rows"":true}","{'error': None, 'row_count': 39, 'violations': []}",The checker prints status=pass when all rows use AE or SUPPAE and status=fail with every offending row number and value otherwise.,null
verifier_v13_six_r1,health_medicine__crf_sdtm_mapping_4,verifier,0,pass,e26248f61eb90df7795b0eaa9251cd0809cd5d6d1e382fb7862ba90c5374516c,suppqual_flag_consistency,True,True,pass,"goes_to_suppqual must be NO on every AE row and YES on every SUPPAE row, using only the allowed YES and NO values.",2,"[{""locate_evidence"": ""quote and locator found"", ""located"": true, ""locator"": ""/allowed_goes_to_suppqual"", ""path"": ""input/output_contract.json"", ""quote"": ""[\""YES\"",\""NO\""]"", ""sha256"": ""04e86a609c7bb8456b59122f6863ba4a2a8915ebe945ac35d9d77d79285158ba""}, {""locate_evidence"": ""quote and locator found"", ""located"": true, ""locator"": ""/consistency_rules"", ""path"": ""input/output_contract.json"", ""quote"": ""[\""if sdtm_dataset == AE then goes_to_suppqual must be NO\"",\""if sdtm_dataset == SUPPAE then goes_to_suppqual must be YES\""]"", ""sha256"": ""04e86a609c7bb8456b59122f6863ba4a2a8915ebe945ac35d9d77d79285158ba""}]",supported,input/output_contract.json /allowed_goes_to_suppqual allows exactly YES and NO. Its /consistency_rules explicitly require NO when sdtm_dataset is AE and YES when sdtm_dataset is SUPPAE. The same relationship is repeated in the public task’s Required Output section.,True,True,True,True,"Exhaustively inspect every CSV row. For AE, require NO; for SUPPAE, require YES. Also reject any flag outside YES and NO. Dataset membership itself is handled by the separate allowed_sdtm_datasets check. The harness argv is python3 checks/suppqual_flag_consistency.py.",public_recompute,The required row-level relationship and complete flag vocabulary are explicit in the public contract and can be checked exhaustively.,"[""python3"", ""suppqual_flag_consistency.py""]","command: python3 suppqual_flag_consistency.py; consecutive_runs: 2 identical; stderr: <empty>; {""allowed_flags"":[""NO"",""YES""],""checked_all_rows"":true,""required_flags"":{""AE"":""NO"",""SUPPAE"":""YES""}}","{'error': None, 'row_count': 39, 'violations': []}",The checker prints status=pass only when every AE and SUPPAE row has its required flag; all inconsistent or disallowed flags are reported with CSV line numbers.,null
verifier_v13_six_r1,health_medicine__crf_sdtm_mapping_4,verifier,0,pass,e26248f61eb90df7795b0eaa9251cd0809cd5d6d1e382fb7862ba90c5374516c,composite_key_uniqueness,True,True,pass,Mapping rows must be unique by the declared composite key after the contract's whitespace normalization.,2,"[{""locate_evidence"": ""quote and locator found"", ""located"": true, ""locator"": ""/composite_key"", ""path"": ""input/output_contract.json"", ""quote"": ""[\""crf_item_or_placeholder\"",\""sdtm_dataset\"",\""sdtm_variable\""]"", ""sha256"": ""04e86a609c7bb8456b59122f6863ba4a2a8915ebe945ac35d9d77d79285158ba""}, {""locate_evidence"": ""quote and locator found"", ""located"": true, ""locator"": ""/normalization"", ""path"": ""input/output_contract.json"", ""quote"": ""\""trim whitespace and collapse repeated internal whitespace before comparison\"""", ""sha256"": ""04e86a609c7bb8456b59122f6863ba4a2a8915ebe945ac35d9d77d79285158ba""}]",supported,"input/output_contract.json /composite_key declares ['crf_item_or_placeholder', 'sdtm_dataset', 'sdtm_variable'] as the composite key. Its /normalization directs trimming whitespace and collapsing repeated internal whitespace before comparison. Treating repeated normalized composite-key tuples as duplicates is the direct meaning of the declared key, with no conflicting public rule.",True,True,True,True,"For every row, trim and collapse whitespace in crf_item_or_placeholder, sdtm_dataset, and sdtm_variable, then reject repeated normalized key tuples. The harness argv is python3 checks/composite_key_uniqueness.py.",public_recompute,"The public contract declares the composite key and normalization operation, allowing deterministic exhaustive duplicate detection.","[""python3"", ""composite_key_uniqueness.py""]","command: python3 composite_key_uniqueness.py; consecutive_runs: 2 identical; stderr: <empty>; {""checked_all_rows"":true,""composite_key"":[""crf_item_or_placeholder"",""sdtm_dataset"",""sdtm_variable""],""normalization"":""trim and collapse whitespace""}","{'duplicates': [], 'error': None, 'row_count': 39}",The checker prints status=pass when no normalized composite key repeats and status=fail with each duplicate key and its first and duplicate CSV line numbers otherwise.,null
verifier_v13_six_r1,health_medicine__crf_sdtm_mapping_4,verifier,0,pass,e26248f61eb90df7795b0eaa9251cd0809cd5d6d1e382fb7862ba90c5374516c,semantic_mapping_completeness,False,False,unverifiable,"The CSV should exhaustively include the C4591001 Adverse Event CRF fields and their correct AE or SUPPAE targets as supported by the source CRF, annotations, and define metadata.",6,"[{""locate_evidence"": ""quote and locator found"", ""located"": true, ""locator"": ""lines:3-13"", ""path"": ""input/task_brief.md"", ""quote"": ""Create a field-level Adverse Events (AE) SDTM mapping specification for\nstudy C4591001.\n\n## Input Files\n\nAll source files are under `input/source_documents/`:\n\n- `sample_crf.pdf`: sample CRF source pages.\n- `annotated_crf.pdf`: annotated CRF with SDTM annotations.\n- `sdtm_define.xml`: SDTM define.xml metadata.\n- `supp_define.xml`: supplemental define.xml material provided with the submission."", ""sha256"": ""157ba2f8f6ed7f742af5dfc43d98b2367e56274d27f8e011dada5af8b68b6ae6""}, {""locate_evidence"": ""quote and locator found"", ""located"": true, ""locator"": ""lines:24-26"", ""path"": ""input/task_brief.md"", ""quote"": ""Use the source materials to identify field-level mappings for `AE` and any AE-related supplemental qualifiers in `SUPPAE`.\nThe output must be a mapping specification only. Do not generate subject-level\nadverse event records, `AE.xpt`, `SUPPAE.xpt`, or mock patient data."", ""sha256"": ""157ba2f8f6ed7f742af5dfc43d98b2367e56274d27f8e011dada5af8b68b6ae6""}, {""locate_evidence"": ""quote and locator found"", ""located"": true, ""locator"": ""file"", ""path"": ""input/source_documents/sample_crf.pdf"", ""quote"": """", ""sha256"": ""6f00406ecf2a4d9b4a9daf8f0fc881731dd6e8d9256ce9bf080255da5f9911c5""}, {""locate_evidence"": ""quote and locator found"", ""located"": true, ""locator"": ""file"", ""path"": ""input/source_documents/annotated_crf.pdf"", ""quote"": """", ""sha256"": ""d90190802b3496ca90dce3872852a8907f086728351538584b1b710f96e130ed""}, {""locate_evidence"": ""quote and locator found"", ""located"": true, ""locator"": ""file"", ""path"": ""input/source_documents/sdtm_define.xml"", ""quote"": """", ""sha256"": ""d38d1b823ee62b922cd0f9a3e04582994a83295416c6898df48b8821a96fd806""}, {""locate_evidence"": ""quote and locator found"", ""located"": true, ""locator"": ""file"", ""path"": ""input/source_documents/supp_define.xml"", ""quote"": """", ""sha256"": ""83fa477b9a1d24e2e4166675c014523a2df464e1c0a66891b5cda488fa1e00d1""}]",,,,,,,"No public canonical row set or task-native mapping validator is supplied. Requiring a particular inferred row inventory in a frozen checker would turn document interpretation into an unstated reference answer, while sampling annotations would not prove the universal completeness claim.",,,[],"No public canonical row set or task-native mapping validator is supplied. Requiring a particular inferred row inventory in a frozen checker would turn document interpretation into an unstated reference answer, while sampling annotations would not prove the universal completeness claim.",public solve-time truth is unavailable,"The CSV should exhaustively include the C4591001 Adverse Event CRF fields and their correct AE or SUPPAE targets as supported by the source CRF, annotations, and define metadata.",null
verifier_v13_six_r1,health_medicine__crf_sdtm_mapping_4,verifier,0,pass,e26248f61eb90df7795b0eaa9251cd0809cd5d6d1e382fb7862ba90c5374516c,all_column_semantic_accuracy,False,False,unverifiable,"Each row's CRF form, visible label, CRF-side descriptor, target variable, role, origin, mapping rule, expected values, supplemental flag, and notes should accurately express the corresponding public source material.",5,"[{""locate_evidence"": ""quote and locator found"", ""located"": true, ""locator"": ""/column_notes"", ""path"": ""input/output_contract.json"", ""quote"": ""{\""crf_form\"":\""CRF form title with the SDTM domain abbreviation in parentheses, e.g. ADVERSE EVENT REPORT (AE).\"",\""crf_field_label\"":\""The visible field label as printed on the CRF page, e.g. Adverse Event, Start Date Time.\"",\""crf_item_or_placeholder\"":\""A short CRF-side descriptor in square brackets derived from the field label, e.g. [Adverse Event], [Start Date]. For grouped or unlabeled CRF fields (e.g. SAE severity sub-questions), use a brief lowercase descriptor without brackets. This column identifies the CRF source, NOT the SDTM variable name.\"",\""sdtm_variable\"":\""The target SDTM variable name from define.xml. For SUPPAE rows, use the QNAM value directly (e.g. AECMGIV, AESUBJDC), not QVAL.\"",\""origin\"":\""Derivation origin using the annotated CRF convention, e.g. CRF/aCRF for CRF-sourced fields, Derived for computed fields, Assigned for sponsor-assigned constants.\""}"", ""sha256"": ""04e86a609c7bb8456b59122f6863ba4a2a8915ebe945ac35d9d77d79285158ba""}, {""locate_evidence"": ""quote and locator found"", ""located"": true, ""locator"": ""/comparison"", ""path"": ""input/output_contract.json"", ""quote"": ""\""rows are matched by (sdtm_dataset, sdtm_variable); all columns are compared after normalization; partial credit is awarded proportionally\"""", ""sha256"": ""04e86a609c7bb8456b59122f6863ba4a2a8915ebe945ac35d9d77d79285158ba""}, {""locate_evidence"": ""quote and locator found"", ""located"": true, ""locator"": ""file"", ""path"": ""input/source_documents/sample_crf.pdf"", ""quote"": """", ""sha256"": ""6f00406ecf2a4d9b4a9daf8f0fc881731dd6e8d9256ce9bf080255da5f9911c5""}, {""locate_evidence"": ""quote and locator found"", ""located"": true, ""locator"": ""file"", ""path"": ""input/source_documents/annotated_crf.pdf"", ""quote"": """", ""sha256"": ""d90190802b3496ca90dce3872852a8907f086728351538584b1b710f96e130ed""}, {""locate_evidence"": ""quote and locator found"", ""located"": true, ""locator"": ""file"", ""path"": ""input/source_documents/sdtm_define.xml"", ""quote"": """", ""sha256"": ""d38d1b823ee62b922cd0f9a3e04582994a83295416c6898df48b8821a96fd806""}]",,,,,,,"Several columns require contextual natural-language interpretation, and the public files do not provide a deterministic validator or a uniquely prescribed wording for mapping rules and notes. Structural proxies or keyword checks would not prove semantic accuracy.",,,[],"Several columns require contextual natural-language interpretation, and the public files do not provide a deterministic validator or a uniquely prescribed wording for mapping rules and notes. Structural proxies or keyword checks would not prove semantic accuracy.",public solve-time truth is unavailable,"Each row's CRF form, visible label, CRF-side descriptor, target variable, role, origin, mapping rule, expected values, supplemental flag, and notes should accurately express the corresponding public source material.",null
verifier_v13_six_r1,health_medicine__flusight_offline_hosp_forecast_2024_12_14,prep_verifier,0,error,43ff27e0fb67c72908893f8260bb8001fdf4614d064ff98a7d70d56ee7e12f14,submission_csv_contract,True,False,error,"Produce submission.csv with exactly the eight required columns and 212 rows, one exact row key for every required location and horizon; metadata must match the reference date, location mapping, and target dates; point and interval bounds must be non-negative integers satisfying lower_95 <= point <= upper_95.",11,"[{""locate_evidence"": ""quote and locator found"", ""located"": true, ""locator"": ""lines:3-17"", ""path"": ""input/forecast_output_schema.md"", ""quote"": ""Expected CSV columns, in order:\n\n1. `reference_date` \u2014 must be `2024-12-14`\n2. `location` \u2014 FluSight location code (`US`, `01`, ..., `56`, `72`)\n3. `location_name` \u2014 human-readable location name\n4. `horizon` \u2014 one of `1`, `2`, `3`, `4`\n5. `target_end_date` \u2014 must equal `reference_date + horizon * 7 days`\n6. `point` \u2014 non-negative integer\n7. `lower_95` \u2014 non-negative integer\n8. `upper_95` \u2014 non-negative integer\n\nThe submission must contain exactly 212 rows:\n53 locations \u00d7 4 horizons.\n\nRow order does not affect scoring, but the row key set must match the template exactly."", ""sha256"": ""1dee62f556e998206241d6e121a8b10f6aa3e4c556f2c7587a114ba8da5f86ed""}, {""locate_evidence"": ""quote and locator found"", ""located"": true, ""locator"": ""lines:1-50"", ""path"": ""input/locations.csv"", ""quote"": ""abbreviation,location,location_name,population\nUS,US,US,340110988\nAL,01,Alabama,5157699\nAK,02,Alaska,740133\nAZ,04,Arizona,7582384\nAR,05,Arkansas,3088354\nCA,06,California,39431263\nCO,08,Colorado,5957493\nCT,09,Connecticut,3675069\nDE,10,Delaware,1051917\nDC,11,District of Columbia,702250\nFL,12,Florida,23372215\nGA,13,Georgia,11180878\nHI,15,Hawaii,1446146\nID,16,Idaho,2001619\nIL,17,Illinois,12710158\nIN,18,Indiana,6924275\nIA,19,Iowa,3241488\nKS,20,Kansas,2970606\nKY,21,Kentucky,4588372\nLA,22,Louisiana,4597740\nME,23,Maine,1405012\nMD,24,Maryland,6263220\nMA,25,Massachusetts,7136171\nMI,26,Michigan,10140459\nMN,27,Minnesota,5793151\nMS,28,Mississippi,2943045\nMO,29,Missouri,6245466\nMT,30,Montana,1137233\nNE,31,Nebraska,2005465\nNV,32,Nevada,3267467\nNH,33,New Hampshire,1409032\nNJ,34,New Jersey,9500851\nNM,35,New Mexico,2130256\nNY,36,New York,19867248\nNC,37,North Carolina,11046024\nND,38,North Dakota,796568\nOH,39,Ohio,11883304\nOK,40,Oklahoma,4095393\nOR,41,Oregon,4272371\nPA,42,Pennsylvania,13078751\nRI,44,Rhode Island,1112308\nSC,45,South Carolina,5478831\nSD,46,South Dakota,924669\nTN,47,Tennessee,7227750\nTX,48,Texas,31290831\nUT,49,Utah,3503613\nVT,50,Vermont,648493\nVA,51,Virginia,8811195\nWA,53,Washington,7958180"", ""sha256"": ""543793b7d945ba0ddf25b244f2e2a026c6583f64fe5f0f4f1e0f5acf193d92bf""}, {""locate_evidence"": ""quote and locator found"", ""located"": true, ""locator"": ""lines:51-54"", ""path"": ""input/locations.csv"", ""quote"": ""WV,54,West Virginia,1769979\nWI,55,Wisconsin,5960975\nWY,56,Wyoming,587618\nPR,72,Puerto Rico,3203295"", ""sha256"": ""543793b7d945ba0ddf25b244f2e2a026c6583f64fe5f0f4f1e0f5acf193d92bf""}, {""locate_evidence"": ""quote and locator found"", ""located"": true, ""locator"": ""/filename"", ""path"": ""input/output_contract.json"", ""quote"": ""\""submission.csv\"""", ""sha256"": ""a25b247767e6efcfd4e53e82112828a68917f7a3f79c40c8c7b755926f7852c0""}, {""locate_evidence"": ""quote and locator found"", ""located"": true, ""locator"": ""/columns"", ""path"": ""input/output_contract.json"", ""quote"": ""[\n  \""reference_date\"",\n  \""location\"",\n  \""location_name\"",\n  \""horizon\"",\n  \""target_end_date\"",\n  \""point\"",\n  \""lower_95\"",\n  \""upper_95\""\n]"", ""sha256"": ""a25b247767e6efcfd4e53e82112828a68917f7a3f79c40c8c7b755926f7852c0""}, {""locate_evidence"": ""quote and locator found"", ""located"": true, ""locator"": ""/row_count"", ""path"": ""input/output_contract.json"", ""quote"": ""212"", ""sha256"": ""a25b247767e6efcfd4e53e82112828a68917f7a3f79c40c8c7b755926f7852c0""}, {""locate_evidence"": ""quote and locator found"", ""located"": true, ""locator"": ""/reference_date"", ""path"": ""input/output_contract.json"", ""quote"": ""\""2024-12-14\"""", ""sha256"": ""a25b247767e6efcfd4e53e82112828a68917f7a3f79c40c8c7b755926f7852c0""}, {""locate_evidence"": ""quote and locator found"", ""located"": true, ""locator"": ""/valid_horizons"", ""path"": ""input/output_contract.json"", ""quote"": ""[\n  1,\n  2,\n  3,\n  4\n]"", ""sha256"": ""a25b247767e6efcfd4e53e82112828a68917f7a3f79c40c8c7b755926f7852c0""}, {""locate_evidence"": ""quote and locator found"", ""located"": true, ""locator"": ""/target_end_dates"", ""path"": ""input/output_contract.json"", ""quote"": ""[\n  \""2024-12-21\"",\n  \""2024-12-28\"",\n  \""2025-01-04\"",\n  \""2025-01-11\""\n]"", ""sha256"": ""a25b247767e6efcfd4e53e82112828a68917f7a3f79c40c8c7b755926f7852c0""}, {""locate_evidence"": ""quote and locator found"", ""located"": true, ""locator"": ""/locations_required"", ""path"": ""input/output_contract.json"", ""quote"": ""[\n  \""01\"",\n  \""02\"",\n  \""04\"",\n  \""05\"",\n  \""06\"",\n  \""08\"",\n  \""09\"",\n  \""10\"",\n  \""11\"",\n  \""12\"",\n  \""13\"",\n  \""15\"",\n  \""16\"",\n  \""17\"",\n  \""18\"",\n  \""19\"",\n  \""20\"",\n  \""21\"",\n  \""22\"",\n  \""23\"",\n  \""24\"",\n  \""25\"",\n  \""26\"",\n  \""27\"",\n  \""28\"",\n  \""29\"",\n  \""30\"",\n  \""31\"",\n  \""32\"",\n  \""33\"",\n  \""34\"",\n  \""35\"",\n  \""36\"",\n  \""37\"",\n  \""38\"",\n  \""39\"",\n  \""40\"",\n  \""41\"",\n  \""42\"",\n  \""44\"",\n  \""45\"",\n  \""46\"",\n  \""47\"",\n  \""48\"",\n  \""49\"",\n  \""50\"",\n  \""51\"",\n  \""53\"",\n  \""54\"",\n  \""55\"",\n  \""56\"",\n  \""72\"",\n  \""US\""\n]"", ""sha256"": ""a25b247767e6efcfd4e53e82112828a68917f7a3f79c40c8c7b755926f7852c0""}, {""locate_evidence"": ""quote and locator found"", ""located"": true, ""locator"": ""/constraints"", ""path"": ""input/output_contract.json"", ""quote"": ""[\n  \""point, lower_95, upper_95 must be non-negative integers\"",\n  \""lower_95 <= point <= upper_95\"",\n  \""row key set must match forecast_output_template.csv exactly\""\n]"", ""sha256"": ""a25b247767e6efcfd4e53e82112828a68917f7a3f79c40c8c7b755926f7852c0""}]",supported,"The requirement is directly supported by the public materials without conflict. input/output_contract.json specifies filename submission.csv, the ordered eight columns, 212 rows, reference_date 2024-12-14, horizons 1–4, the four target dates, all 53 required location codes, non-negative integer forecast fields, interval ordering, and an exact template row-key set. input/forecast_output_schema.md lines 3–17 independently states the same ordered schema, target-date relationship, 53 × 4 row count, integer constraints, and exact template key-set rule. input/forecast_output_template.csv supplies the exact location names and metadata rows, while input/locations.csv supplies the same 53 code/name mappings. input/task_prompt.md also requires exactly 212 rows and lower_95 <= point <= upper_95. TASK_INSTRUCTIONS.md uses 'should satisfy' for interval ordering, but the task prompt and output contract make that constraint mandatory, so there is no operative conflict.",True,False,False,True,"The checker constructs the complete expected 53 × 4 set from input/locations.csv and the published horizon/date mapping, compares all five metadata fields as a set while detecting duplicates, and validates every forecast field. Row order is ignored as explicitly allowed. Harness argv: [""python3"", ""submission_csv_contract.py""].",public_recompute,No task-native validator is staged. The check deterministically recomputes the explicit CSV contract using Python's standard library and the frozen public locations file.,"[""python3"", ""submission_csv_contract.py""]","checker audit: The substantive validation path in checks/submission_csv_contract.py matches the stated structural requirement: it checks VERIFIER_OUTPUT/submission.csv with is_file(); reads input/locations.csv; constructs all 53 × 4 expected metadata tuples using reference date 2024-12-14 and the four published horizon/date mappings; requires the exact ordered header; checks 212 data rows, eight fields per row, missing and unexpected keys, and duplicate keys; and applies the regex [0-9]+ followed by integer comparison lower <= point <= upper to all three forecast fields. Thus public_recompute honestly describes the computation and no task-native validator is being replaced. However, the checker emits status values 'passed' and 'failed'. Fixture preflight shows that both the valid and invalid executions are rejected as having an invalid status, producing valid_status='error', invalid_status='error', and checker_reproducible=false. The valid fixture reaches the no-evidence branch at lines 59–61 and prints status='passed'; the invalid fixture reaches the bad_order branch at lines 55–57 and prints status='failed'. Because neither emitted status is accepted by the test protocol, the staged script does not function as an executable blocking check despite performing the correct underlying recomputation.; fixture preflight: environment: isolated Python probe passed; valid fixture: run 1: ValueError: test stdout has an invalid status or empty evidence; run 2: ValueError: test stdout has an invalid status or empty evidence; captured run 1 stdout='{""analysis"": null, ""evidence"": [""submission.csv satisfies the complete public CSV contract""], ""observed"": {""columns"": [""reference_date"", ""location"", ""location_name"", ""horizon"", ""target_end_date"", ""point"", ""lower_95"", ""upper_95""], ""duplicate_key_count"": 0, ""expected_row_count"": 212, ""invalid_interval_order_rows"": 0, ""invalid_nonnegative_integer_rows"": 0, ""missing_key_count"": 0, ""row_count"": 212, ""submission_exists"": true, ""unexpected_key_count"": 0}, ""status"": ""passed""}\n' stderr=''; captured run 2 stdout='{""analysis"": null, ""evidence"": [""submission.csv satisfies the complete public CSV contract""], ""observed"": {""columns"": [""reference_date"", ""location"", ""location_name"", ""horizon"", ""target_end_date"", ""point"", ""lower_95"", ""upper_95""], ""duplicate_key_count"": 0, ""expected_row_count"": 212, ""invalid_interval_order_rows"": 0, ""invalid_nonnegative_integer_rows"": 0, ""missing_key_count"": 0, ""row_count"": 212, ""submission_exists"": true, ""unexpected_key_count"": 0}, ""status"": ""passed""}\n' stderr=''; invalid fixture: run 1: ValueError: test stdout has an invalid status or empty evidence; run 2: ValueError: test stdout has an invalid status or empty evidence; captured run 1 stdout='{""analysis"": null, ""evidence"": [""rows violating lower_95 <= point <= upper_95 (first 20): [2]""], ""observed"": {""columns"": [""reference_date"", ""location"", ""location_name"", ""horizon"", ""target_end_date"", ""point"", ""lower_95"", ""upper_95""], ""duplicate_key_count"": 0, ""expected_row_count"": 212, ""invalid_interval_order_rows"": 1, ""invalid_nonnegative_integer_rows"": 0, ""missing_key_count"": 0, ""row_count"": 212, ""submission_exists"": true, ""unexpected_key_count"": 0}, ""status"": ""failed""}\n' stderr=''; captured run 2 stdout='{""analysis"": null, ""evidence"": [""rows violating lower_95 <= point <= upper_95 (first 20): [2]""], ""observed"": {""columns"": [""reference_date"", ""location"", ""location_name"", ""horizon"", ""target_end_date"", ""point"", ""lower_95"", ""upper_95""], ""duplicate_key_count"": 0, ""expected_row_count"": 212, ""invalid_interval_order_rows"": 1, ""invalid_nonnegative_integer_rows"": 0, ""missing_key_count"": 0, ""row_count"": 212, ""submission_exists"": true, ""unexpected_key_count"": 0}, ""status"": ""failed""}\n' stderr=''",checker did not pass its pre-freeze gate,"VERIFIER_OUTPUT/submission.csv exists; its header equals the required ordered columns; it has 212 data rows; its complete metadata-key set exactly equals all 53 listed locations crossed with horizons 1-4 (with reference date, names, and dates as published), without duplicate keys; and every point/lower_95/upper_95 is a non-negative integer with lower_95 <= point <= upper_95. The checker prints status=passed exactly when all conditions hold.",null
verifier_v13_six_r1,health_medicine__flusight_offline_hosp_forecast_2024_12_14,prep_verifier,0,error,43ff27e0fb67c72908893f8260bb8001fdf4614d064ff98a7d70d56ee7e12f14,forecast_accuracy_and_historical_derivation,False,False,unverifiable,"Forecasts are computed from the archived historical snapshot and achieve strong mean 95% WIS, coverage, and point MAE on the four future target weeks (with the US row excluded from scoring).",2,"[{""locate_evidence"": ""quote and locator found"", ""located"": true, ""locator"": ""lines:21-26"", ""path"": ""input/TASK_INSTRUCTIONS.md"", ""quote"": ""## Important restrictions\n\n- **No internet or external network access.**\n- **No external files beyond this bundle.**\n- Use the archived historical snapshot in `historical_weekly_hospital_admissions_asof_2024-12-14.csv`.\n- Write your final answer as a CSV matching `forecast_output_template.csv`."", ""sha256"": ""ecb8159dc728bfa4272aeaf9f498a701fe63703f6736f0aa92356ba783cda2df""}, {""locate_evidence"": ""quote and locator found"", ""located"": true, ""locator"": ""lines:40-53"", ""path"": ""input/TASK_INSTRUCTIONS.md"", ""quote"": ""## Scoring\n\nPrimary ranking metric:\n- **Mean 95% weighted interval score (WIS)** over all scored rows **excluding the aggregate US row**.\n\nSecondary tie-breakers:\n1. higher 95% empirical coverage (excluding US),\n2. lower mean absolute error of the point forecast (excluding US).\n\n## Notes\n\n- This is a simplified Agent-HLE adaptation of FluSight: **no full quantile ladder is required**.\n- The hidden evaluator uses finalized future values for the four target weeks.\n- The historical snapshot intentionally reflects the data available **as of** the reference date, not later backfilled revisions."", ""sha256"": ""ecb8159dc728bfa4272aeaf9f498a701fe63703f6736f0aa92356ba783cda2df""}]",,,,,,,"The public materials prescribe no unique forecasting algorithm or solve-time numeric forecasts, and explicitly state that finalized future values are hidden. Output inspection cannot prove which data produced a forecast, and accuracy cannot be deterministically evaluated without those outcomes.",,,[],"The public materials prescribe no unique forecasting algorithm or solve-time numeric forecasts, and explicitly state that finalized future values are hidden. Output inspection cannot prove which data produced a forecast, and accuracy cannot be deterministically evaluated without those outcomes.",public solve-time truth is unavailable,"Forecasts are computed from the archived historical snapshot and achieve strong mean 95% WIS, coverage, and point MAE on the four future target weeks (with the US row excluded from scoring).",null
verifier_v13_six_r1,health_medicine__flusight_offline_hosp_forecast_2024_12_14,verifier,0,unverifiable,dd1fb9e00e688f068d97126c493ebc22c4ff12a82eb8cd584d74b138b1cae58c,submission_structure_and_key_set,True,False,unverifiable,"The output must contain submission.csv with exactly the eight required columns in order and exactly one row for every required location and horizon, using the fixed reference date, corresponding location name, and target date.",11,"[{""locate_evidence"": ""quote and locator found"", ""located"": true, ""locator"": ""/filename"", ""path"": ""input/output_contract.json"", ""quote"": ""\""submission.csv\"""", ""sha256"": ""a25b247767e6efcfd4e53e82112828a68917f7a3f79c40c8c7b755926f7852c0""}, {""locate_evidence"": ""quote and locator found"", ""located"": true, ""locator"": ""/columns"", ""path"": ""input/output_contract.json"", ""quote"": ""[\""reference_date\"",\""location\"",\""location_name\"",\""horizon\"",\""target_end_date\"",\""point\"",\""lower_95\"",\""upper_95\""]"", ""sha256"": ""a25b247767e6efcfd4e53e82112828a68917f7a3f79c40c8c7b755926f7852c0""}, {""locate_evidence"": ""quote and locator found"", ""located"": true, ""locator"": ""/row_count"", ""path"": ""input/output_contract.json"", ""quote"": ""212"", ""sha256"": ""a25b247767e6efcfd4e53e82112828a68917f7a3f79c40c8c7b755926f7852c0""}, {""locate_evidence"": ""quote and locator found"", ""located"": true, ""locator"": ""/reference_date"", ""path"": ""input/output_contract.json"", ""quote"": ""\""2024-12-14\"""", ""sha256"": ""a25b247767e6efcfd4e53e82112828a68917f7a3f79c40c8c7b755926f7852c0""}, {""locate_evidence"": ""quote and locator found"", ""located"": true, ""locator"": ""/valid_horizons"", ""path"": ""input/output_contract.json"", ""quote"": ""[1,2,3,4]"", ""sha256"": ""a25b247767e6efcfd4e53e82112828a68917f7a3f79c40c8c7b755926f7852c0""}, {""locate_evidence"": ""quote and locator found"", ""located"": true, ""locator"": ""/target_end_dates"", ""path"": ""input/output_contract.json"", ""quote"": ""[\""2024-12-21\"",\""2024-12-28\"",\""2025-01-04\"",\""2025-01-11\""]"", ""sha256"": ""a25b247767e6efcfd4e53e82112828a68917f7a3f79c40c8c7b755926f7852c0""}, {""locate_evidence"": ""quote and locator found"", ""located"": true, ""locator"": ""/locations_required"", ""path"": ""input/output_contract.json"", ""quote"": ""[\""01\"",\""02\"",\""04\"",\""05\"",\""06\"",\""08\"",\""09\"",\""10\"",\""11\"",\""12\"",\""13\"",\""15\"",\""16\"",\""17\"",\""18\"",\""19\"",\""20\"",\""21\"",\""22\"",\""23\"",\""24\"",\""25\"",\""26\"",\""27\"",\""28\"",\""29\"",\""30\"",\""31\"",\""32\"",\""33\"",\""34\"",\""35\"",\""36\"",\""37\"",\""38\"",\""39\"",\""40\"",\""41\"",\""42\"",\""44\"",\""45\"",\""46\"",\""47\"",\""48\"",\""49\"",\""50\"",\""51\"",\""53\"",\""54\"",\""55\"",\""56\"",\""72\"",\""US\""]"", ""sha256"": ""a25b247767e6efcfd4e53e82112828a68917f7a3f79c40c8c7b755926f7852c0""}, {""locate_evidence"": ""quote and locator found"", ""located"": true, ""locator"": ""/constraints/2"", ""path"": ""input/output_contract.json"", ""quote"": ""\""row key set must match forecast_output_template.csv exactly\"""", ""sha256"": ""a25b247767e6efcfd4e53e82112828a68917f7a3f79c40c8c7b755926f7852c0""}, {""locate_evidence"": ""RuntimeError: Traceback (most recent call last):\n  File \""<string>\"", line 32, in <module>\nValueError: text locator is outside the source"", ""located"": false, ""locator"": ""lines:3-18"", ""path"": ""input/forecast_output_schema.md"", ""quote"": ""Expected CSV columns, in order:\n\n1. `reference_date` \u2014 must be `2024-12-14`\n2. `location` \u2014 FluSight location code (`US`, `01`, ..., `56`, `72`)\n3. `location_name` \u2014 human-readable location name\n4. `horizon` \u2014 one of `1`, `2`, `3`, `4`\n5. `target_end_date` \u2014 must equal `reference_date + horizon * 7 days`\n6. `point` \u2014 non-negative integer\n7. `lower_95` \u2014 non-negative integer\n8. `upper_95` \u2014 non-negative integer\n\nThe submission must contain exactly 212 rows:\n53 locations \u00d7 4 horizons.\n\nRow order does not affect scoring, but the row key set must match the template exactly."", ""sha256"": """"}, {""locate_evidence"": ""quote and locator found"", ""located"": true, ""locator"": ""lines:1-50"", ""path"": ""input/locations.csv"", ""quote"": ""abbreviation,location,location_name,population\nUS,US,US,340110988\nAL,01,Alabama,5157699\nAK,02,Alaska,740133\nAZ,04,Arizona,7582384\nAR,05,Arkansas,3088354\nCA,06,California,39431263\nCO,08,Colorado,5957493\nCT,09,Connecticut,3675069\nDE,10,Delaware,1051917\nDC,11,District of Columbia,702250\nFL,12,Florida,23372215\nGA,13,Georgia,11180878\nHI,15,Hawaii,1446146\nID,16,Idaho,2001619\nIL,17,Illinois,12710158\nIN,18,Indiana,6924275\nIA,19,Iowa,3241488\nKS,20,Kansas,2970606\nKY,21,Kentucky,4588372\nLA,22,Louisiana,4597740\nME,23,Maine,1405012\nMD,24,Maryland,6263220\nMA,25,Massachusetts,7136171\nMI,26,Michigan,10140459\nMN,27,Minnesota,5793151\nMS,28,Mississippi,2943045\nMO,29,Missouri,6245466\nMT,30,Montana,1137233\nNE,31,Nebraska,2005465\nNV,32,Nevada,3267467\nNH,33,New Hampshire,1409032\nNJ,34,New Jersey,9500851\nNM,35,New Mexico,2130256\nNY,36,New York,19867248\nNC,37,North Carolina,11046024\nND,38,North Dakota,796568\nOH,39,Ohio,11883304\nOK,40,Oklahoma,4095393\nOR,41,Oregon,4272371\nPA,42,Pennsylvania,13078751\nRI,44,Rhode Island,1112308\nSC,45,South Carolina,5478831\nSD,46,South Dakota,924669\nTN,47,Tennessee,7227750\nTX,48,Texas,31290831\nUT,49,Utah,3503613\nVT,50,Vermont,648493\nVA,51,Virginia,8811195\nWA,53,Washington,7958180"", ""sha256"": ""543793b7d945ba0ddf25b244f2e2a026c6583f64fe5f0f4f1e0f5acf193d92bf""}, {""locate_evidence"": ""RuntimeError: Traceback (most recent call last):\n  File \""<string>\"", line 32, in <module>\nValueError: text locator is outside the source"", ""located"": false, ""locator"": ""lines:51-55"", ""path"": ""input/locations.csv"", ""quote"": ""WV,54,West Virginia,1769979\nWI,55,Wisconsin,5960975\nWY,56,Wyoming,587618\nPR,72,Puerto Rico,3203295"", ""sha256"": """"}]",missing,"The public sources jointly and consistently specify the complete structure. input/output_contract.json requires filename submission.csv, the eight columns in the stated order, 212 rows, reference date 2024-12-14, horizons 1–4, the four target dates, all 53 location codes, and a row key set matching forecast_output_template.csv exactly. input/forecast_output_schema.md states that target_end_date equals reference_date plus horizon times seven days, that there are 53 locations by four horizons, and that row order is irrelevant. input/locations.csv supplies the location-code/location-name mapping. Direct comparison of the public template against the Cartesian product generated from locations.csv confirmed 53 locations, 212 rows, identical headers, and an identical first-five-column key multiset.",False,True,True,True,"The expected rows are the Cartesian product of all 53 locations in locations.csv and horizons 1 through 4. For horizon h, target_end_date is 2024-12-14 plus 7h days. Duplicate, missing, or unexpected row keys fail. CSV row order is ignored. The observable file is VERIFIER_OUTPUT/submission.csv. Harness argv: python3 submission_structure_and_key_set.py.",public_recompute,No public validator is provided. The complete expected structural contract can be deterministically recomputed from output_contract.json and locations.csv using Python's standard CSV and date libraries.,"[""python3"", ""submission_structure_and_key_set.py""]","mechanical locators: input/output_contract.json /filename: quote and locator found; input/output_contract.json /columns: quote and locator found; input/output_contract.json /row_count: quote and locator found; input/output_contract.json /reference_date: quote and locator found; input/output_contract.json /valid_horizons: quote and locator found; input/output_contract.json /target_end_dates: quote and locator found; input/output_contract.json /locations_required: quote and locator found; input/output_contract.json /constraints/2: quote and locator found; input/forecast_output_schema.md lines:3-18: RuntimeError: Traceback (most recent call last):
  File ""<string>"", line 32, in <module>
ValueError: text locator is outside the source; input/locations.csv lines:1-50: quote and locator found; input/locations.csv lines:51-55: RuntimeError: Traceback (most recent call last):
  File ""<string>"", line 32, in <module>
ValueError: text locator is outside the source; source audit: The public sources jointly and consistently specify the complete structure. input/output_contract.json requires filename submission.csv, the eight columns in the stated order, 212 rows, reference date 2024-12-14, horizons 1–4, the four target dates, all 53 location codes, and a row key set matching forecast_output_template.csv exactly. input/forecast_output_schema.md states that target_end_date equals reference_date plus horizon times seven days, that there are 53 locations by four horizons, and that row order is irrelevant. input/locations.csv supplies the location-code/location-name mapping. Direct comparison of the public template against the Cartesian product generated from locations.csv confirmed 53 locations, 212 rows, identical headers, and an identical first-five-column key multiset.",source status: missing,"submission.csv exists; its header is exactly reference_date,location,location_name,horizon,target_end_date,point,lower_95,upper_95; it has 212 data rows; and the multiset of (reference_date, location, location_name, horizon, target_end_date) rows equals the complete expected 53-by-4 key set with no duplicates.",null
verifier_v13_six_r1,health_medicine__flusight_offline_hosp_forecast_2024_12_14,verifier,0,unverifiable,dd1fb9e00e688f068d97126c493ebc22c4ff12a82eb8cd584d74b138b1cae58c,forecast_value_constraints,True,False,unverifiable,"For every submitted forecast row, point, lower_95, and upper_95 must be non-negative integers, and lower_95 must not exceed point, which must not exceed upper_95.",3,"[{""locate_evidence"": ""quote or locator not found"", ""located"": false, ""locator"": ""lines:31-48"", ""path"": ""input/task_prompt.md"", ""quote"": ""Required output columns:\n\n- `reference_date`\n- `location`\n- `location_name`\n- `horizon`\n- `target_end_date`\n- `point`\n- `lower_95`\n- `upper_95`\n\nOutput rules:\n\n- Keep exactly the required 212 rows.\n- `reference_date` must stay `2024-12-14`.\n- `point`, `lower_95`, and `upper_95` must be non-negative integers.\n- `lower_95 <= point <= upper_95`."", ""sha256"": ""0becca9e2dbe0c5ee2e41c9eed4252bf1cc085a8a115b5ff0446eef9a7463ff2""}, {""locate_evidence"": ""quote and locator found"", ""located"": true, ""locator"": ""/constraints/0"", ""path"": ""input/output_contract.json"", ""quote"": ""\""point, lower_95, upper_95 must be non-negative integers\"""", ""sha256"": ""a25b247767e6efcfd4e53e82112828a68917f7a3f79c40c8c7b755926f7852c0""}, {""locate_evidence"": ""quote and locator found"", ""located"": true, ""locator"": ""/constraints/1"", ""path"": ""input/output_contract.json"", ""quote"": ""\""lower_95 <= point <= upper_95\"""", ""sha256"": ""a25b247767e6efcfd4e53e82112828a68917f7a3f79c40c8c7b755926f7852c0""}]",missing,"input/task_prompt.md and input/output_contract.json directly require point, lower_95, and upper_95 to be non-negative integers and require lower_95 <= point <= upper_95. TASK_INSTRUCTIONS.md states the same substantive constraints. However, the candidate interpretation additionally defines an exact CSV lexical grammar: only base-10 digit strings with an optional leading plus sign, excluding decimal points and exponents. The public materials do not explicitly define that serialization grammar or expressly establish whether forms such as '+1', leading-zero forms, or integer-valued exponential notation are accepted. Thus the mathematical value and ordering requirements are supported, but the exact parsing interpretation is not completely entailed.",False,False,True,True,"An integer is represented by a base-10 digit string with an optional leading plus sign and no decimal point or exponent; after parsing, it must be at least zero. Every row is checked exhaustively. Harness argv: python3 forecast_value_constraints.py.",public_recompute,"No public validator is supplied, but these explicit scalar and ordering constraints can be checked deterministically and exhaustively with Python's standard CSV parser.","[""python3"", ""forecast_value_constraints.py""]","mechanical locators: input/task_prompt.md lines:31-48: quote or locator not found; input/output_contract.json /constraints/0: quote and locator found; input/output_contract.json /constraints/1: quote and locator found; source audit: input/task_prompt.md and input/output_contract.json directly require point, lower_95, and upper_95 to be non-negative integers and require lower_95 <= point <= upper_95. TASK_INSTRUCTIONS.md states the same substantive constraints. However, the candidate interpretation additionally defines an exact CSV lexical grammar: only base-10 digit strings with an optional leading plus sign, excluding decimal points and exponents. The public materials do not explicitly define that serialization grammar or expressly establish whether forms such as '+1', leading-zero forms, or integer-valued exponential notation are accepted. Thus the mathematical value and ordering requirements are supported, but the exact parsing interpretation is not completely entailed.",source status: missing,"Every one of the 212 rows has parseable non-negative integer strings in point, lower_95, and upper_95, and every row satisfies lower_95 <= point <= upper_95.",null
verifier_v13_six_r1,health_medicine__flusight_offline_hosp_forecast_2024_12_14,verifier,0,unverifiable,dd1fb9e00e688f068d97126c493ebc22c4ff12a82eb8cd584d74b138b1cae58c,forecast_accuracy_against_future_observations,False,False,unverifiable,"Forecasts should achieve favorable mean 95% WIS, coverage, and point-forecast MAE on the finalized future observations, excluding the US row.",2,"[{""locate_evidence"": ""RuntimeError: Traceback (most recent call last):\n  File \""<string>\"", line 32, in <module>\nValueError: text locator is outside the source"", ""located"": false, ""locator"": ""lines:38-54"", ""path"": ""input/TASK_INSTRUCTIONS.md"", ""quote"": ""## Scoring\n\nPrimary ranking metric:\n- **Mean 95% weighted interval score (WIS)** over all scored rows **excluding the aggregate US row**.\n\nSecondary tie-breakers:\n1. higher 95% empirical coverage (excluding US),\n2. lower mean absolute error of the point forecast (excluding US).\n\n## Notes\n\n- This is a simplified Agent-HLE adaptation of FluSight: **no full quantile ladder is required**.\n- The hidden evaluator uses finalized future values for the four target weeks.\n- The historical snapshot intentionally reflects the data available **as of** the reference date, not later backfilled revisions."", ""sha256"": """"}, {""locate_evidence"": ""RuntimeError: Traceback (most recent call last):\n  File \""<string>\"", line 32, in <module>\nValueError: text locator is outside the source"", ""located"": false, ""locator"": ""lines:3-10"", ""path"": ""input/source_provenance.md"", ""quote"": ""This bundle was constructed from public CDC FluSight / NHSN data files:\n\n- Archived FluSight `time-series.csv` snapshot filtered to `as_of = 2024-12-14` for the historical input.\n- Current FluSight `target-hospital-admissions.csv` finalized values for the hidden future target weeks.\n- FluSight `locations.csv` for valid location codes and populations.\n\nThe public task bundle intentionally ships only the frozen local snapshot needed for offline evaluation."", ""sha256"": """"}]",,,,,,,"The finalized observations for the four forecast weeks are explicitly hidden and absent from the public bundle. Therefore no frozen pre-submission checker can compute WIS, coverage, MAE, or a sound accuracy threshold.",,,[],"The finalized observations for the four forecast weeks are explicitly hidden and absent from the public bundle. Therefore no frozen pre-submission checker can compute WIS, coverage, MAE, or a sound accuracy threshold.",public solve-time truth is unavailable,"Forecasts should achieve favorable mean 95% WIS, coverage, and point-forecast MAE on the finalized future observations, excluding the US row.",null
verifier_v13_six_r1,health_medicine__flusight_offline_hosp_forecast_2024_12_14,verifier,0,unverifiable,dd1fb9e00e688f068d97126c493ebc22c4ff12a82eb8cd584d74b138b1cae58c,historical_snapshot_was_used,False,False,unverifiable,The forecasts are computed from the archived historical admissions snapshot and use no internet or external files.,3,"[{""locate_evidence"": ""quote and locator found"", ""located"": true, ""locator"": ""lines:5-14"", ""path"": ""input/task_prompt.md"", ""quote"": ""Read these files first:\n\n- `TASK_INSTRUCTIONS.md`\n- `forecast_output_schema.md`\n- `forecast_output_template.csv`\n- `output_contract.json`\n\nUse only the staged local files. Do not use the internet or any external data."", ""sha256"": ""0becca9e2dbe0c5ee2e41c9eed4252bf1cc085a8a115b5ff0446eef9a7463ff2""}, {""locate_evidence"": ""quote or locator not found"", ""located"": false, ""locator"": ""lines:16-29"", ""path"": ""input/task_prompt.md"", ""quote"": ""Your goal:\n\n1. Use `historical_weekly_hospital_admissions_asof_2024-12-14.csv` to forecast weekly influenza hospital admissions for:\n   - `US`\n   - all 50 U.S. states\n   - Washington, DC\n   - Puerto Rico\n2. Forecast the four target end dates:\n   - `2024-12-21`\n   - `2024-12-28`\n   - `2025-01-04`\n   - `2025-01-11`\n3. Fill one row for every `(location, horizon)` pair in the staged template.\n4. Write your final answer to `submission.csv` in the writable task output directory."", ""sha256"": ""0becca9e2dbe0c5ee2e41c9eed4252bf1cc085a8a115b5ff0446eef9a7463ff2""}, {""locate_evidence"": ""quote and locator found"", ""located"": true, ""locator"": ""file"", ""path"": ""input/historical_weekly_hospital_admissions_asof_2024-12-14.csv"", ""quote"": """", ""sha256"": ""61c165879482bb0c8b77865006037db442198752542c9ecf08753a5cb9d54d30""}]",,,,,,,"A final CSV contains forecasts but no auditable computation trace or data-access log. Many compliant and noncompliant processes can produce the same bytes, so provenance and external-data non-use cannot be proven from the deliverable.",,,[],"A final CSV contains forecasts but no auditable computation trace or data-access log. Many compliant and noncompliant processes can produce the same bytes, so provenance and external-data non-use cannot be proven from the deliverable.",public solve-time truth is unavailable,The forecasts are computed from the archived historical admissions snapshot and use no internet or external files.,null
verifier_v13_six_r1,health_medicine__flusight_offline_hosp_forecast_2024_12_14,verifier,0,unverifiable,dd1fb9e00e688f068d97126c493ebc22c4ff12a82eb8cd584d74b138b1cae58c,predictive_median_interpretation,False,False,unverifiable,"The point forecast ideally represents a predictive median, while lower_95 and upper_95 ideally represent a central 95% predictive interval.",1,"[{""locate_evidence"": ""quote and locator found"", ""located"": true, ""locator"": ""lines:30-37"", ""path"": ""input/TASK_INSTRUCTIONS.md"", ""quote"": ""Fill one row for every `(location, horizon)` pair with:\n\n- `point`: integer point forecast (recommended interpretation: predictive median),\n- `lower_95`: integer lower bound of a central 95% prediction interval,\n- `upper_95`: integer upper bound of a central 95% prediction interval.\n\nAll three values must be non-negative integers and should satisfy:"", ""sha256"": ""ecb8159dc728bfa4272aeaf9f498a701fe63703f6736f0aa92356ba783cda2df""}]",,,,,,,"The material labels the median interpretation as recommended rather than mandatory, and no public future distribution or solve-time truth is supplied from which calibration or quantile semantics can be established.",,,[],"The material labels the median interpretation as recommended rather than mandatory, and no public future distribution or solve-time truth is supplied from which calibration or quantile semantics can be established.",public solve-time truth is unavailable,"The point forecast ideally represents a predictive median, while lower_95 and upper_95 ideally represent a central 95% predictive interval.",null
