endpoint,task,arm,iteration,overall,snapshot_sha256,id,type,blocking,status,requirement,source,source_quote,source_status,source_evidence,evidence,observed,expected,repair_hint
verifier_v6_canary,business_finance__bpmn_supply_disruption_l3,prep_verifier,0,fail,47a5009948333fba5d460f79269033d70f3c6cfa9dae7eb3d8a3e22e237d590c,bundle.schema.and.key,deterministic,True,pass,The four required output files must exist and parse; the BPMN process key must be monthlyProductionScheduling_modified_L3; the two compliance JSON files and test results must use their required top-level structures and key sets.,"input/task_prompt.md lines 71-76, 97-175",Produce: 1. `structural_changes.json` with top-level `modifications` map and keys `modification_1`..`modification_18` 2. `business_rules_compliance.json` with top-level `rules` map and keys `rule_1`..`rule_22` (including `rule_8a`),supported,"input/task_prompt.md lines 71-76 states: ""Produce: 1. `structural_changes.json` with top-level `modifications` map and keys `modification_1`..`modification_18` 2. `business_rules_compliance.json` with top-level `rules` map and keys `rule_1`..`rule_22` (including `rule_8a`)""; lines 99-118 define the test-results structure and process key; lines 166-175 list the four required files.","Snapshot contains modified_process.bpmn20.xml, structural_changes.json, business_rules_compliance.json, and test_results.json. ElementTree and json.load parsed all four. The BPMN process attributes are id=""monthlyProductionScheduling_modified_L3"" and isExecutable=""true"". structural_changes.json has exactly 18 keys modification_1..modification_18; business_rules_compliance.json has exactly 23 prescribed keys rule_1..rule_22 plus rule_8a; test_results.json has process_definition_key=""monthlyProductionScheduling_modified_L3"", total_scenarios=67, and 67 scenario objects.",All four files exist and parse; executable process key matches; prescribed modification and rule key sets are exact.,"All required files parse and all prescribed top-level structures, key sets, and process key are present.",
verifier_v6_canary,business_finance__bpmn_supply_disruption_l3,prep_verifier,0,fail,47a5009948333fba5d460f79269033d70f3c6cfa9dae7eb3d8a3e22e237d590c,original.anchors.preserved,deterministic,True,unverifiable,All original BPMN elements and their IDs must be preserved in the modified BPMN.,input/task_prompt.md lines 32-36; input/starter_project/original_process.bpmn20.xml,"Your modified process must: - preserve all original elements and IDs, - use process definition key **`monthlyProductionScheduling_modified_L3`**",ambiguous,"input/task_prompt.md lines 34-36 says both ""preserve all original elements and IDs"" and ""use process definition key `monthlyProductionScheduling_modified_L3`"". Literally preserving the original process element ID monthlyProductionScheduling_original conflicts with changing that process ID; the fixed check resolves only this specific conflict by permitting the process ID change.","ElementTree comparison by local element type and id found 136 distinct original IDs, 206 modified IDs, and 90 original IDs absent. Even excluding the permitted original process ID change, 89 anchored IDs are missing. Examples include original form properties in_revenue_target, out_sku_demand, out_delivery_rhythm, in_production_schedule, out_line_schedule, out_capacity_status, out_overall_verdict, out_plan_id, out_material_orders, in_material_orders, and out_purchase_orders. All original BPMN-DI anchors are also absent, including BPMNDiagram_original, BPMNPlane_original, shape_task_capacityConfirmation, and edge_flow1 through edge_flow11. No present anchor was type-changed.","89 missing non-process anchored IDs, plus the expected changed process ID.",Every original anchored element ID except the process ID remains represented by the same element type.,
verifier_v6_canary,business_finance__bpmn_supply_disruption_l3,prep_verifier,0,fail,47a5009948333fba5d460f79269033d70f3c6cfa9dae7eb3d8a3e22e237d590c,new.nodes.flowable.structure,deterministic,True,fail,"Every new manual task must be a documented userTask with typed form properties; new exclusive gateways must have unconditioned default flows, and gateway logic must use ${...} variable expressions rather than constants.","input/task_prompt.md lines 37-45, 47-53; input/starter_project/disruption_scenario_L3.md lines 204-213","keep all new task nodes as `userTask`... define default flows on new exclusive gateways, include `<documentation>` for each new user task... Default flows on exclusive gateways must **not** have condition expressions",supported,"input/task_prompt.md lines 38-45 requires: ""keep all new task nodes as `userTask`"", ""define default flows on new exclusive gateways"", ""include `<documentation>` for each new user task"", and variable-based `${...}` expressions. Lines 49-52 add: ""Default flows on exclusive gateways must not have condition expressions."" disruption_scenario_L3.md lines 204-213 rejects hardcoded conditions.","All 15 new task elements are userTask elements, each has nonempty documentation, and all their formProperty entries declare a type. Conditional flows use variable-based `${...}` expressions and the declared default flows have no conditionExpression. However, new exclusiveGateway gw_qualityEntry at modified_process.bpmn20.xml line 296 has no default attribute; its sole outgoing flow_quality_entry at line 497 is unconditioned but is not declared as the gateway default.","15/15 new tasks satisfy task/documentation/type requirements; 12 new decision gateways have valid defaults, but gw_qualityEntry is a new exclusiveGateway without a declared default.","Every new exclusiveGateway has a valid unconditioned default sequence flow, and non-default routing uses nonconstant `${...}` conditions.","Either model gw_qualityEntry as an appropriate non-exclusive convergence gateway, or set default=""flow_quality_entry"" while keeping that flow unconditioned."
verifier_v6_canary,business_finance__bpmn_supply_disruption_l3,prep_verifier,0,fail,47a5009948333fba5d460f79269033d70f3c6cfa9dae7eb3d8a3e22e237d590c,disruption.topology.and.termination,deterministic,True,pass,"The graph must route procurement availability and any sourcing resolution into mandatory quality inspection before capacity assessment; successful exception handling must rejoin the main workflow, while last-resort escalation must terminate at a separate end event.",input/task_prompt.md lines 37-45; input/starter_project/business_rules_L3.md lines 23-30,The quality inspection step must occur AFTER sourcing resolution and BEFORE capacity assessment... rejoin successful exception handling into the main flow... route last-resort escalation to a separate terminal end event,supported,"input/task_prompt.md lines 37-45 requires supply/quality routing, closed-loop rejoin, and a separate terminal escalation. business_rules_L3.md lines 25 and 51 state: ""The quality inspection step must occur AFTER sourcing resolution and BEFORE capacity assessment"" and adjusted plans must route back through the existing capacity confirmation task.","Directed sequence-flow reachability confirms task_skuSequencing -> task_procurementAvailability; task_procurementAvailability -> task_qualityInspection; task_alternativeSourcing -> task_qualityInspection; and task_qualityInspection -> task_capacityConfirmation. Grade A routes gw_qualityGrade -> gw_costVariance -> task_capacityConfirmation. Accepted Grade B routes through paired waiver reviews and task_documentRestrictions to the same cost/capacity path. Expedited acceptance also reaches cost/capacity. Approved adjusted mix routes gw_directorApproval -> task_capacityConfirmation. Capacity success reaches task_monthlyPlanConfirmation, the preserved release split/join, and endEvent. task_lastResortEscalation reaches only endEvent_escalated and has no path to endEvent or adjustment/release.","Mandatory quality-before-capacity paths, successful rejoin paths, capacity re-validation, normal completion, and distinct terminal escalation are all reachable in the graph.","Required quality-gated closed-loop paths exist, successful paths rejoin capacity/main release, and escalation is separately terminal.",
verifier_v6_canary,business_finance__bpmn_supply_disruption_l3,prep_verifier,0,fail,47a5009948333fba5d460f79269033d70f3c6cfa9dae7eb3d8a3e22e237d590c,topological.data.flow,deterministic,True,fail,"Every new task input form property named in_* must have a matching out_* producer on a topological predecessor, including QA and procurement dependencies consumed by mix adjustment and material restrictions consumed by final procurement execution.","input/task_prompt.md lines 38-39, 88, 93-95; input/starter_project/disruption_scenario_L3.md lines 183-192",a task's `in_*` variable must have a producer (`out_*`) on a task that is a graph predecessor via sequence flows... The product mix adjustment task must consume input data from at least two distinct organizational lanes,supported,input/task_prompt.md lines 39 and 93-95 says every new task's `in_*` property requires a matching `out_*` producer on a sequence-flow topological predecessor. disruption_scenario_L3.md lines 183-192 requires QA and Procurement inputs for mix adjustment and material restrictions to propagate to procurement execution.,"Reverse sequence-flow reachability found three unmatched new-task inputs, all on task_expeditedQualityDecision: in_supplierRiskLevel, in_waiverGranted, and in_qualityInspectionReport. Their producers exist on task_procurementAvailability/task_alternativeSourcing, task_procurementAvailability/task_executiveWaiver, and task_qualityInspection respectively, but none is a graph predecessor of the expedited task because its only incoming sequence flow starts at boundary_qualityTimeout. Other checked dependencies are structurally traceable: task_productMixAdjustment has predecessor-produced supply/sourcing/cost, material-grade, and restriction inputs; task_procurementExecution has in_materialRestrictions with predecessor producers.",3 new in_* properties lack a same-suffix out_* producer on a reverse-reachable sequence-flow predecessor; the required mix and final-procurement dependencies otherwise exist.,"Every new in_* property has a same-suffix out_* producer on a directed predecessor path, including QA/procurement mix inputs and restriction propagation.","Add a sequence-flow-reachable initialization/producer task before the timeout branch for supplierRiskLevel, waiverGranted, and qualityInspectionReport, or remodel the timeout path so those producers are topological predecessors of task_expeditedQualityDecision."
verifier_v6_canary,business_finance__bpmn_supply_disruption_l3,prep_verifier,0,fail,47a5009948333fba5d460f79269033d70f3c6cfa9dae7eb3d8a3e22e237d590c,advanced.controls,deterministic,True,fail,"The BPMN must implement an interrupting 48-hour quality timer with prompt expedited handling, independent paired parallel director reviews, bounded mix revision, state-dependent capacity re-validation, numeric 15%/25% cost tiers, and rationale outputs for all override paths.","input/starter_project/business_rules_L3.md lines 18-19, 29-41; input/starter_project/disruption_scenario_L3.md lines 165-181, 194-202","variance exceeding 15% triggers Finance Controller review, variance exceeding 25% triggers Executive escalation... A loop counter variable must be maintained, incremented on each iteration... Every manual override decision point... must produce a rationale output variable",supported,"business_rules_L3.md lines 29-41 requires an interrupting 48-hour quality timeout, numeric >15% and >25% tiers, and rationale outputs. disruption_scenario_L3.md lines 165-181 requires a process-visible bounded loop and paired parallel reviews; lines 194-202 require override rationale outputs.","The intended timeout is not represented by a BPMN boundaryEvent element. At modified_process.bpmn20.xml line 307 the local XML element name is `boundaryEvent_qualityTimeout`, not `boundaryEvent`; it contains PT48H and cancelActivity=""true"", but BPMN parsers will not recognize that custom local name as a boundary event. The sequence flow at line 499 references this non-BPMN element. Other controls are present: direct timeout-to-expedited flow, paired parallel director split/join with branch outputs, mix retry condition `${out_adjustmentAttemptCount < 3}`, re-validation escalation condition using out_adjustmentMade, numeric `${out_costVariancePct > 15}` and `${out_costVariancePct > 25}`, and rationale/justification outputs on executive waiver, expedited decision, executive cost approval, QA/SC waiver reviews, and last-resort escalation.","Most advanced control structures and variables are declared, but the mandatory timer boundary event has the wrong XML element type and is therefore not an executable BPMN boundary timer.","All advanced controls, including a valid interrupting BPMN boundaryEvent with an ISO-equivalent 48-hour timer, are executable graph structures.","Rename the element to a namespace-correct `<bpmn:boundaryEvent id=""boundary_qualityTimeout"" attachedToRef=""task_qualityInspection"" cancelActivity=""true"">` containing `<bpmn:timerEventDefinition><bpmn:timeDuration>PT48H</bpmn:timeDuration></bpmn:timerEventDefinition>`."
verifier_v6_canary,business_finance__bpmn_supply_disruption_l3,prep_verifier,0,fail,47a5009948333fba5d460f79269033d70f3c6cfa9dae7eb3d8a3e22e237d590c,sampled.role.authority,public_evidence,True,pass,"New tasks must couple responsibilities to the authoritative organizational roles, including Supply Chain Director ownership of mix proposals and QA Lead participation in quality inspection/waiver decisions.",input/starter_project/org_hierarchy.json /roles/7 and /roles/4,"""Product mix adjustment proposals (2-3 executable alternatives)""; ""Incoming material inspection standards""",supported,"org_hierarchy.json /roles/7 grants Supply Chain Director authority for ""Product mix adjustment proposals (2-3 executable alternatives)"". /roles/4 grants Quality Assurance Lead authority for ""Incoming material inspection standards"" and identifies responsibility for incoming-material quality holds. business_rules_L3.md line 26 additionally requires QA Lead participation in Grade B acceptance.","task_productMixAdjustment is assigned flowable:assignee=""${supplyChainDirector}"" with candidateGroups=""supplychain_mgmt"". task_qualityInspection and task_qaWaiverReview are assigned `${qualityAssuranceLead}` with candidateGroups=""quality"". Grade B governance uses gw_gradeBSplit to run task_qaWaiverReview and task_scWaiverReview independently, joins both at gw_gradeBJoin, and requires both output approvals at gw_gradeBDecision. The new nodes are not listed in lane flowNodeRefs, but their explicit assignee/group authority matches the sampled roles and QA is not replaced by an unrelated role.",Supply Chain Director owns the mix proposal; Quality Assurance Lead owns inspection and independently participates in Grade B waiver governance.,"The sampled responsibilities are assigned to the authoritative roles, with Grade B waiver structure retaining QA participation.",
verifier_v6_canary,business_finance__bpmn_supply_disruption_l3,prep_verifier,0,fail,47a5009948333fba5d460f79269033d70f3c6cfa9dae7eb3d8a3e22e237d590c,results.and.compliance.consistency,deterministic,True,fail,"test_results.json must contain all 67 provided scenarios with boolean pass fields, and every compliance artifact reference or claim must agree with the actual BPMN.","input/task_prompt.md lines 67-76, 99-164; input/starter_project/test_scenarios_L3.json /scenarios","Each scenario entry **must** include a boolean `""pass""` field. Use the top-level key `""scenarios""` for the array... Each rule's `enforced_by` elements must reference actual BPMN node IDs.",supported,"input/task_prompt.md lines 99-118 requires process_definition_key, total_scenarios, scenarios, scenario_id, description, boolean pass, actual_path, boolean ended, and steps_executed. Lines 142 and 164 require actual BPMN node/variable references. disruption_scenario_L3.md lines 154-163 requires all compliance claims to agree with the BPMN XML.","test_results.json contains exactly one entry for each S01-S67; all descriptions match the public scenario suite, pass and ended are booleans, actual_path is an array, steps_executed is an integer equal to array length, and every listed ID exists in the XML. All structural/compliance node references resolve. However, business_rules_compliance.json rule_15 and rule_19 claim enforcement by boundary_qualityTimeout as an interrupting BPMN timer, while XML line 307 defines the local element type `boundaryEvent_qualityTimeout`, not BPMN `boundaryEvent`; modification_5 likewise documents it as an interrupting timeout. Thus those compliance claims contradict the delivered XML element type. Additionally, every one of the 67 reported actual_path arrays contains at least one consecutive pair with no direct sequenceFlow—for example S01 lists gw_supplyRisk -> task_qualityInspection although the BPMN inserts gw_qualityEntry, and lists task_procurementExecution -> task_factoryExecution although those tasks are parallel siblings.","The 67-entry result schema, IDs, descriptions, and lengths are complete, but timer compliance claims contradict the XML and all reported paths omit or serialize graph elements in ways that are not actual sequence-flow paths.",All 67 scenario entries follow the exact result schema and all reported paths and structural/compliance assertions are supported by the delivered BPMN.,"Correct the timeout to a real BPMN boundaryEvent and update every actual_path to reflect the delivered sequence-flow topology, including convergence gateways and a faithful representation of parallel branches."
verifier_v6_canary,business_finance__bpmn_supply_disruption_l3,prep_verifier,1,fail,c992372863086fe41faeef3c467996ab178edf782de37017c3eafdf59a20ffba,bundle.schema.and.key,deterministic,True,pass,The four required output files must exist and parse; the BPMN process key must be monthlyProductionScheduling_modified_L3; the two compliance JSON files and test results must use their required top-level structures and key sets.,"input/task_prompt.md lines 71-76, 97-175",Produce: 1. `structural_changes.json` with top-level `modifications` map and keys `modification_1`..`modification_18` 2. `business_rules_compliance.json` with top-level `rules` map and keys `rule_1`..`rule_22` (including `rule_8a`),supported,"input/task_prompt.md lines 71-76 states: ""Produce: 1. `structural_changes.json` with top-level `modifications` map and keys `modification_1`..`modification_18` 2. `business_rules_compliance.json` with top-level `rules` map and keys `rule_1`..`rule_22` (including `rule_8a`)""; lines 99-118 define the test-results structure and key; lines 166-175 list the four required files.","All four files exist in /tmp/ale-verifier-d5585137c327/snapshot-1 and parsed successfully. modified_process.bpmn20.xml contains process id=""monthlyProductionScheduling_modified_L3"" and isExecutable=""true"". structural_changes.json has top-level keys description/modifications and exactly 18 entries modification_1..modification_18. business_rules_compliance.json has description/rules and exactly 23 entries rule_1..rule_22 plus rule_8a. test_results.json reports process_definition_key=""monthlyProductionScheduling_modified_L3"", total_scenarios=67, and 67 scenario objects.",4 required parseable files; executable process key monthlyProductionScheduling_modified_L3; 18 modification keys; 23 rule keys; matching test-results key.,"All required files parse and all prescribed top-level structures, key sets, and process key are present.",
verifier_v6_canary,business_finance__bpmn_supply_disruption_l3,prep_verifier,1,fail,c992372863086fe41faeef3c467996ab178edf782de37017c3eafdf59a20ffba,original.anchors.preserved,deterministic,True,fail,All original BPMN elements and their IDs must be preserved in the modified BPMN.,input/task_prompt.md lines 32-36; input/starter_project/original_process.bpmn20.xml,"Your modified process must: - preserve all original elements and IDs, - use process definition key **`monthlyProductionScheduling_modified_L3`**",supported,"input/task_prompt.md lines 32-36 states: ""Your modified process must: - preserve all original elements and IDs, - use process definition key **`monthlyProductionScheduling_modified_L3`**"". The authoritative anchor inventory is present in input/starter_project/original_process.bpmn20.xml.","Element-by-element XML comparison found numerous original IDs absent from the modified XML. Examples include original formProperty IDs in_revenue_target, in_gross_margin_target, in_volume_target, in_product_mix_direction, out_sku_demand, out_delivery_rhythm, out_market_constraints, in_line_schedule, out_capacity_status, out_overall_verdict, out_plan_id, out_material_orders, in_material_orders, and out_purchase_orders. Original BPMN-DI IDs such as BPMNDiagram_original, BPMNPlane_original, shape_task_salesDemand, shape_task_capacityConfirmation, and edge_flow1 are also absent. The anchored task IDs remain, but their original identified child elements were replaced; for example task_salesDemand originally had seven identified form properties and now has only out_demandPlan and out_deliveryCommitments.","Many original identified BPMN model/extension and diagram elements are missing, although the major task IDs remain with the same userTask type.","Every original anchored element ID remains represented by the same BPMN element type, except the permitted process-key change and sequence-flow rerouting.","Restore every original identified element, especially the original formProperty and BPMN-DI IDs, under the preserved tasks/diagram; add new properties rather than replacing the original ones."
verifier_v6_canary,business_finance__bpmn_supply_disruption_l3,prep_verifier,1,fail,c992372863086fe41faeef3c467996ab178edf782de37017c3eafdf59a20ffba,new.nodes.flowable.structure,deterministic,True,pass,"Every new manual task must be a documented userTask with typed form properties; new exclusive gateways must have unconditioned default flows, and gateway logic must use ${...} variable expressions rather than constants.","input/task_prompt.md lines 37-45, 47-53; input/starter_project/disruption_scenario_L3.md lines 204-213","keep all new task nodes as `userTask`... define default flows on new exclusive gateways, include `<documentation>` for each new user task... Default flows on exclusive gateways must **not** have condition expressions",supported,"input/task_prompt.md lines 37-45 requires new task nodes to be userTask, variable-based `${...}` expressions, default flows on new exclusive gateways, and documentation for each new user task. Lines 47-53 state: ""Default flows on exclusive gateways must **not** have condition expressions"". disruption_scenario_L3.md lines 204-213 rejects hardcoded true/false routing.","Comparison with the original identified 15 new task nodes; all 15 are userTask elements, all have nonempty documentation, and every one of their formProperty declarations has a type. Fourteen new exclusiveGateway elements were found. Each declares an existing default sequenceFlow, and each default flow has no conditionExpression. Inspected non-default conditions use `${...}` variable expressions, including `${out_supplyStatus == 'at_risk'}`, `${out_materialGrade == 'A'}`, `${out_costVariancePct > 15}`, and `${out_costVariancePct > 25}`; no hardcoded true/false condition was found.",15/15 new tasks are documented typed userTasks; 14/14 new exclusive gateways have unconditioned defaults and variable-based conditional routing.,All new manual nodes and gateways satisfy the documented Flowable-compatible structural requirements.,
verifier_v6_canary,business_finance__bpmn_supply_disruption_l3,prep_verifier,1,fail,c992372863086fe41faeef3c467996ab178edf782de37017c3eafdf59a20ffba,disruption.topology.and.termination,deterministic,True,fail,"The graph must route procurement availability and any sourcing resolution into mandatory quality inspection before capacity assessment; successful exception handling must rejoin the main workflow, while last-resort escalation must terminate at a separate end event.",input/task_prompt.md lines 37-45; input/starter_project/business_rules_L3.md lines 23-30,The quality inspection step must occur AFTER sourcing resolution and BEFORE capacity assessment... rejoin successful exception handling into the main flow... route last-resort escalation to a separate terminal end event,supported,"input/task_prompt.md lines 37-45 requires successful exception handling to rejoin the main flow and last-resort escalation to route to a separate terminal end event. business_rules_L3.md lines 23-30 states: ""The quality inspection step must occur AFTER sourcing resolution and BEFORE capacity assessment.""","Directed-graph checks confirmed task_skuSequencing reaches task_procurementAvailability; both task_procurementAvailability and task_alternativeSourcing reach task_qualityInspection; quality inspection reaches task_capacityConfirmation; product-mix adjustment routes back through task_capacityConfirmation; and task_lastResortEscalation has no path to normal endEvent or back to adjustment. However, its target is declared as `<endEvent_escalated id=""endEvent_escalated"" .../>`, whose BPMN local element type is literally `endEvent_escalated`, not the standard BPMN `endEvent`. Thus the escalation sequence flow does not terminate at a valid separate BPMN end event.","Quality-gated/rejoin topology is present, but flow_escalation_to_end targets a nonstandard endEvent_escalated element rather than a BPMN endEvent.","Required quality-gated closed-loop paths exist, successful paths rejoin capacity/main release, and escalation is separately terminal at a valid end event.","Replace `<endEvent_escalated .../>` with `<endEvent id=""endEvent_escalated"" .../>` while retaining flow_escalation_to_end as its sole incoming escalation flow."
verifier_v6_canary,business_finance__bpmn_supply_disruption_l3,prep_verifier,1,fail,c992372863086fe41faeef3c467996ab178edf782de37017c3eafdf59a20ffba,topological.data.flow,deterministic,True,pass,"Every new task input form property named in_* must have a matching out_* producer on a topological predecessor, including QA and procurement dependencies consumed by mix adjustment and material restrictions consumed by final procurement execution.","input/task_prompt.md lines 38-39, 88, 93-95; input/starter_project/disruption_scenario_L3.md lines 183-192",a task's `in_*` variable must have a producer (`out_*`) on a task that is a graph predecessor via sequence flows... The product mix adjustment task must consume input data from at least two distinct organizational lanes,supported,"input/task_prompt.md lines 38-39 and 93-95 states: ""a task's `in_*` variable must have a producer (`out_*`) on a task that is a graph predecessor via sequence flows"". disruption_scenario_L3.md lines 183-192 requires QA and Procurement inputs for product-mix adjustment and restriction propagation to procurement execution.","A reverse-reachability check over all sequence flows found no new userTask in_* property lacking a same-suffix out_* property on a predecessor task. task_productMixAdjustment consumes QA-produced in_materialGrade/in_materialRestrictions and Procurement-produced in_supplyStatus, in_sourcingResolution, and in_costVariancePct. task_procurementExecution declares in_materialRestrictions; predecessor producers include task_qualityInspection, task_documentRestrictions, task_expeditedQualityDecision, and task_procurementAvailability.",Zero unmatched new-task input properties; required QA/Procurement mix dependencies and downstream material-restriction dependency are represented by predecessor producers.,"Every new in_* property has a same-suffix out_* producer on a directed predecessor path, with the required cross-lane and restriction-propagation chains.",
verifier_v6_canary,business_finance__bpmn_supply_disruption_l3,prep_verifier,1,fail,c992372863086fe41faeef3c467996ab178edf782de37017c3eafdf59a20ffba,advanced.controls,deterministic,True,fail,"The BPMN must implement an interrupting 48-hour quality timer with prompt expedited handling, independent paired parallel director reviews, bounded mix revision, state-dependent capacity re-validation, numeric 15%/25% cost tiers, and rationale outputs for all override paths.","input/starter_project/business_rules_L3.md lines 18-19, 29-41; input/starter_project/disruption_scenario_L3.md lines 165-181, 194-202","variance exceeding 15% triggers Finance Controller review, variance exceeding 25% triggers Executive escalation... A loop counter variable must be maintained, incremented on each iteration... Every manual override decision point... must produce a rationale output variable",supported,"business_rules_L3.md lines 29-41 requires the interrupting 48-hour timer, 15%/25% tiers, and rationale outputs. disruption_scenario_L3.md lines 165-181 states: ""A loop counter variable must be maintained, incremented on each iteration"" and requires a process-visible bounded retry counter and paired parallel reviews.","The BPMN contains an interrupting boundary timer attached to task_qualityInspection with timeDuration PT48H and a direct flow to task_expeditedQualityDecision; paired director parallel split/join tasks produce separate outputs used by `${out_scDirectorApproved == true && out_salesDirectorApproved == true}`; cost conditions use numeric `> 15` and `> 25`; state-dependent capacity failure routes to escalation; and override tasks declare rationale/justification outputs. The bounded-loop counter is not actually incremented by executable BPMN logic: out_adjustmentAttemptCount is merely a manually supplied form output on task_productMixAdjustment (and a default output on task_procurementAvailability), while the retry gateway only reads `${out_mixValidationResult == 'fails' && out_adjustmentAttemptCount < 3}`. No assignment, script, expression, or other operation increments the counter on each revision. Additionally, the escalation target is the nonstandard element `<endEvent_escalated>` rather than a BPMN endEvent.","Timer, parallel review, thresholds, revalidation routing, and rationale fields exist; deterministic per-iteration counter increment and a valid escalation end event do not.","All listed controls are represented by executable graph structure, variable-based conditions, declared rationale outputs, and a maintained/incremented bounded retry counter.","Add executable process-visible logic that initializes and increments adjustmentAttemptCount exactly once per failed revision before retry evaluation, and declare endEvent_escalated using the standard BPMN `<endEvent>` element."
verifier_v6_canary,business_finance__bpmn_supply_disruption_l3,prep_verifier,1,fail,c992372863086fe41faeef3c467996ab178edf782de37017c3eafdf59a20ffba,sampled.role.authority,public_evidence,True,pass,"New tasks must couple responsibilities to the authoritative organizational roles, including Supply Chain Director ownership of mix proposals and QA Lead participation in quality inspection/waiver decisions.",input/starter_project/org_hierarchy.json /roles/7 and /roles/4,"""Product mix adjustment proposals (2-3 executable alternatives)""; ""Incoming material inspection standards""",supported,"input/starter_project/org_hierarchy.json#/roles/7 assigns Supply Chain Director authority for ""Product mix adjustment proposals (2-3 executable alternatives)"". /roles/4 assigns Quality Assurance Lead authority for ""Incoming material inspection standards"" and quality governance.","task_productMixAdjustment is assigned with flowable:assignee=""${supplyChainDirector}"" and candidateGroups=""supplychain_mgmt""; its documentation explicitly requires 2-3 executable alternatives. task_qualityInspection is assigned to `${qualityAssuranceLead}` with candidateGroups=""quality"". Grade B governance retains QA participation through task_qaWaiverReview, assigned to `${qualityAssuranceLead}`, in parallel with task_scWaiverReview, and both outputs are required by gw_gradeBDecision.",Supply Chain Director owns the mix proposal; Quality Assurance Lead owns inspection and independently participates in Grade B waiver governance.,"The sampled responsibilities are assigned to the authoritative roles, with Grade B waiver structure retaining QA participation.",
verifier_v6_canary,business_finance__bpmn_supply_disruption_l3,prep_verifier,1,fail,c992372863086fe41faeef3c467996ab178edf782de37017c3eafdf59a20ffba,results.and.compliance.consistency,deterministic,True,fail,"test_results.json must contain all 67 provided scenarios with boolean pass fields, and every compliance artifact reference or claim must agree with the actual BPMN.","input/task_prompt.md lines 67-76, 99-164; input/starter_project/test_scenarios_L3.json /scenarios","Each scenario entry **must** include a boolean `""pass""` field. Use the top-level key `""scenarios""` for the array... Each rule's `enforced_by` elements must reference actual BPMN node IDs.",supported,input/task_prompt.md lines 99-118 requires a boolean pass field and the scenarios array; lines 142 and 164 require actual BPMN IDs in structural and rule mappings. input/starter_project/test_scenarios_L3.json contains the authoritative 67-scenario suite.,"test_results.json has total_scenarios=67, exactly one result for every public ID S01-S67, all required fields have the required primitive types, every steps_executed value equals actual_path length, and no actual_path ID is absent from the XML ID inventory. All business_rules_compliance.json enforced_by IDs also resolve. Cross-artifact consistency nevertheless fails: structural_changes.json modification_18 claims ""Separate terminal last-resort escalation"" and lists endEvent_escalated, but modified_process.bpmn20.xml declares that object as the nonstandard BPMN-namespace tag `<endEvent_escalated>` rather than an `<endEvent>`. Consequently scenario paths and compliance documentation treating it as terminal are not supported by the delivered BPMN element type.","All 67 result records satisfy the requested JSON shape and ID coverage, but the claimed separate terminal escalation conflicts with the actual XML element type.",All 67 scenario entries follow the exact result schema and all structural/compliance references and assertions are supported by the delivered BPMN.,"Change the malformed terminal declaration to `<endEvent id=""endEvent_escalated"" name=""Terminal Executive Escalation""/>`, then revalidate the documented and scenario escalation paths against the corrected BPMN."
verifier_v6_canary,business_finance__bpmn_supply_disruption_l3,verifier,0,fail,9d29791860ce5fd362694b37fc987f57fd44226e76feda0ee72f6710d8de6a3d,bundle.schema.and.key,deterministic,True,pass,The four required output files must exist and parse; the BPMN process key must be monthlyProductionScheduling_modified_L3; the two compliance JSON files and test results must use their required top-level structures and key sets.,"input/task_prompt.md lines 71-76, 97-175",Produce: 1. `structural_changes.json` with top-level `modifications` map and keys `modification_1`..`modification_18` 2. `business_rules_compliance.json` with top-level `rules` map and keys `rule_1`..`rule_22` (including `rule_8a`),supported,input/task_prompt.md lines 34-36 require process key `monthlyProductionScheduling_modified_L3`; lines 71-76 require `structural_changes.json` with `modification_1`..`modification_18` and `business_rules_compliance.json` with `rule_1`..`rule_22` including `rule_8a`; lines 99-118 define the test-results structure; lines 166-175 list the four required deliverables.,"`find` in snapshot found modified_process.bpmn20.xml, structural_changes.json, business_rules_compliance.json, and test_results.json. Python ElementTree and json.load parsed all four. BPMN process attributes are id=`monthlyProductionScheduling_modified_L3`, isExecutable=`true`. structural_changes.json contains exactly 18 keys modification_1..modification_18. business_rules_compliance.json contains 23 keys rule_1..rule_22 plus rule_8a. test_results.json has process_definition_key=`monthlyProductionScheduling_modified_L3`.",All four files exist and parse; executable process key matches; required modification and rule key sets are exact.,"All required files parse and all prescribed top-level structures, key sets, and process key are present.",
verifier_v6_canary,business_finance__bpmn_supply_disruption_l3,verifier,0,fail,9d29791860ce5fd362694b37fc987f57fd44226e76feda0ee72f6710d8de6a3d,original.anchors.preserved,deterministic,True,pass,All original BPMN elements and their IDs must be preserved in the modified BPMN.,input/task_prompt.md lines 32-36; input/starter_project/original_process.bpmn20.xml,"Your modified process must: - preserve all original elements and IDs, - use process definition key **`monthlyProductionScheduling_modified_L3`**",supported,"input/task_prompt.md lines 32-36: ""Your modified process must: - preserve all original elements and IDs, - use process definition key **`monthlyProductionScheduling_modified_L3`**"". Original anchors are enumerated in input/starter_project/original_process.bpmn20.xml.","ElementTree comparison by `{local BPMN element type, id}` found every original process-model anchor except the permitted changed process id in the modified model: laneSet/lane IDs, startEvent, seven original userTasks, two original parallel gateways, endEvent, eleven original sequenceFlow IDs, annotations, and associations remain with their original types. The submitted process id is the required modified key. The omitted original BPMNDiagram/BPMNPlane/shape/edge IDs are BPMN-DI presentation elements rather than BPMN process-model elements covered by the fixed check.",All original BPMN process-model IDs retain the same element type; process id changed from monthlyProductionScheduling_original to monthlyProductionScheduling_modified_L3.,"Every original anchored BPMN model element remains represented by the same type, with only the process key changed as permitted.",
verifier_v6_canary,business_finance__bpmn_supply_disruption_l3,verifier,0,fail,9d29791860ce5fd362694b37fc987f57fd44226e76feda0ee72f6710d8de6a3d,new.nodes.flowable.structure,deterministic,True,pass,"Every new manual task must be a documented userTask with typed form properties; new exclusive gateways must have unconditioned default flows, and gateway logic must use ${...} variable expressions rather than constants.","input/task_prompt.md lines 37-45, 47-53; input/starter_project/disruption_scenario_L3.md lines 204-213","keep all new task nodes as `userTask`... define default flows on new exclusive gateways, include `<documentation>` for each new user task... Default flows on exclusive gateways must **not** have condition expressions",supported,"input/task_prompt.md lines 37-45 require new task nodes to be `userTask`, variable-based `${...}` expressions, defaults on new exclusive gateways, and documentation; lines 47-53 state that default flows must not have conditions. disruption_scenario_L3.md lines 204-213 prohibit hardcoded gateway outcomes.","ElementTree inspection found 15 userTask IDs absent from the original; every new manual node is a userTask, has nonempty documentation, and every flowable:formProperty has a type. All 14 exclusive gateways have a declared default flow, and each declared default sequenceFlow has no conditionExpression. All inspected non-default conditional flows use `${...}` and reference variables; none uses a hardcoded true/false expression (the boolean comparison `${out_waiver_granted == true}` still references a process variable).",15 new documented userTasks with typed properties; 14 exclusive gateways with unconditioned defaults and variable-based conditional branches.,All new manual nodes and gateways satisfy the documented Flowable-compatible structural requirements.,
verifier_v6_canary,business_finance__bpmn_supply_disruption_l3,verifier,0,fail,9d29791860ce5fd362694b37fc987f57fd44226e76feda0ee72f6710d8de6a3d,disruption.topology.and.termination,deterministic,True,pass,"The graph must route procurement availability and any sourcing resolution into mandatory quality inspection before capacity assessment; successful exception handling must rejoin the main workflow, while last-resort escalation must terminate at a separate end event.",input/task_prompt.md lines 37-45; input/starter_project/business_rules_L3.md lines 23-30,The quality inspection step must occur AFTER sourcing resolution and BEFORE capacity assessment... rejoin successful exception handling into the main flow... route last-resort escalation to a separate terminal end event,supported,"input/task_prompt.md lines 37-45 require quality handling, successful rejoin, and a separate terminal escalation. business_rules_L3.md lines 23-30 state: ""The quality inspection step must occur AFTER sourcing resolution and BEFORE capacity assessment"" and define Grade A/B/C handling.","Sequence-flow graph shows task_skuSequencing -> task_procurementAvailability. The no-risk route gw_supplyRisk -> task_qualityInspection and resolved-sourcing route task_alternativeSourcing -> gw_sourcingOutcome -> task_qualityInspection both precede task_capacityConfirmation. Grade A routes through gw_postQuality/gw_costTier to capacity; accepted Grade B routes through task_qualityWaiverJoint and task_documentRestrictions before the same capacity route; expedited acceptance reaches gw_postQuality. Approved adjustment follows task_revalidationMarker -> task_capacityConfirmation. task_executiveEscalation has only flow_escalate_end -> endEvent_escalated, which is distinct from endEvent, and no outgoing path returns to adjustment or normal release.","Universal quality-gated routes, adjustment-to-capacity rejoin, normal endEvent, and separately terminal endEvent_escalated are present.","Required quality-gated closed-loop paths exist, successful paths rejoin capacity/main release, and escalation is separately terminal.",
verifier_v6_canary,business_finance__bpmn_supply_disruption_l3,verifier,0,fail,9d29791860ce5fd362694b37fc987f57fd44226e76feda0ee72f6710d8de6a3d,topological.data.flow,deterministic,True,fail,"Every new task input form property named in_* must have a matching out_* producer on a topological predecessor, including QA and procurement dependencies consumed by mix adjustment and material restrictions consumed by final procurement execution.","input/task_prompt.md lines 38-39, 88, 93-95; input/starter_project/disruption_scenario_L3.md lines 183-192",a task's `in_*` variable must have a producer (`out_*`) on a task that is a graph predecessor via sequence flows... The product mix adjustment task must consume input data from at least two distinct organizational lanes,supported,"input/task_prompt.md lines 38-39 and 93-95 require every `in_*` property to have a predecessor `out_*` producer. disruption_scenario_L3.md lines 183-192 additionally require QA grade/restrictions and procurement sourcing/cost dependencies for mix adjustment, plus restrictions at procurement execution.","Reverse-BFS over sequenceFlow edges found no predecessor producer for task_executiveWaiver.in_supplier_risk_level or task_expeditedQualityDecision.in_supplier_risk_level: both are reached from boundary_quality48h, which has no incoming sequenceFlow, so task_procurementAvailability/task_alternativeSourcing are not topological predecessors under the stated BFS rule. task_productMixAdjustment declares only in_material_restrictions and in_supply_resolution; it has no in_material_grade and no procurement cost-variance input, despite the explicit cross-lane requirement. The preserved task_procurementExecution does declare in_material_restrictions and has upstream producers.","Two new inputs lack sequence-flow predecessor producers; mix adjustment lacks explicit material-grade and cost-variance inputs, though restriction propagation to procurement execution is present.","Every new in_* property has a same-suffix out_* producer on a directed predecessor path, and mix adjustment consumes QA grade/restrictions plus procurement sourcing/cost outcomes.",Route timer escalation through a sequence-flow structure that preserves predecessor reachability or produce out_supplier_risk_level on a timer-path predecessor. Add typed in_material_grade and in_cost_variance_pct properties to task_productMixAdjustment with matching upstream producers on directed predecessor paths.
verifier_v6_canary,business_finance__bpmn_supply_disruption_l3,verifier,0,fail,9d29791860ce5fd362694b37fc987f57fd44226e76feda0ee72f6710d8de6a3d,advanced.controls,deterministic,True,fail,"The BPMN must implement an interrupting 48-hour quality timer with prompt expedited handling, independent paired parallel director reviews, bounded mix revision, state-dependent capacity re-validation, numeric 15%/25% cost tiers, and rationale outputs for all override paths.","input/starter_project/business_rules_L3.md lines 18-19, 29-41; input/starter_project/disruption_scenario_L3.md lines 165-181, 194-202","variance exceeding 15% triggers Finance Controller review, variance exceeding 25% triggers Executive escalation... A loop counter variable must be maintained, incremented on each iteration... Every manual override decision point... must produce a rationale output variable",supported,"business_rules_L3.md lines 29-41 require the interrupting 48-hour timer, 15%/25% numeric tiers, and rationale outputs. disruption_scenario_L3.md lines 165-181 require a maintained and incremented process-visible loop counter and paired parallel reviews; lines 194-202 require override rationales.","The BPMN has interrupting boundary_quality48h with PT48H, numeric `${out_cost_variance_pct > 15 ...}` and `${out_cost_variance_pct > 25}` conditions, paired gw_directorSplit/gw_directorJoin branches, and rationale outputs. However, out_mix_attempt_count is merely a writable form property on task_productMixAdjustment with default=`1`; no element increments it on each revision, so the `< 3` condition does not establish a maintained bounded counter or prevent a fourth attempt. On the high-risk timer branch, boundary_quality48h -> gw_expeditedRisk -> task_executiveWaiver -> gw_executiveWaiverDecision -> task_expeditedQualityDecision introduces an intervening userTask and exceeds the required two-step/no-intermediate-userTask timing. Also gw_capacityOutcome retains an extra unconditional non-default flow_capacity_to_confirm to task_monthlyPlanConfirmation alongside the conditional revalidation-failure escalation, allowing a structural bypass of state-dependent capacity handling.","Timer, thresholds, parallel reviews, and rationales exist, but the revision counter is not incremented, the high-risk expedited route is not prompt as specified, and capacity outcome has an unconditional bypass.","All advanced controls, including an actually maintained bounded retry counter, prompt expedited handling, and exclusive state-dependent capacity routing, are executable in the graph.","Implement a process-visible counter that is initialized once and incremented on every failed revision, with escalation at the third failure; remove the unconditional flow_capacity_to_confirm bypass from gw_capacityOutcome; redesign the high-risk timeout governance so the expedited decision timing rule is met without an intervening userTask."
verifier_v6_canary,business_finance__bpmn_supply_disruption_l3,verifier,0,fail,9d29791860ce5fd362694b37fc987f57fd44226e76feda0ee72f6710d8de6a3d,sampled.role.authority,public_evidence,True,fail,"New tasks must couple responsibilities to the authoritative organizational roles, including Supply Chain Director ownership of mix proposals and QA Lead participation in quality inspection/waiver decisions.",input/starter_project/org_hierarchy.json /roles/7 and /roles/4,"""Product mix adjustment proposals (2-3 executable alternatives)""; ""Incoming material inspection standards""",supported,"input/starter_project/org_hierarchy.json /roles/7 assigns ""Product mix adjustment proposals (2-3 executable alternatives)"" to supplyChainDirector. /roles/4 assigns ""Incoming material inspection standards"" to qualityAssuranceLead. The same file's group policy specifies `{department}[_mgmt]` for directors and base department groups for operational roles.","task_productMixAdjustment has assignee `${supplyChainDirector}`, and task_qualityInspection/task_qualityWaiverJoint have assignee `${qualityAssuranceLead}`; the waiver also lists candidateGroups=`quality,supplychain`, retaining QA and supply-chain participation. However, no new task appears in any lane: the laneSet flowNodeRef lists contain only original nodes. The director tasks use candidateGroups=`supplychain-management`, whereas the public RBAC convention specifies the `_mgmt` suffix (for example supplychain_mgmt), so assignment metadata and lane placement do not fully match the authoritative organization model.","Correct assignee expressions and QA waiver participation, but missing lane placement for all new semantic tasks and a nonconforming director candidate-group name.","Sampled responsibilities are assigned to authoritative roles with matching assignment/group metadata and lane placement, while Grade B governance retains QA participation.",Add the new mix tasks to a Supply Chain Director management lane and inspection/waiver tasks to a QA lane; use the public RBAC director-group convention such as supplychain_mgmt while retaining the correct assignee expressions and joint QA/supply-chain governance.
verifier_v6_canary,business_finance__bpmn_supply_disruption_l3,verifier,0,fail,9d29791860ce5fd362694b37fc987f57fd44226e76feda0ee72f6710d8de6a3d,results.and.compliance.consistency,deterministic,True,fail,"test_results.json must contain all 67 provided scenarios with boolean pass fields, and every compliance artifact reference or claim must agree with the actual BPMN.","input/task_prompt.md lines 67-76, 99-164; input/starter_project/test_scenarios_L3.json /scenarios","Each scenario entry **must** include a boolean `""pass""` field. Use the top-level key `""scenarios""` for the array... Each rule's `enforced_by` elements must reference actual BPMN node IDs.",supported,"input/task_prompt.md lines 99-118 require scenario_id, description, boolean pass, actual_path, boolean ended, and steps_executed under `scenarios`; lines 142 and 164 require artifact references to actual BPMN IDs and variables. test_scenarios_L3.json contains 67 public scenarios with IDs S01-S67.","test_results.json has total_scenarios=67, exactly S01-S67, matching public descriptions, boolean pass/ended fields, integer steps_executed, and each steps_executed equals actual_path length. Cross-validation nevertheless found actual_path entries `static_validation` in S19, S20, and S37, but no BPMN element has that ID. Numerous entries claim ended=true while their path stops at a non-end gateway, including S05-S08 ending at gw_qualityGrade and S11 ending at gw_directorDecision. structural_changes.json also claims key output variables without the actual XML IDs—for example modification_1 says `supply_status` while the task declares `out_supply_status`, modification_14 says `mix_total_percentage` while XML declares `out_mix_total_percentage`, and analogous omissions occur throughout. Thus path and compliance assertions do not agree with the delivered BPMN.","67 correctly keyed/schema-shaped scenario records, but three dangling path IDs, many ended paths that do not reach an end event, and structural variable claims inconsistent with actual form-property IDs.",All 67 records follow the exact schema and every path/reference/variable/claim resolves to and agrees with the BPMN.,"Replace `static_validation` with actual BPMN IDs or an empty path only if the public schema permits it; set ended consistently and record complete graph-valid paths to endEvent/endEvent_escalated. Update structural_changes.json key_output_variable values to the exact declared BPMN property IDs, including their `out_` prefixes, and revalidate every claim."
verifier_v6_canary,business_finance__bpmn_supply_disruption_l3,verifier,1,fail,eebc67dcdaedf63b7957753dd13a2d295bc06629b77e594027e6ad2bfae456dc,bundle.schema.and.key,deterministic,True,pass,The four required output files must exist and parse; the BPMN process key must be monthlyProductionScheduling_modified_L3; the two compliance JSON files and test results must use their required top-level structures and key sets.,"input/task_prompt.md lines 71-76, 97-175",Produce: 1. `structural_changes.json` with top-level `modifications` map and keys `modification_1`..`modification_18` 2. `business_rules_compliance.json` with top-level `rules` map and keys `rule_1`..`rule_22` (including `rule_8a`),supported,"input/task_prompt.md lines 72-76: ""Produce: 1. `structural_changes.json` with top-level `modifications` map and keys `modification_1`..`modification_18` 2. `business_rules_compliance.json` with top-level `rules` map and keys `rule_1`..`rule_22` (including `rule_8a`)""; lines 99-118 specify the test-results structure and key; lines 168-173 list the four required files.","Snapshot contains modified_process.bpmn20.xml, structural_changes.json, business_rules_compliance.json, and test_results.json. lxml and Python json parsing succeeded. XML has executable process id=""monthlyProductionScheduling_modified_L3"". structural_changes.json has top-level description/modifications and exactly 18 keys modification_1..modification_18. business_rules_compliance.json has description/rules and exactly 23 prescribed keys rule_1..rule_22 plus rule_8a. test_results.json process_definition_key is monthlyProductionScheduling_modified_L3.","4 required files parse; process id monthlyProductionScheduling_modified_L3, isExecutable=true; 18 modification keys; 23 rule keys; matching test-results key.","All required files parse and all prescribed top-level structures, key sets, and process key are present.",
verifier_v6_canary,business_finance__bpmn_supply_disruption_l3,verifier,1,fail,eebc67dcdaedf63b7957753dd13a2d295bc06629b77e594027e6ad2bfae456dc,original.anchors.preserved,deterministic,True,fail,All original BPMN elements and their IDs must be preserved in the modified BPMN.,input/task_prompt.md lines 32-36; input/starter_project/original_process.bpmn20.xml,"Your modified process must: - preserve all original elements and IDs, - use process definition key **`monthlyProductionScheduling_modified_L3`**",supported,"input/task_prompt.md lines 34-36: ""Your modified process must: - preserve all original elements and IDs, - use process definition key **`monthlyProductionScheduling_modified_L3`**""; original anchor IDs are directly enumerable from input/starter_project/original_process.bpmn20.xml.","An lxml comparison of elements carrying id in original_process.bpmn20.xml and modified_process.bpmn20.xml found the original sequenceFlow id flow_capacity_to_confirm absent. The modified XML instead uses new flows flow_capacity_gate/flow_capacity_ok around the capacity routing. Although changed routing is permitted, the fixed check requires the anchored sequence-flow element ID to remain. Original BPMN-DI IDs are also absent, including BPMNDiagram_original, BPMNPlane_original, shape_startEvent, shape_task_capacityConfirmation, and edge_flow1..edge_flow11.",Original anchored sequenceFlow flow_capacity_to_confirm is missing; 48 original BPMN-DI IDs are also missing after excluding the permitted changed process id.,"Every original anchored element ID remains represented by the same BPMN element type, with only its routing adjusted where needed.","Retain flow_capacity_to_confirm as a sequenceFlow ID on the appropriate rerouted capacity-to-next-stage connection, and preserve the original BPMN-DI diagram/shape/edge IDs while updating their references or coordinates as needed."
verifier_v6_canary,business_finance__bpmn_supply_disruption_l3,verifier,1,fail,eebc67dcdaedf63b7957753dd13a2d295bc06629b77e594027e6ad2bfae456dc,new.nodes.flowable.structure,deterministic,True,pass,"Every new manual task must be a documented userTask with typed form properties; new exclusive gateways must have unconditioned default flows, and gateway logic must use ${...} variable expressions rather than constants.","input/task_prompt.md lines 37-45, 47-53; input/starter_project/disruption_scenario_L3.md lines 204-213","keep all new task nodes as `userTask`... define default flows on new exclusive gateways, include `<documentation>` for each new user task... Default flows on exclusive gateways must **not** have condition expressions",supported,"input/task_prompt.md lines 38-44: ""keep all new task nodes as `userTask`"", ""define default flows on new exclusive gateways"", and ""include `<documentation>` for each new user task""; lines 49-52: ""Default flows on exclusive gateways must **not** have condition expressions""; disruption_scenario_L3.md lines 206-213 requires variable-dependent routing rather than hardcoded true/false.","Comparison against original IDs identifies 17 new task nodes, all represented as userTask. Each has nonempty documentation, and every listed flowable:formProperty has a nonempty type. All 13 new exclusiveGateway elements declare an existing default flow, and inspection of all defaults found no conditionExpression. Non-default decision flows use ${...} expressions referencing variables, e.g. flow_risk_yes=${out_supply_status == 'at_risk'}, flow_cost_exec=${out_cost_variance_pct > 25}, and flow_mix_retry=${out_validation_result == 'fails' && out_mix_attempt_count < 3}; no hardcoded true/false condition was found.",17/17 new tasks are documented userTasks with typed properties; 13/13 exclusive gateways have unconditioned defaults; conditional branches use variable expressions.,All new manual nodes and gateways satisfy the documented Flowable-compatible structural requirements.,
verifier_v6_canary,business_finance__bpmn_supply_disruption_l3,verifier,1,fail,eebc67dcdaedf63b7957753dd13a2d295bc06629b77e594027e6ad2bfae456dc,disruption.topology.and.termination,deterministic,True,pass,"The graph must route procurement availability and any sourcing resolution into mandatory quality inspection before capacity assessment; successful exception handling must rejoin the main workflow, while last-resort escalation must terminate at a separate end event.",input/task_prompt.md lines 37-45; input/starter_project/business_rules_L3.md lines 23-30,The quality inspection step must occur AFTER sourcing resolution and BEFORE capacity assessment... rejoin successful exception handling into the main flow... route last-resort escalation to a separate terminal end event,supported,"input/task_prompt.md lines 37-41 requires disruption routing, successful rejoin, and separate terminal escalation. business_rules_L3.md line 25 states: ""The quality inspection step must occur AFTER sourcing resolution and BEFORE capacity assessment.""","Directed sequence-flow traversal shows task_skuSequencing -> task_procurementAvailability -> gw_supplyRisk. The no-risk route is gw_supplyRisk -> task_qualityInspection; the at-risk route passes task_alternativeSourcing and gw_sourcingOutcome before task_qualityInspection. Quality-success routes proceed through gw_postQuality/gw_costTier to preserved task_capacityConfirmation. Grade A and accepted Grade B routes can reach task_capacityConfirmation, task_monthlyPlanConfirmation, the preserved execution parallelism, and endEvent. Approved mix adjustment follows task_revalidationMarker -> task_capacityConfirmation. task_executiveEscalation has only flow_escalate_end -> endEvent_escalated; that end is distinct from endEvent and has no outgoing route to adjustment or normal release.",Universal sourcing-to-quality-to-capacity ordering exists; successful paths rejoin the preserved main flow; escalation terminates only at endEvent_escalated.,"Required quality-gated closed-loop paths exist, successful paths rejoin capacity/main release, and escalation is separately terminal.",
verifier_v6_canary,business_finance__bpmn_supply_disruption_l3,verifier,1,fail,eebc67dcdaedf63b7957753dd13a2d295bc06629b77e594027e6ad2bfae456dc,topological.data.flow,deterministic,True,pass,"Every new task input form property named in_* must have a matching out_* producer on a topological predecessor, including QA and procurement dependencies consumed by mix adjustment and material restrictions consumed by final procurement execution.","input/task_prompt.md lines 38-39, 88, 93-95; input/starter_project/disruption_scenario_L3.md lines 183-192",a task's `in_*` variable must have a producer (`out_*`) on a task that is a graph predecessor via sequence flows... The product mix adjustment task must consume input data from at least two distinct organizational lanes,supported,"input/task_prompt.md lines 93-95: ""a task's `in_*` variable must have a producer (`out_*`) on a task that is a graph predecessor via sequence flows""; disruption_scenario_L3.md lines 185-192 requires QA and Procurement inputs to mix adjustment and restriction propagation to procurement execution.","A reverse-reachability audit over all sequence flows reported no unproduced in_* property for any new userTask. task_productMixAdjustment consumes in_material_grade and in_material_restrictions with predecessor QA producers task_qualityInspection/task_qualityWaiverJoint/task_documentRestrictions, and consumes in_supply_resolution and in_cost_variance_pct with predecessor Procurement producers task_procurementAvailability/task_alternativeSourcing. Preserved task_procurementExecution declares in_material_restrictions; predecessor producers include task_procurementAvailability and the accepted Grade B restriction chain, which reconnects through capacity and plan confirmation before procurement execution.",0 unmatched in_* properties among new tasks; mix adjustment has predecessor-produced QA and Procurement inputs; procurement execution consumes predecessor-produced restrictions.,"Every new in_* property has a same-suffix out_* producer on a directed predecessor path, with the required cross-lane and restriction-propagation chains.",
verifier_v6_canary,business_finance__bpmn_supply_disruption_l3,verifier,1,fail,eebc67dcdaedf63b7957753dd13a2d295bc06629b77e594027e6ad2bfae456dc,advanced.controls,deterministic,True,pass,"The BPMN must implement an interrupting 48-hour quality timer with prompt expedited handling, independent paired parallel director reviews, bounded mix revision, state-dependent capacity re-validation, numeric 15%/25% cost tiers, and rationale outputs for all override paths.","input/starter_project/business_rules_L3.md lines 18-19, 29-41; input/starter_project/disruption_scenario_L3.md lines 165-181, 194-202","variance exceeding 15% triggers Finance Controller review, variance exceeding 25% triggers Executive escalation... A loop counter variable must be maintained, incremented on each iteration... Every manual override decision point... must produce a rationale output variable",supported,"business_rules_L3.md lines 29-40 requires the interrupting 48-hour timer, conditional financial review, expedited-risk conflict, and numeric 15%/25% tiers. disruption_scenario_L3.md lines 167-181 requires a visible bounded loop counter and paired parallel reviews; lines 196-202 requires rationale outputs for waiver, expedited decision, and escalation.","boundary_quality48h is attached to task_qualityInspection with cancelActivity=true and timeDuration PT48H; its outgoing flow directly targets task_expeditedQualityDecision with no intervening userTask. gw_directorSplit opens branches to task_scDirectorReview and task_salesDirectorReview, which produce out_feasibility_verdict and out_market_response and reconverge at gw_directorJoin before gw_directorDecision tests both outputs. task_mixCounterInitialize produces out_mix_attempt_count default 1; task_mixRetryCounter consumes and reproduces it with default ${out_mix_attempt_count + 1}; gw_mixValidation retries only for out_mix_attempt_count < 3 and otherwise defaults to escalation. Re-validation is marked by task_revalidationMarker and gw_capacityOutcome routes needs_revision with active revalidation directly to task_executiveEscalation. gw_costTier uses numeric >25 and >15 && <=25 expressions. Rationale outputs exist on task_qualityWaiverJoint, task_expeditedQualityDecision, task_executiveWaiver, task_executiveCostEscalation, and task_executiveEscalation.",PT48H interrupting timer; immediate expedited task; paired parallel reviews; visible incrementing counter bounded at 3; re-validation failure escalation; numeric 15/25 tiers; required rationale outputs present.,"All listed controls are represented by executable graph structure, variable-based conditions, and declared outputs with the required timing, thresholds, and bounded behavior.",
verifier_v6_canary,business_finance__bpmn_supply_disruption_l3,verifier,1,fail,eebc67dcdaedf63b7957753dd13a2d295bc06629b77e594027e6ad2bfae456dc,sampled.role.authority,public_evidence,True,pass,"New tasks must couple responsibilities to the authoritative organizational roles, including Supply Chain Director ownership of mix proposals and QA Lead participation in quality inspection/waiver decisions.",input/starter_project/org_hierarchy.json /roles/7 and /roles/4,"""Product mix adjustment proposals (2-3 executable alternatives)""; ""Incoming material inspection standards""",supported,"input/starter_project/org_hierarchy.json /roles/7 decision_authority contains ""Product mix adjustment proposals (2-3 executable alternatives)""; /roles/4 contains ""Incoming material inspection standards"" and identifies Quality Assurance Lead as responsible for incoming quality decisions.","task_productMixAdjustment is named ""Propose 2-3 Constrained Product Mix Alternatives"", has flowable:assignee=""${supplyChainDirector}"", candidateGroups=""supplychain_mgmt"", and is placed in lane_supplychain_director. task_qualityInspection has assignee ${qualityAssuranceLead}, candidateGroups quality, and is in lane_quality. task_qualityWaiverJoint retains QA ownership via assignee ${qualityAssuranceLead}, candidateGroups quality,supplychain, and placement in lane_quality.",Supply Chain Director owns the mix proposal; Quality Assurance Lead owns inspection and remains an explicit participant in Grade B waiver governance.,"The sampled responsibilities are assigned to the authoritative roles, with Grade B waiver structure retaining QA participation.",
verifier_v6_canary,business_finance__bpmn_supply_disruption_l3,verifier,1,fail,eebc67dcdaedf63b7957753dd13a2d295bc06629b77e594027e6ad2bfae456dc,results.and.compliance.consistency,deterministic,True,fail,"test_results.json must contain all 67 provided scenarios with boolean pass fields, and every compliance artifact reference or claim must agree with the actual BPMN.","input/task_prompt.md lines 67-76, 99-164; input/starter_project/test_scenarios_L3.json /scenarios","Each scenario entry **must** include a boolean `""pass""` field. Use the top-level key `""scenarios""` for the array... Each rule's `enforced_by` elements must reference actual BPMN node IDs.",supported,"input/task_prompt.md lines 118 and 164: ""Each scenario entry **must** include a boolean `\""pass\""` field"" and ""Each rule's `enforced_by` elements must reference actual BPMN node IDs."" The public input/starter_project/test_scenarios_L3.json /scenarios contains exactly S01-S67.","Schema-level inspection found 67 entries S01-S67, valid node IDs, boolean pass/ended fields, integer steps_executed equal to path length, and no invalid graph adjacency. However all 67 entries use the identical 14-node escalation path. For S01, public task outputs specify supply_status=available, material_grade=A, and assessment_result=feasible, with expected normal release. Delivered actual_path instead contains task_capacityConfirmation -> gw_capacityOutcome -> task_executiveEscalation -> endEvent_escalated. In the BPMN, feasible must take flow_capacity_ok to task_monthlyPlanConfirmation, while the direct escalation flow requires out_assessment_result == 'needs_revision' and out_revalidation_flag == 'active'. Thus S01's pass=true and actual_path contradict both its public inputs and the BPMN conditions. Cross-artifact audit also found structural_changes.json claims assigned_to values on non-assignable gateways/events that have no flowable:assignee, including modification_2/gw_supplyRisk, modification_5/boundary_quality48h, modification_6/gw_qualityGrade, modification_10/gw_costTier, modification_13/gw_adjustmentMerge, and modification_16/gw_directorSplit.","67 scenario records exist, but there is only 1 unique path; S01-S67 are all marked pass despite condition-incompatible outcomes. Six structural-change assignment claims do not match the XML attributes.","Each public scenario has a condition-consistent result path and truthful pass value, and every structural/compliance claim agrees with the delivered BPMN.","Regenerate each scenario result from its supplied task outputs and BPMN conditions—for example, route S01 through flow_capacity_ok, monthly plan confirmation, parallel execution, and endEvent—and set pass truthfully. Remove assigned_to claims from gateways/events or replace them with accurate lane/ownership metadata that matches the XML."
verifier_v6_canary,business_finance__legal_ma_consistency_audit_01,prep_verifier,0,unverifiable,edb535d31d8d3a5895b72f4c23f6deecec7de2f5001397f6ae8facd2cb855536,deliverable.single.markdown,deterministic,True,pass,Deliver exactly one Markdown file at output/audit_report.md.,"input/task_brief.md, lines 5-9","Deliver exactly one file:

- `output/audit_report.md`",supported,"input/task_brief.md lines 5-7 state exactly: ""Deliver exactly one file:\n\n- `output/audit_report.md`"".",`find /tmp/ale-verifier-7bc07a42b2ca/snapshot-0 -mindepth 1 -maxdepth 1` returned only `audit_report.md`. `stat` reported `regular file|7024|444|/tmp/ale-verifier-7bc07a42b2ca/snapshot-0/audit_report.md`; the file was readable by `nl`. The rejected-symlink receipt was empty.,"The snapshot contains exactly one delivered artifact, a readable regular file named audit_report.md.",Exactly output/audit_report.md exists and no other output artifact is present.,
verifier_v6_canary,business_finance__legal_ma_consistency_audit_01,prep_verifier,0,unverifiable,edb535d31d8d3a5895b72f4c23f6deecec7de2f5001397f6ae8facd2cb855536,report.english,deterministic,True,pass,"The audit report must be written in English, while preserving Chinese source quotations as evidence.","input/task_brief.md, lines 11-17","1. Write in English.
2. Identify every material inconsistency you can support from the documents.
3. For each finding, include:
   - a short English title;
   - a brief explanation of the conflict;
   - the original Chinese text that proves the issue;",supported,"input/task_brief.md lines 11-16 state: ""1. Write in English.\n2. Identify every material inconsistency you can support from the documents.\n3. For each finding, include:\n   - a short English title;\n   - a brief explanation of the conflict;\n   - the original Chinese text that proves the issue;""","Inspection of audit_report.md lines 1-59 found an English report title, English scope prose, six English finding headings, and English explanations and labels. Chinese is confined to inline source terminology and the evidence quotations at lines 12-15, 22-23, 30-31, 38-40, 47-49, and 56-59.",All narrative prose and finding titles are English; Chinese is used as documentary evidence or quoted source terminology.,All report narrative and finding titles are English; Chinese appears only where appropriate for source evidence or source names.,
verifier_v6_canary,business_finance__legal_ma_consistency_audit_01,prep_verifier,0,unverifiable,edb535d31d8d3a5895b72f4c23f6deecec7de2f5001397f6ae8facd2cb855536,finding.required.components,deterministic,True,pass,"Every reported finding must contain a short English title, a brief explanation of the conflict, original Chinese evidence, and a document-name/page-number location marker.","input/task_brief.md, lines 13-19","For each finding, include:
   - a short English title;
   - a brief explanation of the conflict;
   - the original Chinese text that proves the issue;
   - a location marker with document name and page number.",supported,"input/task_brief.md lines 13-17 state exactly: ""3. For each finding, include:\n   - a short English title;\n   - a brief explanation of the conflict;\n   - the original Chinese text that proves the issue;\n   - a location marker with document name and page number.""","A section parse found six findings. Each has a nonempty English `## Finding N:` heading, a nonempty `Why it is inconsistent` paragraph, and Chinese evidence with manifest-recognizable document labels and integer pages. Evidence-item counts by finding were 4, 2, 2, 3, 3, and 4 respectively. The labels resolve through input/document_manifest.json as Document 1 (Announcement), Document 2 (Buyer 1 Report), Document 3 (Buyer 2 Report), and Document 4 (Seller Report).","All six findings contain all four required structural components, and every evidence item has an associated document label and integer page number.",Every finding contains all four required components and each evidence passage can be associated unambiguously with its document and page.,
verifier_v6_canary,business_finance__legal_ma_consistency_audit_01,prep_verifier,0,unverifiable,edb535d31d8d3a5895b72f4c23f6deecec7de2f5001397f6ae8facd2cb855536,evidence.verbatim.location,deterministic,True,unverifiable,Chinese evidence and its document/page marker must correspond to the staged documents.,"input/task_brief.md, lines 16-19 and 24-26","the original Chinese text that proves the issue;
   - a location marker with document name and page number.

- `input/source_documents/` contains the original PDFs.
- `input/extracted_text/` contains page-labeled UTF-8 text extracted from the PDFs",missing,"The cited locator does not support the full source_quote as registered. input/task_brief.md lines 16-17 contain ""the original Chinese text that proves the issue;"" and ""a location marker with document name and page number."" However, the statements about the original PDFs and page-labeled extracted text occur at lines 22-23, not at the registered locator ""lines 24-26""; lines 24-25 instead discuss the manifest and Python launcher, and line 26 is blank.","The mandatory pre-check found a source-locator mismatch, so this criterion cannot be used to pass or fail the artifact. A non-dispositive whitespace-normalized comparison was executable and found 17 of 18 quotations as exact substrings of their cited extracted-text pages. The remaining quotation, audit_report.md line 12, contains an inserted ellipsis (`……`) and was not an exact whitespace-only-normalized substring of Announcement page 2, but the source mismatch prevents an artifact failure under the verification instructions.",Registered source locator is incorrect; ancillary comparison observed 17 exact page matches and 1 non-exact quotation.,Every quoted Chinese passage is present on exactly the cited staged document page after whitespace-only normalization.,
verifier_v6_canary,business_finance__legal_ma_consistency_audit_01,prep_verifier,0,unverifiable,edb535d31d8d3a5895b72f4c23f6deecec7de2f5001397f6ae8facd2cb855536,finding.sampled.support,public_evidence,True,unverifiable,Reported issues must be genuine factual conflicts supported by the filings rather than invented issues.,"input/task_brief.md, lines 12 and 20","Identify every material inconsistency you can support from the documents.
4. Do not invent issues that the documents do not support.",missing,"The first sentence of the registered quote appears at input/task_brief.md line 12: ""Identify every material inconsistency you can support from the documents."" The second appears at line 18 as ""4. Do not invent issues that the documents do not support."" It does not appear at the registered line 20, which instead reads ""Available staged materials:"".","The mandatory source check failed because the second quoted requirement is not at the registered locator, so sampled substantive support cannot be passed or failed. Citation parsing additionally showed that none of the report's 18 evidence citations relies on the fixed sampled pages: seller_report pages 12, 33, or 15; buyer2_report page 12; or announcement page 1.","Registered source locator is incorrect, and no report evidence citation touches any of the five sampled pages.",Every finding touching a sampled page accurately represents that page and identifies a genuinely incompatible disclosure rather than an unsupported inference.,
verifier_v6_canary,business_finance__legal_ma_consistency_audit_01,prep_verifier,0,unverifiable,edb535d31d8d3a5895b72f4c23f6deecec7de2f5001397f6ae8facd2cb855536,material.inconsistency.completeness,unverifiable,False,unverifiable,The report should identify every material inconsistency supportable from the four filings.,"input/task_brief.md, line 12",Identify every material inconsistency you can support from the documents.,supported,"input/task_brief.md line 12 states exactly: ""2. Identify every material inconsistency you can support from the documents.""","audit_report.md contains six document-supported candidate findings, but exhaustive discovery of every material semantic inconsistency across four filings and the judgment of materiality cannot be established deterministically from the fixed criterion. No external ground-truth list is publicly supplied.",Six findings are reported; whether they exhaust all material supportable inconsistencies remains judgment-dependent and unavailable as fixed truth.,"No evident material, document-supported inconsistency is omitted.",
verifier_v6_canary,business_finance__legal_ma_consistency_audit_01,verifier,0,unverifiable,3659c7a74927333e65d65e20f7dfd791a9a826b74cdaad09a068b27ee99f94e2,deliverable.single.markdown,deterministic,True,pass,Deliver exactly one Markdown file at output/audit_report.md.,"input/task_brief.md, lines 5-9","Deliver exactly one file:

- `output/audit_report.md`",supported,"input/task_brief.md lines 5-7: ""Deliver exactly one file:\n\n- `output/audit_report.md`""","`find /tmp/ale-verifier-7bc07a42b2ca/snapshot-0 -printf '%y %P\n'` returned only the snapshot root directory and `f audit_report.md`. `stat` identified `/tmp/ale-verifier-7bc07a42b2ca/snapshot-0/audit_report.md` as a regular 7,954-byte readable file; the rejected-symlink receipt was empty.",Exactly one delivered regular file named audit_report.md is present in the artifact snapshot.,Exactly output/audit_report.md exists and no other output artifact is present.,
verifier_v6_canary,business_finance__legal_ma_consistency_audit_01,verifier,0,unverifiable,3659c7a74927333e65d65e20f7dfd791a9a826b74cdaad09a068b27ee99f94e2,report.english,deterministic,True,pass,"The audit report must be written in English, while preserving Chinese source quotations as evidence.","input/task_brief.md, lines 11-17","1. Write in English.
2. Identify every material inconsistency you can support from the documents.
3. For each finding, include:
   - a short English title;
   - a brief explanation of the conflict;
   - the original Chinese text that proves the issue;",supported,"input/task_brief.md lines 11-16: ""1. Write in English.\n2. Identify every material inconsistency you can support from the documents.\n3. For each finding, include:\n   - a short English title;\n   - a brief explanation of the conflict;\n   - the original Chinese text that proves the issue;""","Inspection of audit_report.md lines 1-63 shows an English report title, English scope and conclusion, six English finding headings, and English explanatory prose. Chinese text appears in the cited evidence passages and Chinese party/source names.","All narrative prose, labels, headings, and finding explanations are English; Chinese is confined to documentary quotations and names.",All report narrative and finding titles are English; Chinese appears only where appropriate for source evidence or source names.,
verifier_v6_canary,business_finance__legal_ma_consistency_audit_01,verifier,0,unverifiable,3659c7a74927333e65d65e20f7dfd791a9a826b74cdaad09a068b27ee99f94e2,finding.required.components,deterministic,True,pass,"Every reported finding must contain a short English title, a brief explanation of the conflict, original Chinese evidence, and a document-name/page-number location marker.","input/task_brief.md, lines 13-19","For each finding, include:
   - a short English title;
   - a brief explanation of the conflict;
   - the original Chinese text that proves the issue;
   - a location marker with document name and page number.",supported,"input/task_brief.md lines 13-17: ""3. For each finding, include:\n   - a short English title;\n   - a brief explanation of the conflict;\n   - the original Chinese text that proves the issue;\n   - a location marker with document name and page number.""","audit_report.md contains six finding sections beginning at lines 7, 17, 25, 33, 42, and 51. Each has an English `## Finding N` heading, a nonempty `Why it is inconsistent` paragraph, an `Evidence` list containing Chinese characters, and citations in the form `Announcement/Buyer 1 Report/Buyer 2 Report/Seller Report, Page <integer>`. These names resolve directly through input/document_manifest.json.","All 6 findings contain all four required components, with each quotation attached to a recognizable document name and integer page.",Every finding contains all four required components and each evidence passage can be associated unambiguously with its document and page.,
verifier_v6_canary,business_finance__legal_ma_consistency_audit_01,verifier,0,unverifiable,3659c7a74927333e65d65e20f7dfd791a9a826b74cdaad09a068b27ee99f94e2,evidence.verbatim.location,deterministic,True,unverifiable,Chinese evidence and its document/page marker must correspond to the staged documents.,"input/task_brief.md, lines 16-19 and 24-26","the original Chinese text that proves the issue;
   - a location marker with document name and page number.

- `input/source_documents/` contains the original PDFs.
- `input/extracted_text/` contains page-labeled UTF-8 text extracted from the PDFs",missing,"The registered source locator and quotation do not match input/task_brief.md. The cited first range, lines 16-19, contains the Chinese-text and location requirements at lines 16-17, but the cited second range, lines 24-26, contains the manifest and Python-helper descriptions. The PDF and extracted-text wording is actually at lines 22-23: ""- `input/source_documents/` contains the original PDFs."" and ""- `input/extracted_text/` contains page-labeled UTF-8 text extracted from the PDFs for easier search."" The registered quote omits ""for easier search"" and assigns these statements to lines 24-26.","Because the registered `source_quote` does not exist at the stated source ranges, the criterion cannot be applied as written. For diagnostic context only, a whitespace-normalized comparison found most quotations on their cited pages, but the quotations at audit_report.md line 12 (Announcement page 2) and line 23 (Buyer 1 Report page 12) insert `……`; those inserted ellipses are not present in the extracted pages and are not whitespace-only changes.","Registered source mismatch: the supporting material-directory statements occur at task_brief.md lines 22-23, not lines 24-26, and one quoted sentence is not exact.",A source_quote that exists exactly at the registered source and directly supports the whitespace-only exact-substring test.,
verifier_v6_canary,business_finance__legal_ma_consistency_audit_01,verifier,0,unverifiable,3659c7a74927333e65d65e20f7dfd791a9a826b74cdaad09a068b27ee99f94e2,finding.sampled.support,public_evidence,True,unverifiable,Reported issues must be genuine factual conflicts supported by the filings rather than invented issues.,"input/task_brief.md, lines 12 and 20","Identify every material inconsistency you can support from the documents.
4. Do not invent issues that the documents do not support.",missing,"The registered source is ""input/task_brief.md, lines 12 and 20"", but only the first quoted sentence occurs there: line 12 says ""2. Identify every material inconsistency you can support from the documents."" The second quoted sentence, ""4. Do not invent issues that the documents do not support."", occurs at line 18, whereas line 20 says ""Available staged materials:"".","The criterion is not applied because its complete registered `source_quote` does not exist at the stated locator. Sample trace observed independently: seller_report pages 12, 15, and 33; buyer2_report page 12; and announcement page 1 were inspected. Only Announcement page 1 is cited by the report (Finding 6, audit_report.md line 57), and it states that after the transfer the transferor holds 59,007,215 shares, 26.15%, and remains the controlling shareholder. This diagnostic observation cannot be promoted to a pass given the source mismatch.","One sampled page is used by the report and its quoted statement matches that page, but the registered public-source locator is incorrect.",The complete source_quote must exist at the registered source before sampled factual-support checking can yield pass or fail.,
verifier_v6_canary,business_finance__legal_ma_consistency_audit_01,verifier,0,unverifiable,3659c7a74927333e65d65e20f7dfd791a9a826b74cdaad09a068b27ee99f94e2,material.inconsistency.completeness,unverifiable,False,unverifiable,The report should identify every material inconsistency supportable from the four filings.,"input/task_brief.md, line 12",Identify every material inconsistency you can support from the documents.,supported,"input/task_brief.md line 12: ""2. Identify every material inconsistency you can support from the documents.""","audit_report.md lines 7-59 report six issues: consideration amount, funding source, ownership percentage, two executive-partner role disclosures, and controlling-shareholder involvement. Establishing that these are every material inconsistency across four filings requires exhaustive semantic and materiality judgments for which the fixed spec itself provides no determinate truth test.","Six material inconsistencies are reported, but exhaustive completeness cannot be established deterministically from the available public contract.","No evident material, document-supported inconsistency is omitted.",
verifier_v6_canary,business_finance__sec_10k_financial_parsing,prep_verifier,0,fail,26b652e9b1ee2c32a3d7d76a92831060bb11781ff43bbae02c197d4c812642ca,outputs.corpus.completeness,deterministic,True,pass,Provide exactly one extraction JSON and one raw extraction text file for every filing listed in the public filing corpus.,"public task prompt, Your job items 1-3; input/filings/manifest.json",Parse every filing in `input/filings/`. Save one normalized extraction JSON per filing to .../output/extractions. Save one raw extraction text file per filing to .../output/raw_extractions.,supported,"Public task prompt, Your job items 1-3: ""Parse every filing in `input/filings/`. Save one normalized extraction JSON per filing to .../output/extractions. Save one raw extraction text file per filing to .../output/raw_extractions."" The public manifest is input/filings/manifest.json.","A Python enumeration of the public manifest, input/filings/*.pdf, snapshot/extractions, and snapshot/raw_extractions printed: `COUNTS manifest,pdfs,extract_dir_entries,raw_dir_entries 100 100 100 100`; for PDFs, JSONs, and raw files it printed `missing [] extra []`. All 100 extraction JSONs parsed successfully (`extraction_parse_errors []`), and all 100 raw artifacts were regular and nonempty (`raw_nonregular_or_empty []`).","100 manifest records, 100 corpus PDFs, 100 uniquely matched parseable extraction JSONs, and 100 uniquely matched nonempty regular .txt files; no unmatched artifacts.","All 100 manifest filings have one parseable extraction JSON and one nonempty raw text extraction, with no unmatched filing artifacts in those directories.",
verifier_v6_canary,business_finance__sec_10k_financial_parsing,prep_verifier,0,fail,26b652e9b1ee2c32a3d7d76a92831060bb11781ff43bbae02c197d4c812642ca,extractions.schema.valid,deterministic,True,pass,"Every first-pass and validation-rerun extraction must conform exactly to the supplied JSON Schema, including required fields, allowed types, date formats, and prohibition of additional properties.","input/schema/extraction_schema.json, JSON pointers /required, /properties/financials/required, /additionalProperties, /properties/financials/additionalProperties","""required"": [""company_name"", ""ticker"", ""cik"", ""filing_date"", ""fiscal_year_end"", ""financials""] ... ""additionalProperties"": false",supported,"input/schema/extraction_schema.json lines 7, 33-43, 87, and 90 require the six top-level properties, all ten financial fields, and prohibit additional properties. Lines 21-29 declare the two date formats. The exact top-level wording at line 7 is `""required"": [""company_name"", ""ticker"", ""cik"", ""filing_date"", ""fiscal_year_end"", ""financials""]`, and lines 87 and 90 state `""additionalProperties"": false`.","All 100 snapshot/extractions/*.json and all 5 snapshot/run2_extractions/*.json were parsed and validated with jsonschema Draft202012Validator plus FormatChecker against input/schema/extraction_schema.json. The check printed `SCHEMA files,errors 105 0` followed by `[]`.",105 of 105 extraction documents passed Draft 2020-12 schema and date-format validation with zero errors.,"Every first-pass and rerun extraction passes schema validation without missing fields, invalid types or dates, or additional properties.",
verifier_v6_canary,business_finance__sec_10k_financial_parsing,prep_verifier,0,fail,26b652e9b1ee2c32a3d7d76a92831060bb11781ff43bbae02c197d4c812642ca,extractions.normalization.types,deterministic,True,pass,Non-null monetary values must be raw-USD JSON integers; non-null EPS values must be numeric and rounded to two decimal places.,"input/schema/normalization_rules.txt, rules 1 and 4; input/schema/extraction_schema.json, /properties/financials/properties","All monetary values must be in raw USD, not millions or billions. EPS values in USD, rounded to exactly 2 decimal places",supported,"input/schema/normalization_rules.txt line 3: ""All monetary values must be in raw USD, not millions or billions."" Line 7: ""EPS values in USD, rounded to exactly 2 decimal places"". extraction_schema.json lines 46-76 type monetary properties as integer or null, and lines 78-84 type EPS as number or null.","A traversal of all first-pass and rerun `financials` objects checked exact Python/JSON integer type for every populated monetary field and checked each populated EPS was numeric and equal to round(value, 2). It printed `NORM populated monetary,eps,errors 660 161 0` and `[]`.","All 660 populated monetary values were JSON integers, and all 161 populated EPS values were numeric with no precision beyond two decimal places.","Every populated monetary field is an integer in raw-USD units, and every populated EPS field has no precision beyond two decimal places.",
verifier_v6_canary,business_finance__sec_10k_financial_parsing,prep_verifier,0,fail,26b652e9b1ee2c32a3d7d76a92831060bb11781ff43bbae02c197d4c812642ca,extractions.public.evidence,public_evidence,True,pass,"Sampled financial values must match the corresponding most-recent-fiscal-year values reported in the public filing PDFs after applying the supplied scaling, sign, and null rules.",input/schema/normalization_rules.txt; sampled input/filings PDFs,"Parenthetical values are negative: ""(1,234)"" → -1234 ... If a field is genuinely not reported in the filing, use null (not 0) ... Use the most recent fiscal year's data if the filing contains comparative multi-year tables",supported,"input/schema/normalization_rules.txt lines 3-11 state: ""All monetary values must be in raw USD, not millions or billions""; ""Parenthetical values are negative""; ""If a field is genuinely not reported in the filing, use null (not 0)""; and ""Use the most recent fiscal year's data if the filing contains comparative multi-year tables."" These rules directly govern the five sampled filing fields.","Five filing traces were checked against the snapshot values. (1) MSFT_10K_2017.pdf, PDF page 53, Balance Sheets, lines 5-11: unit `(In millions)`, 2017 column, `Cash and cash equivalents $ 7,663`; normalized value 7,663,000,000 equals extractions/MSFT_10K_2017.json `financials.cash_and_equivalents` 7663000000. (2) PFE_10K_2015.pdf has 58 pages; page 51 lines 14-18 only lists the Consolidated Statements of Income and related statements as incorporated financial-report material, and a case-insensitive full-text search returned zero occurrences for `Basic earnings per`, `Earnings per common share`, and word `EPS`; the sampled JSON is null, consistent with the visible filing PDF not reporting EPS basic. (3) WMT_10K_2016.pdf has 44 pages; page 33 lines 24-26 says the Consolidated Balance Sheets and Shareholders' Equity information are incorporated by reference, while full-text searches returned zero occurrences for `Total Walmart shareholders`, `Total shareholders' equity`, and `Total stockholders`; the sampled JSON is null. (4) PFE_10K_2024.pdf, PDF page 107, Consolidated Balance Sheets lines 4-11 and 43: unit `MILLIONS`, 2024 column, `Total liabilities 124,899`; normalized value 124,899,000,000 equals the JSON value 124899000000. (5) UNH_10K_2024.pdf, PDF page 48, Results Summary lines 8-11 and 18-23: unit `in millions`, 2024 `Total operating costs 367,991`; normalized value 367,991,000,000 equals extractions/UNH_10K_2024.json `financials.cost_of_revenue` 367991000000.",Sample comparisons: MSFT 2017 cash 7663000000 = 7663000000; PFE 2015 basic EPS null with no value reported in the visible PDF; WMT 2016 equity null with no value reported in the visible PDF; PFE 2024 liabilities 124899000000 = 124899000000; UNH 2024 cost value 367991000000 = 367991000000.,"Each of the five sampled fields equals the filing-supported normalized value, or is null only when the field is genuinely absent from the visible filing PDF.",
verifier_v6_canary,business_finance__sec_10k_financial_parsing,prep_verifier,0,fail,26b652e9b1ee2c32a3d7d76a92831060bb11781ff43bbae02c197d4c812642ca,qa.answers.complete.formatted,deterministic,True,pass,"qa_answers.json must answer Q1, Q2, and Q3 using their declared fields, value types, list ordering, and requested rounding.","input/questions.json, records Q1-Q3 and answer_format","""answer_format"": {""ticker"": ""string"", ""pct_increase"": ""float (1 decimal)""} ... ""answer_format"": {""ranking"": [""string""]}",supported,"input/questions.json lines 3-15 define exactly Q1-Q3 and their answer formats. Lines 4-5 request Q1 rounded to one decimal with ticker and pct_increase; lines 9-10 request Q2 rounded to two decimals with ticker, integer fiscal_year, and operating_margin_pct; lines 14-15 request Q3 as an ordered ticker list.","snapshot/qa_answers.json parsed as a list containing IDs exactly `['Q1', 'Q2', 'Q3']`. An exact key/type/precision check printed `QA format errors []`. Q1 contains string ticker and float 161.9; Q2 contains string ticker, integer fiscal_year, and float 3.34; Q3 contains exactly ten ticker strings in an ordered list.","Exactly one answer each for Q1, Q2, and Q3, with the declared fields and JSON types; Q1 has one-decimal precision, Q2 has two-decimal precision, and Q3 has ten strings.","Exactly Q1, Q2, and Q3 are answered, and every answer conforms to its declared format and requested precision.",
verifier_v6_canary,business_finance__sec_10k_financial_parsing,prep_verifier,0,fail,26b652e9b1ee2c32a3d7d76a92831060bb11781ff43bbae02c197d4c812642ca,qa.answers.recomputed,deterministic,True,fail,The analytical answers must be the results of the formulas and selection/ranking operations stated in the public questions when applied to the completed normalized extractions.,"input/questions.json, question text for Q1-Q3",operating margin (operating_income / revenue) ... rank all 10 companies by stockholders_equity from highest to lowest,supported,input/questions.json line 4 asks for the largest percentage revenue increase from earliest available fiscal year to latest; line 9 defines operating margin as `operating_income / revenue` and asks for its minimum across company-years; line 14 asks for the fiscal-year-2023 stockholders-equity ranking from highest to lowest.,"Independent recomputation from all 100 parsed snapshot/extractions documents disagreed with Q1 and Q2. For Q1, PFE's earliest populated revenue is 2,017,000,000 in 2017 and latest is 63,627,000,000 in 2024, producing `100*(63627000000-2017000000)/2017000000 = 3054.5364402578084`, rounded to 3054.5; qa_answers.json instead reports MSFT, 161.9. For Q2, AAPL 2016 has operating_income 4,781,000,000 and revenue 215,639,000,000, producing `2.2171314094389234%`, rounded to 2.22; qa_answers.json instead reports WMT 2023, 3.34. Q3 recomputation produced `['JPM','BAC','MSFT','XOM','CVX','UNH','PFE','WMT','JNJ','AAPL']`, which matches the submitted Q3.","Submitted: Q1={ticker: MSFT, pct_increase: 161.9}; Q2={ticker: WMT, fiscal_year: 2023, operating_margin_pct: 3.34}; Q3 matches. Recomputed: Q1={ticker: PFE, pct_increase: 3054.5}; Q2={ticker: AAPL, fiscal_year: 2016, operating_margin_pct: 2.22}.","Q1={""ticker"":""PFE"",""pct_increase"":3054.5}; Q2={""ticker"":""AAPL"",""fiscal_year"":2016,""operating_margin_pct"":2.22}; Q3 ranking=[""JPM"",""BAC"",""MSFT"",""XOM"",""CVX"",""UNH"",""PFE"",""WMT"",""JNJ"",""AAPL""].",Update only the Q1 answer to PFE/3054.5 and the Q2 answer to AAPL/2016/2.22 so qa_answers.json reflects the supplied formulas applied to the completed extraction set; leave Q3 unchanged.
verifier_v6_canary,business_finance__sec_10k_financial_parsing,prep_verifier,0,fail,26b652e9b1ee2c32a3d7d76a92831060bb11781ff43bbae02c197d4c812642ca,validation.rerun.complete,deterministic,True,pass,Provide one second-pass extraction JSON for every PDF in the fixed public validation subset.,"public task prompt, Your job item 5; input/validation directory",Re-run the extraction workflow on the fixed validation subset in `input/validation/` and save those second-pass extraction JSONs to .../output/run2_extractions.,supported,"Public task prompt, Your job item 5: ""Re-run the extraction workflow on the fixed validation subset in `input/validation/` and save those second-pass extraction JSONs to .../output/run2_extractions.""","Enumeration found five public validation PDFs and five snapshot/run2_extractions JSONs. Identity mapping printed `VALID counts 5 5 missing [] extra []`. The matching stems are AAPL_10K_2024, JPM_10K_2024, MSFT_10K_2024, WMT_10K_2024, and XOM_10K_2024. All five rerun files parsed and were also included in the zero-error schema check.","Five uniquely matched, parseable rerun JSONs for five validation PDFs, with no missing or unmatched rerun artifacts.",The five visible validation PDFs each have exactly one corresponding second-pass extraction JSON and there are no unmatched rerun JSONs.,
verifier_v6_canary,business_finance__sec_10k_financial_parsing,prep_verifier,0,fail,26b652e9b1ee2c32a3d7d76a92831060bb11781ff43bbae02c197d4c812642ca,validation.rerun.deterministic,deterministic,True,pass,The second deterministic pass over each validation filing must reproduce its first-pass normalized extraction.,"public task prompt, Important requirements",The validation rerun should reflect a second deterministic pass over the same visible validation filings.,supported,"Public task prompt, Important requirements: ""The validation rerun should reflect a second deterministic pass over the same visible validation filings.""","For each of the five validation stems, the parsed JSON value in snapshot/run2_extractions was compared with the corresponding parsed value in snapshot/extractions. The check printed `RUN diffs []`. The file-level SHA-256 values also match within each pair: AAPL 66aa6274..., JPM ab422fb6..., MSFT 57787a95..., WMT cdffe097..., and XOM 266a07cb....",All five second-pass JSON values are structurally and value-wise identical to their first-pass counterparts.,Every validation filing's second-pass JSON is structurally and value-wise identical to its first-pass JSON.,
verifier_v6_canary,business_finance__sec_10k_financial_parsing,prep_verifier,1,unverifiable,26eb3a055bd41d9aff2dc4ed1717688225324ccaad183060c4a2bc2f2fcc611f,outputs.corpus.completeness,deterministic,True,pass,Provide exactly one extraction JSON and one raw extraction text file for every filing listed in the public filing corpus.,"public task prompt, Your job items 1-3; input/filings/manifest.json",Parse every filing in `input/filings/`. Save one normalized extraction JSON per filing to .../output/extractions. Save one raw extraction text file per filing to .../output/raw_extractions.,supported,"Public input/filings/manifest.json contains 100 filing records identified by local_path, covering AAPL, BAC, CVX, JNJ, JPM, MSFT, PFE, UNH, WMT, and XOM for fiscal years 2015–2024. The fixed-spec requirement is one extraction JSON and one nonempty raw extraction for every manifest filing.","Programmatic basename comparison reported: ""COUNTS manifest,pdfs,ex,raw,r2 100 100 100 100 5""; for both extraction JSONs and raw text files it reported ""missing [] extra [] duplicates []""; it also reported ""raw empty []"".","100 unique extraction JSONs and 100 unique nonempty raw text files, each mapping one-to-one to the 100 manifest identities.","Exactly one extraction JSON and one nonempty raw extraction for each of the 100 manifest filings, with no missing, duplicate, or unmatched identities.",
verifier_v6_canary,business_finance__sec_10k_financial_parsing,prep_verifier,1,unverifiable,26eb3a055bd41d9aff2dc4ed1717688225324ccaad183060c4a2bc2f2fcc611f,extractions.schema.valid,deterministic,True,pass,"Every first-pass and validation-rerun extraction must conform exactly to the supplied JSON Schema, including required fields, allowed types, date formats, and prohibition of additional properties.","input/schema/extraction_schema.json, JSON pointers /required, /properties/financials/required, /additionalProperties, /properties/financials/additionalProperties","""required"": [""company_name"", ""ticker"", ""cik"", ""filing_date"", ""fiscal_year_end"", ""financials""] ... ""additionalProperties"": false",supported,"input/schema/extraction_schema.json declares ""$schema"": ""https://json-schema.org/draft/2020-12/schema"", requires company_name, ticker, cik, filing_date, fiscal_year_end, and financials, requires all ten financial fields, and sets additionalProperties to false for both object levels.","Draft202012Validator from jsonschema 4.26.0, with FormatChecker enabled, validated all 100 first-pass extraction JSONs and all 5 rerun JSONs. Command output: ""SCHEMA jsonschema 4.26.0 files 105 errors 0"".",105 of 105 JSON files parsed and produced zero schema or date-format errors.,All 100 first-pass and 5 rerun JSONs validate under the supplied Draft 2020-12 schema with date-format checking.,
verifier_v6_canary,business_finance__sec_10k_financial_parsing,prep_verifier,1,unverifiable,26eb3a055bd41d9aff2dc4ed1717688225324ccaad183060c4a2bc2f2fcc611f,extractions.normalization.types,deterministic,True,pass,Non-null monetary values must be raw-USD JSON integers; non-null EPS values must be numeric and rounded to two decimal places.,"input/schema/normalization_rules.txt, rules 1 and 4; input/schema/extraction_schema.json, /properties/financials/properties","All monetary values must be in raw USD, not millions or billions. EPS values in USD, rounded to exactly 2 decimal places",supported,"input/schema/normalization_rules.txt lines 3–11 state: ""All monetary values must be in raw USD, not millions or billions""; ""Parenthetical values are negative""; ""EPS values in USD, rounded to exactly 2 decimal places""; ""If a field is genuinely not reported in the filing, use null (not 0)""; and ""Use the most recent fiscal year's data if the filing contains comparative multi-year tables."" The supplied schema restricts monetary fields to integer or null and EPS fields to number or null.","A complete type/precision scan over all 105 validated files inspected 660 populated monetary values and 161 populated EPS values and reported ""problems 0"". Every populated monetary value was a JSON integer; every populated EPS value was numeric and had no precision beyond two decimal places. Remaining values were null rather than zero placeholders.",660 populated monetary fields were integers; 161 populated EPS fields were numeric with at most two decimal places; no type or precision violations were found.,"Monetary fields are raw-USD integers or null, and EPS fields are numeric or null and rounded to two decimal places.",
verifier_v6_canary,business_finance__sec_10k_financial_parsing,prep_verifier,1,unverifiable,26eb3a055bd41d9aff2dc4ed1717688225324ccaad183060c4a2bc2f2fcc611f,extractions.public.evidence,public_evidence,True,unverifiable,"Sampled financial values must match the corresponding most-recent-fiscal-year values reported in the public filing PDFs after applying the supplied scaling, sign, and null rules.",input/schema/normalization_rules.txt; sampled input/filings PDFs,"Parenthetical values are negative: ""(1,234)"" → -1234 ... If a field is genuinely not reported in the filing, use null (not 0) ... Use the most recent fiscal year's data if the filing contains comparative multi-year tables",supported,"The fixed spec identifies five public filing-evidence checks. The governing public normalization wording is input/schema/normalization_rules.txt lines 3–11, including raw-USD conversion, two-decimal EPS, null for genuinely unreported fields, and use of the most recent fiscal year.","Three samples are directly supported and agree: (1) MSFT_10K_2017.pdf, PDF page 53, lines 6–12 says ""(In millions)"", column 2017, and ""Cash and cash equivalents $ 7,663""; extraction has 7,663,000,000. (2) PFE_10K_2024.pdf, PDF page 107, lines 10–11 establishes millions and the 2024 column, while line 43 reports ""Total liabilities 124,899""; extraction has 124,899,000,000. (3) UNH_10K_2024.pdf, PDF page 63, lines 8–9 establishes 2024 and ""in millions"", and lines 16–21 list operating costs of 264,185, 53,013, 46,694, and 4,099 totaling 367,991; extraction cost_of_revenue is 367,991,000,000. The other two staged PDFs do not contain the incorporated financial statements needed to establish the values: PFE_10K_2015.pdf page 51, lines 10–19 says its Consolidated Statements of Income are incorporated by reference from the separate 2015 Financial Report; WMT_10K_2016.pdf page 33, lines 23–28 says its Consolidated Balance Sheets and Statements of Shareholders' Equity are incorporated by reference from Exhibit 13. Those referenced documents are not present among the permitted public input assets. Therefore PFE 2015 eps_basic and WMT 2016 stockholders_equity cannot be independently established; their observed nulls cannot be promoted to pass merely from unavailable truth.",MSFT 2017 cash_and_equivalents = 7663000000; PFE 2015 eps_basic = null; WMT 2016 stockholders_equity = null; PFE 2024 total_liabilities = 124899000000; UNH 2024 cost_of_revenue = 367991000000.,"All five sampled values must be independently supported by the permitted public filing evidence. Directly established expectations are MSFT 2017 = 7663000000, PFE 2024 = 124899000000, and UNH 2024 = 367991000000; the PFE 2015 and WMT 2016 expected values are unavailable from the staged PDFs because the relevant statements are only incorporated by reference.",
verifier_v6_canary,business_finance__sec_10k_financial_parsing,prep_verifier,1,unverifiable,26eb3a055bd41d9aff2dc4ed1717688225324ccaad183060c4a2bc2f2fcc611f,qa.answers.complete.formatted,deterministic,True,pass,"qa_answers.json must answer Q1, Q2, and Q3 using their declared fields, value types, list ordering, and requested rounding.","input/questions.json, records Q1-Q3 and answer_format","""answer_format"": {""ticker"": ""string"", ""pct_increase"": ""float (1 decimal)""} ... ""answer_format"": {""ranking"": [""string""]}",supported,"input/questions.json lines 3–15 requires Q1 with ticker and pct_increase as ""float (1 decimal)""; Q2 with ticker, fiscal_year, and operating_margin_pct as ""float (2 decimals)""; and Q3 with ranking as an ordered string list.","qa_answers.json parsed as a list containing exactly IDs Q1, Q2, and Q3. Q1 answer is {""ticker"":""PFE"",""pct_increase"":3054.5}; Q2 is {""ticker"":""AAPL"",""fiscal_year"":2016,""operating_margin_pct"":2.22}; Q3 is {""ranking"":[""JPM"",""BAC"",""MSFT"",""XOM"",""CVX"",""UNH"",""PFE"",""WMT"",""JNJ"",""AAPL""]}. All requested keys, types, and stated rounding are present.","Exactly three complete answers: Q1 PFE/3054.5, Q2 AAPL/2016/2.22, and a ten-ticker Q3 ranking.","Exactly Q1, Q2, and Q3, each using the answer structure and numerical rounding specified in questions.json.",
verifier_v6_canary,business_finance__sec_10k_financial_parsing,prep_verifier,1,unverifiable,26eb3a055bd41d9aff2dc4ed1717688225324ccaad183060c4a2bc2f2fcc611f,qa.answers.recomputed,deterministic,True,pass,The analytical answers must be the results of the formulas and selection/ranking operations stated in the public questions when applied to the completed normalized extractions.,"input/questions.json, question text for Q1-Q3",operating margin (operating_income / revenue) ... rank all 10 companies by stockholders_equity from highest to lowest,supported,input/questions.json line 4 asks for the largest revenue percentage increase from each company's earliest available fiscal year to latest; line 9 asks for the minimum operating_income/revenue company-year; line 14 asks for the 2023 stockholders_equity ranking from highest to lowest.,"Independent recomputation from the 100 first-pass JSONs produced: Q1 PFE from its earliest populated revenue, 2,017,000,000 in 2017, to 63,627,000,000 in 2024: 3054.536440257809%, rounded to 3054.5. Q2 minimum was AAPL 2016: 4,781,000,000 / 215,639,000,000 × 100 = 2.2171314094389234%, rounded to 2.22. Q3 2023 equity values descending were JPM 327878000000, BAC 291646000000, MSFT 206223000000, XOM 204802000000, CVX 160957000000, UNH 94421000000, PFE 89014000000, WMT 76693000000, JNJ 68774000000, and AAPL 62146000000. These exactly reproduce qa_answers.json.","Recomputed Q1 = PFE, 3054.5; Q2 = AAPL, 2016, 2.22; Q3 = [JPM, BAC, MSFT, XOM, CVX, UNH, PFE, WMT, JNJ, AAPL].",The submitted QA answers exactly equal independent calculations from the first-pass extraction corpus.,
verifier_v6_canary,business_finance__sec_10k_financial_parsing,prep_verifier,1,unverifiable,26eb3a055bd41d9aff2dc4ed1717688225324ccaad183060c4a2bc2f2fcc611f,validation.rerun.complete,deterministic,True,pass,Provide one second-pass extraction JSON for every PDF in the fixed public validation subset.,"public task prompt, Your job item 5; input/validation directory",Re-run the extraction workflow on the fixed validation subset in `input/validation/` and save those second-pass extraction JSONs to .../output/run2_extractions.,supported,"The public input/validation directory contains exactly AAPL_10K_2024.pdf, JPM_10K_2024.pdf, MSFT_10K_2024.pdf, WMT_10K_2024.pdf, and XOM_10K_2024.pdf. input/config/model_spec.json line 12 states that the agent should use benchmark-visible input assets and write outputs under output.","Programmatic identity comparison reported validation IDs and rerun IDs as the same five basenames and reported ""missing [] extra []"".","Five rerun JSONs: AAPL_10K_2024, JPM_10K_2024, MSFT_10K_2024, WMT_10K_2024, and XOM_10K_2024; no missing or extra reruns.",Exactly one rerun JSON corresponding to each of the five public validation PDFs and no unmatched rerun JSON.,
verifier_v6_canary,business_finance__sec_10k_financial_parsing,prep_verifier,1,unverifiable,26eb3a055bd41d9aff2dc4ed1717688225324ccaad183060c4a2bc2f2fcc611f,validation.rerun.deterministic,deterministic,True,pass,The second deterministic pass over each validation filing must reproduce its first-pass normalized extraction.,"public task prompt, Important requirements",The validation rerun should reflect a second deterministic pass over the same visible validation filings.,supported,"input/config/determinism_config.py lines 1 and 8–10 describe ""Benchmark-owned determinism guidance"", set DETERMINISM_SEED = 42 and PYTHONHASHSEED, and seed Python's random module. The fixed criterion requires rerun outputs for the validation subset to reproduce their corresponding first-pass outputs.","Canonical parsed-JSON equality comparisons were performed for all five validation identities between extractions/<identity>.json and run2_extractions/<identity>.json. Command output: ""DETERMINISM compared 5 diffs []"".",All five rerun JSON objects are structurally and value-wise identical to their first-pass counterparts.,Zero differences across the five corresponding first-pass/rerun JSON pairs.,
verifier_v6_canary,business_finance__sec_10k_financial_parsing,verifier,0,unverifiable,c4a8b39078ad047e2e30e169476af71d442079e0160b9686cee1929343914200,outputs.corpus.completeness,deterministic,True,pass,Provide exactly one extraction JSON and one raw extraction text file for every filing listed in the public filing corpus.,"public task prompt, Your job items 1-3; input/filings/manifest.json",Parse every filing in `input/filings/`. Save one normalized extraction JSON per filing to .../output/extractions. Save one raw extraction text file per filing to .../output/raw_extractions.,supported,"Public task prompt, Your job items 1-3: ""Parse every filing in `input/filings/`. Save one normalized extraction JSON per filing to .../output/extractions. Save one raw extraction text file per filing to .../output/raw_extractions."" `input/filings/manifest.json` is a JSON list containing 100 records.","Filesystem enumeration found 100 corpus PDFs and 100 manifest records. Snapshot contains exactly 100 regular `extractions/*.json` files and 100 regular `raw_extractions/*.txt` files. Basename comparison against every corpus PDF produced `ex missing/extra [] []` and `raw missing/extra [] []`. All 100 JSON files parsed successfully; no raw file was empty, and the minimum raw-file size was 187641 bytes. The rejected-symlink receipt is empty (0 bytes).",100/100 matched parseable extraction JSONs and 100/100 matched nonempty regular raw text files; no unmatched artifacts.,"All 100 manifest filings have one parseable extraction JSON and one nonempty raw text extraction, with no unmatched filing artifacts in those directories.",
verifier_v6_canary,business_finance__sec_10k_financial_parsing,verifier,0,unverifiable,c4a8b39078ad047e2e30e169476af71d442079e0160b9686cee1929343914200,extractions.schema.valid,deterministic,True,pass,"Every first-pass and validation-rerun extraction must conform exactly to the supplied JSON Schema, including required fields, allowed types, date formats, and prohibition of additional properties.","input/schema/extraction_schema.json, JSON pointers /required, /properties/financials/required, /additionalProperties, /properties/financials/additionalProperties","""required"": [""company_name"", ""ticker"", ""cik"", ""filing_date"", ""fiscal_year_end"", ""financials""] ... ""additionalProperties"": false",supported,"`input/schema/extraction_schema.json` lines 7, 33-44, 87, and 90 specify the root required properties, all ten required financial fields, and `additionalProperties: false` at both levels. Lines 21-29 require date-formatted strings; lines 46-84 define the permitted financial value types.",Loaded the public schema and validated all 100 first-pass plus 5 rerun JSON documents using `jsonschema.Draft202012Validator` with `jsonschema.FormatChecker()`. Command output: `validated 105 bad files 0` and `[]`.,105 of 105 extraction documents passed Draft 2020-12 schema and format validation with zero errors.,"Every extraction passes schema validation with no missing required property, invalid type/date, or additional property.",
verifier_v6_canary,business_finance__sec_10k_financial_parsing,verifier,0,unverifiable,c4a8b39078ad047e2e30e169476af71d442079e0160b9686cee1929343914200,extractions.normalization.types,deterministic,True,pass,Non-null monetary values must be raw-USD JSON integers; non-null EPS values must be numeric and rounded to two decimal places.,"input/schema/normalization_rules.txt, rules 1 and 4; input/schema/extraction_schema.json, /properties/financials/properties","All monetary values must be in raw USD, not millions or billions. EPS values in USD, rounded to exactly 2 decimal places",supported,"`input/schema/normalization_rules.txt` lines 3-7: ""All monetary values must be in raw USD, not millions or billions."" and ""EPS values in USD, rounded to exactly 2 decimal places"". `input/schema/extraction_schema.json` lines 46-84 type monetary fields as integer/null and EPS fields as number/null.","Inspected all ten financial fields in all 105 documents. For the eight monetary fields, every non-null value had Python/JSON integer type; for `eps_basic` and `eps_diluted`, every non-null value was numeric and equal to `round(value, 2)`. Command output: `normalization violations 0` and `[]`.",Zero integer-type or EPS-precision violations across 105 extraction documents.,"Every populated monetary field is an integer in raw-USD units, and every populated EPS field has no precision beyond two decimal places.",
verifier_v6_canary,business_finance__sec_10k_financial_parsing,verifier,0,unverifiable,c4a8b39078ad047e2e30e169476af71d442079e0160b9686cee1929343914200,extractions.public.evidence,public_evidence,True,unverifiable,"Sampled financial values must match the corresponding most-recent-fiscal-year values reported in the public filing PDFs after applying the supplied scaling, sign, and null rules.",input/schema/normalization_rules.txt; sampled input/filings PDFs,"Parenthetical values are negative: ""(1,234)"" → -1234 ... If a field is genuinely not reported in the filing, use null (not 0) ... Use the most recent fiscal year's data if the filing contains comparative multi-year tables",supported,"`input/schema/normalization_rules.txt` lines 3-11 states: ""All monetary values must be in raw USD, not millions or billions"", ""Parenthetical values are negative"", ""If a field is genuinely not reported in the filing, use null (not 0)"", and ""Use the most recent fiscal year's data if the filing contains comparative multi-year tables"". The five named PDFs exist in `input/filings/`.","Three locators were directly verified from PDF text: (1) `MSFT_10K_2017.pdf`, PDF page 53, Balance Sheets lines 5-11, has `(In millions)`, 2017 first, and `Cash and cash equivalents $ 7,663`; normalized value 7663000000 equals snapshot `financials.cash_and_equivalents`. (2) `PFE_10K_2024.pdf`, PDF page 107, lines 10-13 and 39-43, has `(MILLIONS, EXCEPT PER SHARE DATA)`, 2024 first, and `Total liabilities 124,899`; normalized value 124899000000 equals the snapshot. (3) `UNH_10K_2024.pdf`, PDF page 48, lines 9-21, has `(in millions...)`, 2024 first, and `Cost of products sold 46,694`; normalized value 46694000000 equals the snapshot. The other two corpus PDFs do not contain the incorporated financial-statement tables needed to establish truth: extracted `PFE_10K_2015.pdf` text has no occurrence of 1.13 or 1.11 and its exhibit list identifies Exhibit 13 as ""Portions of the 2015 Financial Report""; extracted `WMT_10K_2016.pdf` lines 1815-1816 say its financial statements are incorporated by reference to the Annual Report to Shareholders, and its exhibit list likewise identifies Exhibit 13. Searches of both PDFs, including OCR of their later pages, did not locate the sampled EPS/equity rows. Therefore the PDF-supported expected values for PFE 2015 basic EPS and WMT 2016 stockholders' equity are unavailable, so the five-field criterion cannot be passed or failed conclusively.","Verified matches: MSFT 2017 cash 7663000000; PFE 2024 liabilities 124899000000; UNH 2024 cost of revenue 46694000000. Snapshot also reports PFE 2015 basic EPS 1.13 and WMT 2016 equity 80546000000, but the corresponding rows are absent from those supplied PDFs.","Each of the five sampled output fields equals the normalized value supported by its filing PDF, or is null only when genuinely not reported.",
verifier_v6_canary,business_finance__sec_10k_financial_parsing,verifier,0,unverifiable,c4a8b39078ad047e2e30e169476af71d442079e0160b9686cee1929343914200,qa.answers.complete.formatted,deterministic,True,pass,"qa_answers.json must answer Q1, Q2, and Q3 using their declared fields, value types, list ordering, and requested rounding.","input/questions.json, records Q1-Q3 and answer_format","""answer_format"": {""ticker"": ""string"", ""pct_increase"": ""float (1 decimal)""} ... ""answer_format"": {""ranking"": [""string""]}",supported,"`input/questions.json` lines 3-15 defines exactly Q1-Q3. Lines 4-5 require Q1 ticker plus a percentage rounded to one decimal; lines 9-10 require Q2 ticker, integer fiscal year, and percentage rounded to two decimals; lines 14-15 require Q3 as an ordered list of ticker strings for all ten companies.","Parsed `qa_answers.json` as a three-element list. IDs were exactly `['Q1','Q2','Q3']`, each occurring once. Q1 was `{""ticker"":""MSFT"",""pct_increase"":161.9}` with string/float types; Q2 was `{""ticker"":""WMT"",""fiscal_year"":2023,""operating_margin_pct"":3.37}` with string/integer/float types; Q3 contained a list of exactly ten strings. Numeric results have the requested one- and two-decimal precision.","Exactly one correctly typed and formatted answer exists for each of Q1, Q2, and Q3; Q3 has ten ticker strings.","Exactly Q1, Q2, and Q3 are answered, and every answer conforms to its declared format and requested precision.",
verifier_v6_canary,business_finance__sec_10k_financial_parsing,verifier,0,unverifiable,c4a8b39078ad047e2e30e169476af71d442079e0160b9686cee1929343914200,qa.answers.recomputed,deterministic,True,pass,The analytical answers must be the results of the formulas and selection/ranking operations stated in the public questions when applied to the completed normalized extractions.,"input/questions.json, question text for Q1-Q3",operating margin (operating_income / revenue) ... rank all 10 companies by stockholders_equity from highest to lowest,supported,`input/questions.json` line 4 asks for the largest percentage revenue increase from the earliest to latest fiscal year; line 9 defines operating margin as `operating_income / revenue` and asks for its minimum across all company-years; line 14 requires fiscal-year-2023 stockholders' equity ranked highest to lowest.,"Independent recomputation from all 100 parsed first-pass extractions produced: Q1 MSFT, using 2015 revenue 93580000000 and 2024 revenue 245122000000, `100*(245122000000-93580000000)/93580000000 = 161.938448...`, rounded to 161.9. Q2 minimum was WMT 2023, using operating income 20428000000 and revenue 605881000000, `100*20428000000/605881000000 = 3.371619...`, rounded to 3.37. Q3 descending 2023 equity values were JPM 327878000000, BAC 291646000000, MSFT 206223000000, XOM 204802000000, CVX 160957000000, UNH 94421000000, PFE 89014000000, WMT 76693000000, JNJ 68774000000, AAPL 62146000000. All recomputed fields and ordering exactly matched `qa_answers.json`.","Q1 = MSFT/161.9; Q2 = WMT/2023/3.37; Q3 = [JPM, BAC, MSFT, XOM, CVX, UNH, PFE, WMT, JNJ, AAPL].","Q1's ticker and one-decimal increase, Q2's ticker/year and two-decimal margin, and Q3's complete ordered ranking exactly equal the independently recomputed results.",
verifier_v6_canary,business_finance__sec_10k_financial_parsing,verifier,0,unverifiable,c4a8b39078ad047e2e30e169476af71d442079e0160b9686cee1929343914200,validation.rerun.complete,deterministic,True,pass,Provide one second-pass extraction JSON for every PDF in the fixed public validation subset.,"public task prompt, Your job item 5; input/validation directory",Re-run the extraction workflow on the fixed validation subset in `input/validation/` and save those second-pass extraction JSONs to .../output/run2_extractions.,supported,"Public task prompt, Your job item 5: ""Re-run the extraction workflow on the fixed validation subset in `input/validation/` and save those second-pass extraction JSONs to .../output/run2_extractions.""","Enumerated five validation PDFs: AAPL_10K_2024, JPM_10K_2024, MSFT_10K_2024, WMT_10K_2024, and XOM_10K_2024. Snapshot contains exactly five regular `run2_extractions/*.json` files with those same basenames. Basename comparison returned `run2 missing/extra [] []`, and all five JSON files parsed successfully.","5/5 validation filings have exactly one matched, parseable regular rerun JSON; no extras.",The five visible validation PDFs each have exactly one corresponding second-pass extraction JSON and there are no unmatched rerun JSONs.,
verifier_v6_canary,business_finance__sec_10k_financial_parsing,verifier,0,unverifiable,c4a8b39078ad047e2e30e169476af71d442079e0160b9686cee1929343914200,validation.rerun.deterministic,deterministic,True,pass,The second deterministic pass over each validation filing must reproduce its first-pass normalized extraction.,"public task prompt, Important requirements",The validation rerun should reflect a second deterministic pass over the same visible validation filings.,supported,"Public task prompt, Important requirements: ""The validation rerun should reflect a second deterministic pass over the same visible validation filings.""","Parsed and compared each rerun JSON with its same-basename first-pass JSON. Structural equality results were: `AAPL_10K_2024.json True`, `JPM_10K_2024.json True`, `MSFT_10K_2024.json True`, `WMT_10K_2024.json True`, and `XOM_10K_2024.json True`.",All five parsed rerun values are structurally and value-wise identical to their first-pass counterparts.,Every validation filing's second-pass JSON is structurally and value-wise identical to its first-pass JSON.,
verifier_v6_canary,education_info__marc_remediation_folio_overlay,prep_verifier,0,pass,f4385774604331f29499b4f7a4a5c2f0464957e589321f1f26520b1a2697e006,cli.output.package,deterministic,True,pass,The preserved CLI must run successfully for a same-schema case directory and create all five required artifacts in the requested output directory.,input/TASK_PROMPT.md lines 5-17 and 29-35,"Implement `scripts/remediate_catalog.py` so it can run on any case directory with the same schema: `python scripts/remediate_catalog.py --case-dir input/public_case --output-dir outputs/public_case` ... Required outputs: `remediated_records.xml`, `overlay_decisions.csv`, `folio_import_plan.json`, `qa_report.json`, `remediation_summary.md`",supported,"input/TASK_PROMPT.md lines 5-17 documents the CLI, including `python scripts/remediate_catalog.py --case-dir <hidden_case_dir> --output-dir <temporary_output_dir>`; lines 29-35 list `remediated_records.xml`, `overlay_decisions.csv`, `folio_import_plan.json`, `qa_report.json`, and `remediation_summary.md`.","Copied the public case to `/tmp/marcverify.oBMLWb/case` and ran `/media/user/data/agenthle/education_info/marc_remediation_folio_overlay/base/software/python3.12 scripts/remediate_catalog.py --case-dir /tmp/marcverify.oBMLWb/case --output-dir /tmp/marcverify.oBMLWb/out` from the snapshot submission. Exit status was 0. Generated nonempty files were: folio_import_plan.json 209447 bytes, overlay_decisions.csv 7811 bytes, qa_report.json 258 bytes, remediated_records.xml 159277 bytes, and remediation_summary.md 1023 bytes. XML, both JSON files, and CSV parsed successfully. All rerun artifacts were byte-identical to the snapshot's bundled public outputs.",Zero exit status; five required nonempty and parseable artifacts generated.,"The command exits successfully; XML, CSV, and JSON files parse without error; and all five required artifacts are nonempty.",
verifier_v6_canary,education_info__marc_remediation_folio_overlay,prep_verifier,0,pass,f4385774604331f29499b4f7a4a5c2f0464957e589321f1f26520b1a2697e006,output.schemas,deterministic,True,pass,The CSV and JSON artifacts must implement the publicly specified output schemas.,"input/starter_project/BUNDLE_MANIFEST.md, section “Output Schemas”","`overlay_decisions.csv`: `record_id`, `normalized_oclc`, `match_key`, `matched_instance_hrid`, `action`, `reason`. `folio_import_plan.json`: top-level keys `actionProfiles`, `folioRelease`, `jobProfileName`, `matchProfiles`, `records`; each record contains `record_id`, `action`, `match_key`, `matched_instance_hrid`, `source_record_id`, `instance`, `holdings`, `item`, and `srs`.",supported,"input/starter_project/BUNDLE_MANIFEST.md lines 16-20 specifies the output schemas, including line 17 CSV columns, line 18 import-plan top-level and per-record keys, line 19 all nine QA keys, and line 20 a MARCXML collection.","Parsed rerun outputs. CSV header was exactly `record_id,normalized_oclc,match_key,matched_instance_hrid,action,reason`. Import plan top-level keys were exactly `actionProfiles`, `folioRelease`, `jobProfileName`, `matchProfiles`, and `records`; all 56 plan records contained every required per-record key. QA JSON contained all nine documented keys. XML root was `{http://www.loc.gov/MARC21/slim}collection`.",Exact six-column CSV header; all five plan top-level keys; zero plan records missing required keys; nine QA keys; valid MARCXML collection root.,"Every artifact has the documented structural keys or columns, and the XML is a valid MARCXML collection.",
verifier_v6_canary,education_info__marc_remediation_folio_overlay,prep_verifier,0,pass,f4385774604331f29499b4f7a4a5c2f0464957e589321f1f26520b1a2697e006,overlay.match.dedup,deterministic,True,pass,"There must be one overlay decision per incoming record; matching must use normalized OCLC, then LCCN, then ISBN; duplicate OCLC groups must retain the most complete record and suppress weaker records; active matches update and unmatched active records create.",input/starter_project/input/public_case/cataloging_policy.md lines 5-9,"Match incoming bibliographic records to FOLIO instances by normalized OCLC number, then LCCN, then ISBN. OCLC values must be emitted as `(OCoLC)<digits>` ... keep the most complete record: prefer records with a 100 field, a 300 field, and a non-VENDOR 040$a. ... emit `update_instance` when a match exists and `create_instance` otherwise.",supported,"input/starter_project/input/public_case/cataloging_policy.md lines 5-9 states: match by normalized OCLC, then LCCN, then ISBN; emit OCLC as `(OCoLC)<digits>`; retain the most complete duplicate using 100, 300, and non-VENDOR 040$a; suppress weaker duplicates; update when a match exists and create otherwise.","An independent parser recomputed normalized identifiers, duplicate completeness scores, match precedence, matched HRIDs, and actions from the copied input MARC and folio_instances.csv. Comparison of all five checked columns across all 64 decision rows reported `decision errors 0 []`. Action counts were 28 update_instance, 28 create_instance, and 8 suppress_duplicate. The independently selected active set had 56 records; output XML and plan each had 56 records, and plan record IDs exactly matched the active source IDs in input order.",64 unique decision rows; 56 active records; 8 weaker duplicates suppressed; 28 updates; 28 creates; no independently detected decision mismatch.,All incoming records have exactly one correct decision; normalized OCLC values use the required form; weaker duplicates are suppress_duplicate; survivors are update_instance or create_instance according to the FOLIO snapshot; only active records enter XML and the plan.,
verifier_v6_canary,education_info__marc_remediation_folio_overlay,prep_verifier,0,pass,f4385774604331f29499b4f7a4a5c2f0464957e589321f1f26520b1a2697e006,marc.rda.remediation,deterministic,True,pass,"Each active remediated MARC record must contain the required RDA 040 values, no 245$h, and one of the documented print or online 336/337/338 value/code combinations.",input/starter_project/input/public_case/cataloging_policy.md line 7,"Convert AACR2-era records to RDA by ensuring 040$b eng and 040$e rda, removing 245$h, and adding 336/337/338 fields. Use `text/txt`, `unmediated/n`, `volume/nc` for print records and `text/txt`, `computer/c`, `online resource/cr` for online records.",supported,"input/starter_project/input/public_case/cataloging_policy.md line 7 states: `ensuring 040$b eng and 040$e rda, removing 245$h, and adding 336/337/338 fields. Use text/txt, unmediated/n, volume/nc for print records and text/txt, computer/c, online resource/cr for online records.`","Parsed all 56 records in the rerun remediated_records.xml. For each record, independently checked 040$b and 040$e, absence of 245$h, exactly one field for each of 336/337/338, and the term/code pairs against the two allowed triples. The check reported `rda errors 0 []`.","56 of 56 active records satisfy the required 040, 245, and carrier-field rules; zero RDA validation errors.",Every active output record satisfies all RDA field requirements and uses only a documented carrier triple.,
verifier_v6_canary,education_info__marc_remediation_folio_overlay,prep_verifier,0,pass,f4385774604331f29499b4f7a4a5c2f0464957e589321f1f26520b1a2697e006,authority.exact.mapping,deterministic,True,pass,"Exact mapped 100, 700, and 650 headings must be replaced with their authorized forms and supplied URI while unrelated subfields, including relationship terms, remain intact.",input/starter_project/input/public_case/cataloging_policy.md line 8,Use `authority_map.csv` to replace exact 100/700/650 `$a` values and add `$0` with the provided URI. Preserve relationship terms such as `$e author`.,supported,input/starter_project/input/public_case/cataloging_policy.md line 8 states: `Use authority_map.csv to replace exact 100/700/650 $a values and add $0 with the provided URI. Preserve relationship terms such as $e author.`,"Independently paired all 56 active source and output records and compared every 100, 700, and 650 field against authority_map.csv. Exact tag-and-$a matches were checked for authorized_form, exactly the supplied URI in $0, and preservation of all non-$a/$0 subfields; unmapped $a values were checked for no substitution. Result: `authority errors/replacements 0 112 []`.","112 applicable authority replacements, all correct; zero mapped, preservation, URI, or unmapped-heading errors.","Every applicable exact heading is replaced once with the mapped authorized form and URI, relationship terms are preserved, and no map substitution is applied to a nonmatching heading.",
verifier_v6_canary,education_info__marc_remediation_folio_overlay,prep_verifier,0,pass,f4385774604331f29499b4f7a4a5c2f0464957e589321f1f26520b1a2697e006,folio.holdings.items,deterministic,True,pass,"Each active record's 949 data must be represented in holdings and item payloads using the corresponding location_map.csv row, and an uncataloged matched instance must be planned as Cataloged.",input/starter_project/input/public_case/cataloging_policy.md lines 9-10,"Existing uncataloged matched instances must become status `Cataloged` in the import plan. Map 949 fields to FOLIO holdings/items using `location_map.csv`: 949$a location, 949$b call number, 949$c material type hint, 949$d loan policy hint, 949$e barcode.",supported,"input/starter_project/input/public_case/cataloging_policy.md lines 9-10 states: `Existing uncataloged matched instances must become status Cataloged in the import plan` and `Map 949 fields to FOLIO holdings/items using location_map.csv: 949$a location, 949$b call number, 949$c material type hint, 949$d loan policy hint, 949$e barcode.`","For each of the 56 active source/plan pairs, independently joined 949$a to location_map.csv and compared holdings permanentLocationId and callNumber plus item barcode, materialTypeId, and permanentLoanTypeId. It also checked update actions against folio_instances.csv and required Cataloged for every matched Uncataloged row. Result: `hold errors/counts 0 56 56 []`.",56 holdings and 56 item payloads; zero mapping or Uncataloged-status promotion errors.,"Every active 949 produces holdings and item data consistent with its mapping row and source values, and every matched Uncataloged instance is promoted to Cataloged.",
verifier_v6_canary,education_info__marc_remediation_folio_overlay,prep_verifier,0,pass,f4385774604331f29499b4f7a4a5c2f0464957e589321f1f26520b1a2697e006,qa.counts.consistency,deterministic,True,pass,qa_report.json must provide the documented machine-readable counts and those counts must agree with the source records and generated artifacts.,"input/TASK_PROMPT.md line 34; input/starter_project/BUNDLE_MANIFEST.md, section “Output Schemas”","`qa_report.json`: machine-readable counts for records received, active records, duplicate suppressions, create/update actions, RDA conversions, authority replacements, and holdings/items emitted. `qa_report.json`: `records_received`, `active_records`, `duplicate_suppressions`, `update_instance_actions`, `create_instance_actions`, `rda_conversions`, `authority_replacements`, `holdings_payloads`, `item_payloads`.",supported,"input/TASK_PROMPT.md line 34 describes machine-readable counts for received, active, suppressions, create/update actions, RDA conversions, authority replacements, and holdings/items. input/starter_project/BUNDLE_MANIFEST.md line 19 lists the exact nine keys.","Independently recomputed all nine values from the copied source and rerun artifacts. Observed QA and recomputed QA were identical: records_received 64, active_records 56, duplicate_suppressions 8, update_instance_actions 28, create_instance_actions 28, rda_conversions 56, authority_replacements 112, holdings_payloads 56, item_payloads 56. Identities also hold: 64 = 56 + 8 and 56 = 28 + 28.","{""records_received"":64,""active_records"":56,""duplicate_suppressions"":8,""update_instance_actions"":28,""create_instance_actions"":28,""rda_conversions"":56,""authority_replacements"":112,""holdings_payloads"":56,""item_payloads"":56}",All nine QA counts equal independently recomputed values and satisfy received = active + suppressions and active = create + update.,
verifier_v6_canary,education_info__marc_remediation_folio_overlay,prep_verifier,0,pass,f4385774604331f29499b4f7a4a5c2f0464957e589321f1f26520b1a2697e006,handoff.memo.content,deterministic,True,pass,"The remediation summary must be a short cataloging handoff memo that lists decisions, unresolved assumptions, and FOLIO profile names.",input/TASK_PROMPT.md line 35,"`remediation_summary.md`: short cataloging handoff memo listing decisions, unresolved assumptions, and FOLIO profile names.",supported,"input/TASK_PROMPT.md line 35 states: `remediation_summary.md: short cataloging handoff memo listing decisions, unresolved assumptions, and FOLIO profile names.`","The rerun memo was nonempty Markdown with 1019 characters and explicit sections `## Decisions`, `## Unresolved assumptions`, and `## FOLIO profiles`. It names the job, match, and action profiles. Its numeric totals—64 received, 56 active, 8 suppressed, 28 updates, 28 creates, 112 authority replacements, 56 holdings, and 56 items—agree with overlay_decisions.csv, qa_report.json, and the import plan.","All three required topics are explicitly present, and every stated decision total is consistent with generated artifacts.","The memo addresses decisions, unresolved assumptions, and FOLIO profile names, with any stated decision counts agreeing with the generated decisions.",
verifier_v6_canary,education_info__marc_remediation_folio_overlay,verifier,0,pass,c948ef0bdf8fe9ee6ec072b1769c776229b72c53bd71b99497327ca1626d649f,cli.output.package,deterministic,True,pass,The preserved CLI must run successfully for a same-schema case directory and create all five required artifacts in the requested output directory.,input/TASK_PROMPT.md lines 5-17 and 29-35,"Implement `scripts/remediate_catalog.py` so it can run on any case directory with the same schema: `python scripts/remediate_catalog.py --case-dir input/public_case --output-dir outputs/public_case` ... Required outputs: `remediated_records.xml`, `overlay_decisions.csv`, `folio_import_plan.json`, `qa_report.json`, `remediation_summary.md`",supported,"input/TASK_PROMPT.md lines 5-17 documents `python scripts/remediate_catalog.py --case-dir <hidden_case_dir> --output-dir <temporary_output_dir>` and same-schema case directories; lines 29-35 list `remediated_records.xml`, `overlay_decisions.csv`, `folio_import_plan.json`, `qa_report.json`, and `remediation_summary.md`.","Copied `submission/input/public_case` to `/tmp/verify-marc-case` and ran the snapshot script with the documented arguments using the provided Python 3.12 executable. Exit status was 0. `/tmp/verify-marc-out` contained all five files: folio_import_plan.json (322547 bytes), overlay_decisions.csv (6887 bytes), qa_report.json (258 bytes), remediated_records.xml (159669 bytes), and remediation_summary.md (828 bytes). Both JSON files, the CSV, and XML parsed successfully; XML contained 56 records. All five regenerated files were byte-identical to `submission/outputs/public_case` (`cmp` status 0 for each).","Exit 0; five nonempty artifacts; JSON, CSV, and XML parse successfully.","The command exits successfully; XML, CSV, and JSON parse without error; all five required artifacts are nonempty.",
verifier_v6_canary,education_info__marc_remediation_folio_overlay,verifier,0,pass,c948ef0bdf8fe9ee6ec072b1769c776229b72c53bd71b99497327ca1626d649f,output.schemas,deterministic,True,pass,The CSV and JSON artifacts must implement the publicly specified output schemas.,"input/starter_project/BUNDLE_MANIFEST.md, section “Output Schemas”","`overlay_decisions.csv`: `record_id`, `normalized_oclc`, `match_key`, `matched_instance_hrid`, `action`, `reason`. `folio_import_plan.json`: top-level keys `actionProfiles`, `folioRelease`, `jobProfileName`, `matchProfiles`, `records`; each record contains `record_id`, `action`, `match_key`, `matched_instance_hrid`, `source_record_id`, `instance`, `holdings`, `item`, and `srs`.",supported,"input/starter_project/BUNDLE_MANIFEST.md lines 16-20 specifies the six CSV columns, five import-plan top-level keys, nine per-record keys, nine QA keys, and a MARCXML collection.","Parsed regenerated artifacts. CSV header was exactly `record_id,normalized_oclc,match_key,matched_instance_hrid,action,reason`. Import-plan top-level keys were exactly `actionProfiles`, `folioRelease`, `jobProfileName`, `matchProfiles`, and `records`; every one of its 56 records had exactly `record_id`, `action`, `match_key`, `matched_instance_hrid`, `source_record_id`, `instance`, `holdings`, `item`, and `srs`. qa_report.json had all nine manifest keys. XML root was `{http://www.loc.gov/MARC21/slim}collection`.","Exact documented CSV header, import-plan keys, QA keys, and MARCXML collection root; 64 CSV rows and 56 plan/XML records.","Every artifact has the documented structural keys or columns, and XML is a valid MARCXML collection.",
verifier_v6_canary,education_info__marc_remediation_folio_overlay,verifier,0,pass,c948ef0bdf8fe9ee6ec072b1769c776229b72c53bd71b99497327ca1626d649f,overlay.match.dedup,deterministic,True,pass,"There must be one overlay decision per incoming record; matching must use normalized OCLC, then LCCN, then ISBN; duplicate OCLC groups must retain the most complete record and suppress weaker records; active matches update and unmatched active records create.",input/starter_project/input/public_case/cataloging_policy.md lines 5-9,"Match incoming bibliographic records to FOLIO instances by normalized OCLC number, then LCCN, then ISBN. OCLC values must be emitted as `(OCoLC)<digits>` ... keep the most complete record: prefer records with a 100 field, a 300 field, and a non-VENDOR 040$a. ... emit `update_instance` when a match exists and `create_instance` otherwise.",supported,"input/starter_project/input/public_case/cataloging_policy.md lines 5-9 states: “Match incoming bibliographic records to FOLIO instances by normalized OCLC number, then LCCN, then ISBN,” requires `(OCoLC)<digits>`, defines the 100/300/non-VENDOR-040$a duplicate ranking, excludes weaker duplicates from XML/import plan, and requires update when matched and create otherwise.","An independent parse of 64 source MARC records and folio_instances.csv normalized identifiers, ranked duplicate groups, and applied OCLC/LCCN/ISBN precedence. It independently derived 8 suppressions, 56 active records, 28 updates, and 28 creates. Comparison of all five checked CSV values (`record_id`, `normalized_oclc`, `match_key`, `matched_instance_hrid`, `action`) for all 64 rows found zero discrepancies. No completeness ties occurred. XML and plan each contained exactly the 56 independently selected survivors; the independent checker reported `issues_count 0`.","64 unique decision rows: 8 suppress_duplicate, 28 update_instance, 28 create_instance; 56 survivors in both XML and plan; all normalized OCLC values and matches agreed with independent computation.","One correct decision per incoming record; weaker OCLC duplicates suppressed; active matches update, unmatched active records create; only active records appear in XML and the plan.",
verifier_v6_canary,education_info__marc_remediation_folio_overlay,verifier,0,pass,c948ef0bdf8fe9ee6ec072b1769c776229b72c53bd71b99497327ca1626d649f,marc.rda.remediation,deterministic,True,pass,"Each active remediated MARC record must contain the required RDA 040 values, no 245$h, and one of the documented print or online 336/337/338 value/code combinations.",input/starter_project/input/public_case/cataloging_policy.md line 7,"Convert AACR2-era records to RDA by ensuring 040$b eng and 040$e rda, removing 245$h, and adding 336/337/338 fields. Use `text/txt`, `unmediated/n`, `volume/nc` for print records and `text/txt`, `computer/c`, `online resource/cr` for online records.",supported,"input/starter_project/input/public_case/cataloging_policy.md line 7 states: “ensuring 040$b eng and 040$e rda, removing 245$h, and adding 336/337/338 fields,” with print `text/txt`, `unmediated/n`, `volume/nc` and online `text/txt`, `computer/c`, `online resource/cr`.","Independently inspected all 56 active records in regenerated remediated_records.xml. Each had 040$b=`eng`, 040$e=`rda`, no 245$h, exactly one each of 336/337/338, and one of the two documented term/code triples. Comparison with source records independently recomputed 56 RDA conversions. Checker reported no 040, 245$h, field-count, or carrier-combination issues.","56 of 56 active records satisfy the required 040, 245, and 336/337/338 rules; independently recomputed conversions: 56.",Every active output record satisfies all RDA requirements and uses only a documented print or online carrier triple.,
verifier_v6_canary,education_info__marc_remediation_folio_overlay,verifier,0,pass,c948ef0bdf8fe9ee6ec072b1769c776229b72c53bd71b99497327ca1626d649f,authority.exact.mapping,deterministic,True,pass,"Exact mapped 100, 700, and 650 headings must be replaced with their authorized forms and supplied URI while unrelated subfields, including relationship terms, remain intact.",input/starter_project/input/public_case/cataloging_policy.md line 8,Use `authority_map.csv` to replace exact 100/700/650 `$a` values and add `$0` with the provided URI. Preserve relationship terms such as `$e author`.,supported,input/starter_project/input/public_case/cataloging_policy.md line 8 states: “Use `authority_map.csv` to replace exact 100/700/650 `$a` values and add `$0` with the provided URI. Preserve relationship terms such as `$e author`.”,"For every active source/output pair, independently compared corresponding 100, 700, and 650 fields against authority_map.csv. Exact tag-and-$a matches had the mapped authorized_form and URI; all source subfields other than replaced $a/$0 were preserved in order, and unmapped $a values were unchanged. Independently counted 112 replacements and found zero mapping, preservation, field-count, or unmapped-heading issues.",112 exact authority replacements; all mapped forms/URIs correct; unrelated subfields preserved; no unmapped heading was substituted.,"Every applicable exact heading is replaced once with its authorized form and URI, relationship terms are preserved, and nonmatching headings receive no map substitution.",
verifier_v6_canary,education_info__marc_remediation_folio_overlay,verifier,0,pass,c948ef0bdf8fe9ee6ec072b1769c776229b72c53bd71b99497327ca1626d649f,folio.holdings.items,deterministic,True,pass,"Each active record's 949 data must be represented in holdings and item payloads using the corresponding location_map.csv row, and an uncataloged matched instance must be planned as Cataloged.",input/starter_project/input/public_case/cataloging_policy.md lines 9-10,"Existing uncataloged matched instances must become status `Cataloged` in the import plan. Map 949 fields to FOLIO holdings/items using `location_map.csv`: 949$a location, 949$b call number, 949$c material type hint, 949$d loan policy hint, 949$e barcode.",supported,"input/starter_project/input/public_case/cataloging_policy.md lines 9-10 states that existing uncataloged matched instances become `Cataloged` and maps 949$a location, $b call number, $c material hint, $d loan hint, and $e barcode through location_map.csv.","For each of 56 active records, independently joined source 949$a to location_map.csv and reconstructed expected holdings/items. All plan payload arrays matched exactly: permanentLocationId and callNumber in holdings, barcode/materialTypeId/permanentLoanTypeId in items, plus existing holdings HRIDs where applicable. Independently counted 56 holdings and 56 items. Every update whose folio_instances.csv source status was `Uncataloged` had planned instance status `Cataloged`. No payload or status discrepancies were found.",56 correctly mapped holdings payloads and 56 correctly mapped item payloads; all matched Uncataloged instances were planned as Cataloged.,"Every active 949 yields holdings/item data consistent with the mapping and source values, and every matched Uncataloged instance is promoted to Cataloged.",
verifier_v6_canary,education_info__marc_remediation_folio_overlay,verifier,0,pass,c948ef0bdf8fe9ee6ec072b1769c776229b72c53bd71b99497327ca1626d649f,qa.counts.consistency,deterministic,True,pass,qa_report.json must provide the documented machine-readable counts and those counts must agree with the source records and generated artifacts.,"input/TASK_PROMPT.md line 34; input/starter_project/BUNDLE_MANIFEST.md, section “Output Schemas”","`qa_report.json`: machine-readable counts for records received, active records, duplicate suppressions, create/update actions, RDA conversions, authority replacements, and holdings/items emitted. `qa_report.json`: `records_received`, `active_records`, `duplicate_suppressions`, `update_instance_actions`, `create_instance_actions`, `rda_conversions`, `authority_replacements`, `holdings_payloads`, `item_payloads`.",supported,"input/TASK_PROMPT.md line 34 describes the required machine-readable count categories, and input/starter_project/BUNDLE_MANIFEST.md line 19 lists the nine exact qa_report.json keys.","Independent recomputation produced: records_received=64, active_records=56, duplicate_suppressions=8, update_instance_actions=28, create_instance_actions=28, rda_conversions=56, authority_replacements=112, holdings_payloads=56, item_payloads=56. qa_report.json matched this dictionary exactly. Identities also hold: 64=56+8 and 56=28+28.","QA values `[64, 56, 8, 28, 28, 56, 112, 56, 56]` in manifest-key order, all equal independently recomputed values.","All nine QA counts equal independently recomputed values; received equals active plus suppressions, and active equals creates plus updates.",
verifier_v6_canary,education_info__marc_remediation_folio_overlay,verifier,0,pass,c948ef0bdf8fe9ee6ec072b1769c776229b72c53bd71b99497327ca1626d649f,handoff.memo.content,deterministic,True,pass,"The remediation summary must be a short cataloging handoff memo that lists decisions, unresolved assumptions, and FOLIO profile names.",input/TASK_PROMPT.md line 35,"`remediation_summary.md`: short cataloging handoff memo listing decisions, unresolved assumptions, and FOLIO profile names.",supported,"input/TASK_PROMPT.md line 35 states: “`remediation_summary.md`: short cataloging handoff memo listing decisions, unresolved assumptions, and FOLIO profile names.”","The regenerated 828-byte Markdown memo is titled `Catalog Remediation Handoff` and has identifiable sections `Decisions`, `Unresolved assumptions`, and `FOLIO profiles`. It names the job, match, and action profiles and Sunflower release. Its totals—64 received, 56 retained, 8 suppressed, 28 updates, 28 creates, 56 RDA conversions, 112 authority replacements, 56 holdings, and 56 items—agree with overlay_decisions.csv and independently recomputed artifact counts.","Nonempty Markdown memo addresses all three required topics, names FOLIO profiles, and states accurate decision totals.","The memo addresses decisions, unresolved assumptions, and FOLIO profile names; any stated totals agree with generated decisions.",
verifier_v6_canary,health_medicine__crf_sdtm_mapping_1,prep_verifier,0,pass,181463f73da1eca76d750ccae4a1599e44139548fda78bdc932c6f9380fa7c7b,output.single.csv,deterministic,True,pass,The artifact must consist of exactly one file named cm_mapping.csv in the output directory and must be a CSV mapping specification rather than subject-level or XPT data.,input/task_brief.md lines 16-26; input/output_contract.json line 2,"Write exactly one CSV file:

output/cm_mapping.csv

The output must be a mapping specification only. Do not generate subject-level medication records, `CM.xpt`, `SUPPCM.xpt`, or mock patient data.",supported,"input/task_brief.md lines 16-26 states: ""Write exactly one CSV file:\n\noutput/cm_mapping.csv"" and ""The output must be a mapping specification only. Do not generate subject-level medication records, `CM.xpt`, `SUPPCM.xpt`, or mock patient data."" input/output_contract.json line 2 specifies ""output_file"": ""cm_mapping.csv"".","`find /tmp/ale-verifier-cae1bb91d08b/snapshot-0 -printf '%y %P\n'` returned one directory entry and exactly one file, `cm_mapping.csv`; the rejected-symlink receipt was empty. Python's CSV parser successfully parsed the file as one header plus 24 data rows, with no XPT or additional artifact files.","Exactly one artifact file, cm_mapping.csv; valid CSV with 24 mapping rows.",Only output/cm_mapping.csv exists and it parses successfully as CSV.,
verifier_v6_canary,health_medicine__crf_sdtm_mapping_1,prep_verifier,0,pass,181463f73da1eca76d750ccae4a1599e44139548fda78bdc932c6f9380fa7c7b,csv.schema.order,deterministic,True,pass,The CSV must contain exactly the eleven contracted columns in the specified order.,input/output_contract.json lines 3-15,"""columns"": [""crf_form"", ""crf_field_label"", ""crf_item_or_placeholder"", ""sdtm_dataset"", ""sdtm_variable"", ""role"", ""origin"", ""mapping_rule"", ""controlled_terms_or_expected_values"", ""goes_to_suppqual"", ""notes""]",supported,"input/output_contract.json lines 3-15 lists, in order: ""crf_form"", ""crf_field_label"", ""crf_item_or_placeholder"", ""sdtm_dataset"", ""sdtm_variable"", ""role"", ""origin"", ""mapping_rule"", ""controlled_terms_or_expected_values"", ""goes_to_suppqual"", and ""notes"".","CSV parsing reported header `['crf_form', 'crf_field_label', 'crf_item_or_placeholder', 'sdtm_dataset', 'sdtm_variable', 'role', 'origin', 'mapping_rule', 'controlled_terms_or_expected_values', 'goes_to_suppqual', 'notes']`, 24 data rows, and `field_counts=[11]` for every parsed record.",The header exactly matches all 11 contracted columns in order; all 24 data rows contain 11 fields.,"The parsed header exactly equals the contracted ordered list, and all data rows conform to it.",
verifier_v6_canary,health_medicine__crf_sdtm_mapping_1,prep_verifier,0,pass,181463f73da1eca76d750ccae4a1599e44139548fda78bdc932c6f9380fa7c7b,dataset.suppqual.consistency,deterministic,True,pass,Each row must use CM or SUPPCM and must set goes_to_suppqual consistently with that dataset.,input/output_contract.json lines 23-34,"""allowed_sdtm_dataset"": [""CM"", ""SUPPCM""]
""allowed_goes_to_suppqual"": [""YES"", ""NO""]
""if sdtm_dataset == CM then goes_to_suppqual must be NO""
""if sdtm_dataset == SUPPCM then goes_to_suppqual must be YES""",supported,"input/output_contract.json lines 23-34 states allowed datasets are ""CM"" and ""SUPPCM"", allowed flags are ""YES"" and ""NO"", and: ""if sdtm_dataset == CM then goes_to_suppqual must be NO"" and ""if sdtm_dataset == SUPPCM then goes_to_suppqual must be YES"".","A complete row-wise validation produced `dataset_counts=Counter({'CM': 24})`, `flag_counts=Counter({'NO': 24})`, and `dataset_flag_errors=[]`.",All 24 rows use dataset CM and flag NO; no other dataset or flag values occur.,"Every CM row has NO, every SUPPCM row has YES, and no other values occur.",
verifier_v6_canary,health_medicine__crf_sdtm_mapping_1,prep_verifier,0,pass,181463f73da1eca76d750ccae4a1599e44139548fda78bdc932c6f9380fa7c7b,mapping.composite.unique,deterministic,True,pass,Rows must be unique by the contracted composite key after the contracted whitespace normalization.,input/output_contract.json lines 16-22 and 35,"""composite_key"": [""crf_form"", ""crf_field_label"", ""crf_item_or_placeholder"", ""sdtm_dataset"", ""sdtm_variable""]
""normalization"": ""trim whitespace and collapse repeated internal whitespace before comparison""",supported,"input/output_contract.json lines 16-22 defines the composite key as `crf_form`, `crf_field_label`, `crf_item_or_placeholder`, `sdtm_dataset`, and `sdtm_variable`; line 35 states: ""trim whitespace and collapse repeated internal whitespace before comparison"".",All five key components were normalized by trimming and collapsing whitespace for all 24 rows. Python Counter output was `duplicate_normalized_keys=[]`.,24 normalized composite keys and 24 unique values; zero duplicates.,No two data rows have the same normalized composite key.,
verifier_v6_canary,health_medicine__crf_sdtm_mapping_1,prep_verifier,0,pass,181463f73da1eca76d750ccae4a1599e44139548fda78bdc932c6f9380fa7c7b,mapping.collected.only,deterministic,True,pass,"Rows must represent CRF-sourced collected fields only; derived, assigned, protocol-level, hidden dictionary-derived, and structural SUPPQUAL infrastructure items without a collected field must be omitted.","public task prompt, Canonical row and text conventions","Include one row for every collected CRF field-to-SDTM target mapping supported by the annotated CRF and define.xml; do not add purely derived, assigned, protocol-level, or structural SUPPQUAL rows without a corresponding collected field.",supported,"The public task's Canonical row and text conventions states: ""Include one row for every collected CRF field-to-SDTM target mapping supported by the annotated CRF and define.xml; do not add purely derived, assigned, protocol-level, or structural SUPPQUAL rows without a corresponding collected field.""","Deterministic `pdftotext -layout` extraction of annotated_crf.pdf pages 15, 16, 76, and 110 was compared with all CSV keys. The comparison yielded `expected_key_count 24`, `observed_key_count 24`, `missing []`, and `extra []`. The extracted pages mark category values as assigned, pre-specified fields as NOT SUBMITTED, and comparison/dictionary fields as hidden; none appears as an output row. An explicit prohibited-target scan returned `excluded_rows_by_target=[]` for STUDYID, DOMAIN, USUBJID, CMCAT, CMDECOD, CMCODE, CMENRTPT, CMENTPT, and SUPPQUAL infrastructure variables.","Every one of the 24 rows corresponds to a visible collected field/conditional collected date with a displayed CM target; no derived, assigned, hidden, protocol-level, or infrastructure-only row was found.","Every output row traces to a numbered, non-hidden collected CRF field with a displayed target annotation; no excluded non-collected or infrastructure-only row remains.",
verifier_v6_canary,health_medicine__crf_sdtm_mapping_1,prep_verifier,0,pass,181463f73da1eca76d750ccae4a1599e44139548fda78bdc932c6f9380fa7c7b,mapping.collected.complete,deterministic,True,pass,Every collected CM-form field-to-target mapping supported jointly by the annotated CRF and define.xml must appear exactly once.,"public task prompt, Canonical row and text conventions",Include one row for every collected CRF field-to-SDTM target mapping supported by the annotated CRF and define.xml,supported,"The public task's Canonical row and text conventions states: ""Include one row for every collected CRF field-to-SDTM target mapping supported by the annotated CRF and define.xml"".","Page-by-page extraction identified 8 required field-target mappings on annotated_crf.pdf page 15, 3 on page 16, 9 on page 76, and 4 on page 110, totaling 24. Comparison with the CSV produced `missing []` and `extra []`. The required targets were `CMDOSE, CMDOSFRQ, CMDOSTXT, CMDOSU, CMENDTC, CMROUTE, CMSPID, CMSTDTC, CMTRT`; XML parsing of sdtm_define.xml returned `targets_missing_from_sdtm_define []`. Define metadata also reports CRF origins and matching page references for these variables.","All 24 jointly supported mappings occur exactly once, and every required target exists in sdtm_define.xml.",There are no missing supported collected field-to-target mappings and each required normalized key occurs exactly once.,
verifier_v6_canary,health_medicine__crf_sdtm_mapping_1,prep_verifier,0,pass,181463f73da1eca76d750ccae4a1599e44139548fda78bdc932c6f9380fa7c7b,source.sample.fidelity,public_evidence,True,pass,"For the fixed public sample, form titles, field labels, placeholders, and SDTM targets must faithfully match the CRF and annotations, with bare placeholders rather than bracketed or invented text.","public task prompt, Canonical row and text conventions; input/source_documents/annotated_crf.pdf pages 15, 16, 76, and 110",Use the full descriptive form title with its short code in parentheses exactly as shown in the source metadata. Copy CRF field labels and annotated item/placeholder text verbatim. Use bare placeholder text without square brackets or invented suffixes.,supported,"The public task's Canonical row and text conventions states: ""Use the full descriptive form title with its short code in parentheses exactly as shown in the source metadata. Copy CRF field labels and annotated item/placeholder text verbatim. Use bare placeholder text without square brackets or invented suffixes."" The cited evidence is visible on annotated_crf.pdf pages 15, 16, 76, and 110.","The fixed samples were found as follows: page 15 field 1 at CSV line 2 (`CONCOMITANT MEDICATIONS - BASELINE (CONMED BSL)`, `What is the medication identifier?`, `Sponsor-Defined Identifier`, CM/CMSPID); page 110 field 1 at line 22 with the VASOPRESSORS form and CM/CMSPID; page 76 field 9 at line 20 (`Start Date:`, `Start Date`, CM/CMSTDTC); page 15 field 5 at lines 4-5 (`Dose:`, `Dose Description`, CM/CMDOSE and CM/CMDOSTXT); and page 16 field 1 at line 10 with the NON STUDY VACCINATIONS form and CM/CMSPID. Placeholders are bare, without brackets.","Every fixed sample has the source form title, field label, bare placeholder, dataset, and target annotation shown at its cited PDF page.","Every sampled collected mapping is present, and its crf_form, crf_field_label, crf_item_or_placeholder, sdtm_dataset, and sdtm_variable agree with the cited public page evidence.",
verifier_v6_canary,health_medicine__crf_sdtm_mapping_1,prep_verifier,0,pass,181463f73da1eca76d750ccae4a1599e44139548fda78bdc932c6f9380fa7c7b,text.field.specific,deterministic,True,pass,Each mapping_rule and notes value must be field-specific: the rule must explicitly name its target variable and notes must cite applicable source-form/page or metadata evidence.,"public task prompt, Canonical row and text conventions",Make every `mapping_rule` and `notes` value field-specific: explicitly name the target variable and cite the applicable source form/page or metadata evidence.,supported,"The public task's Canonical row and text conventions states: ""Make every `mapping_rule` and `notes` value field-specific: explicitly name the target variable and cite the applicable source form/page or metadata evidence.""","A complete validation of all 24 rows returned `blank_cells_rule_notes=[]` and `text_specificity_errors=[]`: every mapping_rule and notes cell is nonblank, every mapping_rule contains its row's exact `sdtm_variable` token, and every note cites a specific aCRF page (15, 16, 76, or 110), with applicable define.xml evidence additionally identified for CMENDTC.","24 of 24 rules explicitly name their targets, and 24 of 24 notes identify row-specific page or metadata evidence.",Every row has a target-naming mapping rule and an evidence-specific note identifying its form/page or metadata source.,
verifier_v6_canary,health_medicine__crf_sdtm_mapping_1,verifier,0,pass,fe5a27c20b61d17809062986190497315716e154450a00fc84d48bb266f9fa9d,output.single.csv,deterministic,True,pass,The artifact must consist of exactly one file named cm_mapping.csv in the output directory and must be a CSV mapping specification rather than subject-level or XPT data.,input/task_brief.md lines 16-26; input/output_contract.json line 2,"Write exactly one CSV file:

output/cm_mapping.csv

The output must be a mapping specification only. Do not generate subject-level medication records, `CM.xpt`, `SUPPCM.xpt`, or mock patient data.",supported,"input/task_brief.md lines 18-26: ""Write exactly one CSV file:\n\noutput/cm_mapping.csv\n\nThe output must be a mapping specification only. Do not generate subject-level\nmedication records, `CM.xpt`, `SUPPCM.xpt`, or mock patient\ndata."" input/output_contract.json line 2 specifies ""output_file"": ""cm_mapping.csv"".","Recursive listing of /tmp/ale-verifier-cae1bb91d08b/snapshot-0 returned one regular file, cm_mapping.csv, and no other files or XPT data. `file` identified it as ""CSV text""; Python's csv module parsed it successfully as 25 records including the header. The rejected-symlink receipt was empty.",Exactly one artifact file: cm_mapping.csv; valid CSV with 1 header and 24 data rows; no XPT or additional files.,Only output/cm_mapping.csv exists and it parses successfully as CSV.,
verifier_v6_canary,health_medicine__crf_sdtm_mapping_1,verifier,0,pass,fe5a27c20b61d17809062986190497315716e154450a00fc84d48bb266f9fa9d,csv.schema.order,deterministic,True,pass,The CSV must contain exactly the eleven contracted columns in the specified order.,input/output_contract.json lines 3-15,"""columns"": [""crf_form"", ""crf_field_label"", ""crf_item_or_placeholder"", ""sdtm_dataset"", ""sdtm_variable"", ""role"", ""origin"", ""mapping_rule"", ""controlled_terms_or_expected_values"", ""goes_to_suppqual"", ""notes""]",supported,"input/output_contract.json lines 3-15 gives the ordered columns: ""crf_form"", ""crf_field_label"", ""crf_item_or_placeholder"", ""sdtm_dataset"", ""sdtm_variable"", ""role"", ""origin"", ""mapping_rule"", ""controlled_terms_or_expected_values"", ""goes_to_suppqual"", ""notes"".","Python csv parsing returned header [""crf_form"", ""crf_field_label"", ""crf_item_or_placeholder"", ""sdtm_dataset"", ""sdtm_variable"", ""role"", ""origin"", ""mapping_rule"", ""controlled_terms_or_expected_values"", ""goes_to_suppqual"", ""notes""], exactly matching the contract. There are 24 data rows, and the set of parsed field counts across header and rows is [11].",Exact 11-column header in contracted order; 24 nonempty data rows; every parsed record has 11 fields.,"The parsed header exactly equals the contracted ordered list, and all data rows conform to it.",
verifier_v6_canary,health_medicine__crf_sdtm_mapping_1,verifier,0,pass,fe5a27c20b61d17809062986190497315716e154450a00fc84d48bb266f9fa9d,dataset.suppqual.consistency,deterministic,True,pass,Each row must use CM or SUPPCM and must set goes_to_suppqual consistently with that dataset.,input/output_contract.json lines 23-34,"""allowed_sdtm_dataset"": [""CM"", ""SUPPCM""]
""allowed_goes_to_suppqual"": [""YES"", ""NO""]
""if sdtm_dataset == CM then goes_to_suppqual must be NO""
""if sdtm_dataset == SUPPCM then goes_to_suppqual must be YES""",supported,"input/output_contract.json lines 23-34: allowed_sdtm_dataset is [""CM"", ""SUPPCM""], allowed_goes_to_suppqual is [""YES"", ""NO""], and the consistency rules state ""if sdtm_dataset == CM then goes_to_suppqual must be NO"" and ""if sdtm_dataset == SUPPCM then goes_to_suppqual must be YES"".",A row-by-row Python validation found zero dataset/flag errors. Counts were sdtm_dataset CM=24 and goes_to_suppqual NO=24; no other dataset or flag values occurred.,All 24 rows are CM/NO; invalid combinations: 0.,"Every CM row has NO, every SUPPCM row has YES, and no other values occur.",
verifier_v6_canary,health_medicine__crf_sdtm_mapping_1,verifier,0,pass,fe5a27c20b61d17809062986190497315716e154450a00fc84d48bb266f9fa9d,mapping.composite.unique,deterministic,True,pass,Rows must be unique by the contracted composite key after the contracted whitespace normalization.,input/output_contract.json lines 16-22 and 35,"""composite_key"": [""crf_form"", ""crf_field_label"", ""crf_item_or_placeholder"", ""sdtm_dataset"", ""sdtm_variable""]
""normalization"": ""trim whitespace and collapse repeated internal whitespace before comparison""",supported,"input/output_contract.json lines 16-22 defines composite_key as crf_form, crf_field_label, crf_item_or_placeholder, sdtm_dataset, and sdtm_variable; line 35 states ""trim whitespace and collapse repeated internal whitespace before comparison"".","After applying `' '.join(value.split())` to each of the five key components for all 24 data rows, Python Counter reported duplicate_keys [].",24 normalized composite keys and 24 distinct keys; duplicate count 0.,No two data rows have the same normalized composite key.,
verifier_v6_canary,health_medicine__crf_sdtm_mapping_1,verifier,0,pass,fe5a27c20b61d17809062986190497315716e154450a00fc84d48bb266f9fa9d,mapping.collected.only,deterministic,True,pass,"Rows must represent CRF-sourced collected fields only; derived, assigned, protocol-level, hidden dictionary-derived, and structural SUPPQUAL infrastructure items without a collected field must be omitted.","public task prompt, Canonical row and text conventions","Include one row for every collected CRF field-to-SDTM target mapping supported by the annotated CRF and define.xml; do not add purely derived, assigned, protocol-level, or structural SUPPQUAL rows without a corresponding collected field.",supported,"Public task, Canonical row and text conventions: ""Include one row for every collected CRF field-to-SDTM target mapping supported by the annotated CRF and define.xml; do not add purely derived, assigned, protocol-level, or structural SUPPQUAL rows without a corresponding collected field.""","The 24 rows contain only targets visibly attached to non-hidden collected content on annotated_crf.pdf pages 15, 16, 76, and 110: CMSPID, CMTRT, CMDOSE, CMDOSTXT, CMDOSU, CMDOSFRQ, CMROUTE, CMSTDTC, and conditional CMENDTC. sdtm_define.xml identifies each of these ItemDefs with Origin Type=""CRF"" and cites the applicable pages. No rows exist for STUDYID, DOMAIN, USUBJID, CMSEQ, assigned CMCAT/CMSCAT, hidden CMDECOD/CMCODE, derived CMENRTPT/CMENTPT, or SUPPCM infrastructure. In particular, define.xml marks CMCAT and CMSCAT Assigned and CMENRTPT and CMENTPT Derived, and those variables are absent from the CSV.","24 CRF-origin collected mappings; 0 protocol, assigned, hidden dictionary-derived, derived, or structural SUPPQUAL-only rows.",Every output row traces to a numbered/non-hidden collected CRF field or its displayed conditional collected subfield and target annotation; no excluded non-collected or infrastructure-only row remains.,
verifier_v6_canary,health_medicine__crf_sdtm_mapping_1,verifier,0,pass,fe5a27c20b61d17809062986190497315716e154450a00fc84d48bb266f9fa9d,mapping.collected.complete,deterministic,True,pass,Every collected CM-form field-to-target mapping supported jointly by the annotated CRF and define.xml must appear exactly once.,"public task prompt, Canonical row and text conventions",Include one row for every collected CRF field-to-SDTM target mapping supported by the annotated CRF and define.xml,supported,"Public task, Canonical row and text conventions: ""Include one row for every collected CRF field-to-SDTM target mapping supported by the annotated CRF and define.xml"".","Deterministic pdftotext extraction identified the four CM forms at annotated_crf.pdf pages 15, 16, 76, and 110. Intersecting displayed collected-field targets with CRF-origin CM ItemDefs in sdtm_define.xml produced 24 expected mappings: page 15 = CMSPID, CMTRT, CMDOSE, CMDOSTXT, CMDOSU, CMDOSFRQ, CMROUTE, CMSTDTC (8); page 16 = CMSPID, CMTRT, CMSTDTC (3); page 76 = CMSPID, CMTRT, CMDOSE, CMDOSTXT, CMDOSU, CMDOSFRQ, CMROUTE, CMSTDTC, CMENDTC (9); page 110 = CMSPID, CMTRT, CMSTDTC, CMENDTC (4). Per-form comparison against the CSV matched all four target lists exactly, and normalized composite-key checking showed each occurs once.",Expected supported mappings: 24 (8+3+9+4); observed: 24 with exact per-form target-list matches; missing 0; duplicates 0.,There are no missing supported collected field-to-target mappings and each required normalized key occurs exactly once.,
verifier_v6_canary,health_medicine__crf_sdtm_mapping_1,verifier,0,pass,fe5a27c20b61d17809062986190497315716e154450a00fc84d48bb266f9fa9d,source.sample.fidelity,public_evidence,True,pass,"For the fixed public sample, form titles, field labels, placeholders, and SDTM targets must faithfully match the CRF and annotations, with bare placeholders rather than bracketed or invented text.","public task prompt, Canonical row and text conventions; input/source_documents/annotated_crf.pdf pages 15, 16, 76, and 110",Use the full descriptive form title with its short code in parentheses exactly as shown in the source metadata. Copy CRF field labels and annotated item/placeholder text verbatim. Use bare placeholder text without square brackets or invented suffixes.,supported,"Public task, Canonical row and text conventions: ""Use the full descriptive form title with its short code in parentheses exactly as shown in the source metadata. Copy CRF field labels and annotated item/placeholder text verbatim. Use bare placeholder text without square brackets or invented suffixes."" The cited evidence is visible on annotated_crf.pdf pages 15, 16, 76, and 110.","Fixed-locator comparison found: page 15 field 1 at CSV row 2 = CONCOMITANT MEDICATIONS - BASELINE (CONMED BSL) / What is the medication identifier? / Sponsor-Defined Identifier / CM / CMSPID; page 110 field 1 at row 22 = CONCOMITANT MEDICATIONS - VASOPRESSORS (VASOPRESS) with the same field/placeholder/target; page 76 field 9 at row 20 = CONCOMITANT MEDICATIONS - PROHIBITED (PROHIB CM) / Start Date: / Start Date / CM / CMSTDTC; page 15 field 5 appears at rows 4-5 as Dose: / Dose Description mapped to CMDOSE and CMDOSTXT; page 16 field 1 at row 10 = CONCOMITANT MEDICATIONS - NON STUDY VACCINATIONS (CONMED VAX) / What is the medication identifier? / Sponsor-Defined Identifier / CM / CMSPID. All placeholders are bare, without brackets or invented suffixes.","All five fixed samples are present with matching full form titles, labels, bare placeholders, datasets, and displayed targets; page 15 field 5 correctly has both displayed targets.","Every sampled collected mapping is present, and its crf_form, crf_field_label, crf_item_or_placeholder, sdtm_dataset, and sdtm_variable agree with the cited public page evidence.",
verifier_v6_canary,health_medicine__crf_sdtm_mapping_1,verifier,0,pass,fe5a27c20b61d17809062986190497315716e154450a00fc84d48bb266f9fa9d,text.field.specific,deterministic,True,pass,Each mapping_rule and notes value must be field-specific: the rule must explicitly name its target variable and notes must cite applicable source-form/page or metadata evidence.,"public task prompt, Canonical row and text conventions",Make every `mapping_rule` and `notes` value field-specific: explicitly name the target variable and cite the applicable source form/page or metadata evidence.,supported,"Public task, Canonical row and text conventions: ""Make every `mapping_rule` and `notes` value field-specific: explicitly name the target variable and cite the applicable source form/page or metadata evidence.""","A row-by-row CSV check found zero blank mapping_rule values, zero blank notes values, and zero rows where the exact sdtm_variable token was absent from mapping_rule. Each note names its applicable aCRF page (15, 16, 76, or 110), full form title, target, and SDTM define.xml evidence; for example row 2 names CMSPID in its rule and cites aCRF page 15, the baseline form, and the CMSPID define.xml metadata.",24/24 rules are nonblank and explicitly contain their target token; 24/24 notes are nonblank and identify row-specific form/page and define.xml evidence.,Every row has a target-naming mapping rule and an evidence-specific note identifying its form/page or metadata source.,
verifier_v6_canary,health_medicine__ct_geometry_calibration_catphan,prep_verifier,0,fail,2aa35fd450cc7846ebb70e667c2a9671d8e964dfedc9cbdee1ea71d1a9723dc5,outputs.required.files,deterministic,True,pass,Both requested output files must exist at the specified paths; the parameter file must parse as JSON and the reconstruction file must load as a NumPy array.,"task prompt, Steps 5 and Output section",Save the final calibrated parameters to `/media/user/data/agenthle/health_medicine/ct_geometry_calibration_catphan/instance_1/output/geometry_calibrated.json` and the final reconstructed image to `/media/user/data/agenthle/health_medicine/ct_geometry_calibration_catphan/instance_1/output/reconstructed_calibrated.npy`.,supported,"Task prompt, Steps 5 and Output section: ""Save the final calibrated parameters to `/media/user/data/agenthle/health_medicine/ct_geometry_calibration_catphan/instance_1/output/geometry_calibrated.json` and the final reconstructed image to `/media/user/data/agenthle/health_medicine/ct_geometry_calibration_catphan/instance_1/output/reconstructed_calibrated.npy`.""","In artifact snapshot `/tmp/ale-verifier-6813f2ee0f74/snapshot-0`, `geometry_calibrated.json` and `reconstructed_calibrated.npy` are regular files of 473 and 1048704 bytes, respectively. Python `json.load` parsed the former as a top-level dict, and `numpy.load(..., allow_pickle=False)` loaded the latter as a float32 array with shape (512, 512). The rejected-symlink receipt was empty.",Both required regular files exist in the snapshot; JSON parsing and non-pickle NumPy loading succeeded.,"Both files exist, JSON parsing succeeds, and NumPy loading succeeds.",
verifier_v6_canary,health_medicine__ct_geometry_calibration_catphan,prep_verifier,0,fail,2aa35fd450cc7846ebb70e667c2a9671d8e964dfedc9cbdee1ea71d1a9723dc5,geometry.required.parameters,public_evidence,True,pass,"The calibrated-parameter JSON must report finite numeric values identifiable as SAD, SDD, and detector offset; it may also report other relevant geometry parameters.","task prompt, Your Task goal paragraph","Your goal is to find the correct geometry parameters (SAD, SDD, detector offset, and any other relevant geometric parameters)",supported,"Task prompt, Your Task goal paragraph: ""Your goal is to find the correct geometry parameters (SAD, SDD, detector offset, and any other relevant geometric parameters)""","Parsed top-level JSON contains unambiguous finite numeric fields: `SAD` = 785.0, `SDD` = 1216.0, and `detector_offset_mm` = -1.975. It also contains `detector_offset_pixels` = -1.975 and optional additional geometry fields.",SAD=785.0; SDD=1216.0; detector_offset_mm=-1.975; all are finite JSON numbers.,"A nonempty JSON object unambiguously contains finite numeric calibrated SAD, SDD, and detector-offset values.",
verifier_v6_canary,health_medicine__ct_geometry_calibration_catphan,prep_verifier,0,fail,2aa35fd450cc7846ebb70e667c2a9671d8e964dfedc9cbdee1ea71d1a9723dc5,reconstruction.mse.threshold,deterministic,True,pass,The final reconstruction must have unnormalized MSE no greater than 4e-6 relative to the public reference image.,"task prompt, Steps 4 and Important Constraints","SSIM >= 0.95 and unnormalized MSE <= 4e-6 relative to `reference_image.npy`.
Unnormalized MSE = mean((ref - recon)**2)",supported,"Task prompt, Steps 4 and Important Constraints: ""SSIM >= 0.95 and unnormalized MSE <= 4e-6 relative to `reference_image.npy`."" and ""Unnormalized MSE = mean((ref - recon)**2)""","Loaded public `input/reference_image.npy` and snapshot `reconstructed_calibrated.npy` with `allow_pickle=False`. Both have shape (512, 512), dtype float32, and finite values. Computing `mean((ref.astype(float64) - recon.astype(float64))**2)` produced 1.0629872190632938e-06.",Identical shapes; reconstruction finite; MSE=0.0000010629872190632938.,"Identical shapes, finite reconstruction values, and MSE <= 0.000004.",
verifier_v6_canary,health_medicine__ct_geometry_calibration_catphan,prep_verifier,0,fail,2aa35fd450cc7846ebb70e667c2a9671d8e964dfedc9cbdee1ea71d1a9723dc5,reconstruction.ssim.threshold,deterministic,True,fail,"The final reconstruction must achieve SSIM of at least 0.95 relative to the public reference image, using skimage.metrics.structural_similarity.","task prompt, Steps 4 and Important Constraints","SSIM >= 0.95
SSIM is computed via `skimage.metrics.structural_similarity`",supported,"Task prompt, Steps 4 and Important Constraints: ""SSIM >= 0.95"" and ""SSIM is computed via `skimage.metrics.structural_similarity`""","Using the canonical task Python, `skimage.metrics.structural_similarity(ref, recon, data_range=max(ref)-min(ref))` was run on the unscaled float32 arrays. Reference range was 0.06407904624938965 (min 0.0, max 0.06407904624938965); the result was SSIM=0.902415656527251. Arrays had identical (512, 512) shapes and finite values.",SSIM=0.902415656527251.,Finite SSIM >= 0.95.,Recalibrate the geometry and regenerate `reconstructed_calibrated.npy` until the specified structural_similarity computation reaches at least 0.95; the current result is approximately 0.0475843 below the threshold.
verifier_v6_canary,health_medicine__ct_geometry_calibration_catphan,prep_verifier,0,fail,2aa35fd450cc7846ebb70e667c2a9671d8e964dfedc9cbdee1ea71d1a9723dc5,inputs.remain.unmodified,deterministic,True,pass,Files under the public input directory must remain unmodified.,"task prompt, Important Constraints",Do not modify files under `/media/user/data/agenthle/health_medicine/ct_geometry_calibration_catphan/instance_1/input`,supported,"Task prompt, Important Constraints: ""Do not modify files under `/media/user/data/agenthle/health_medicine/ct_geometry_calibration_catphan/instance_1/input`""",Recomputed SHA-256 values with `sha256sum`: `reconstruct.py`=b9ff0e4ceea5df3f3c810688a9de84411853e80c53578eb0302f4e801fc7a65b; `sinogram.npy`=af66c7bf23e65e41aa3b6e0f8732e15be1fe10434ab5ac9526062fe7fac0160e; `reference_image.npy`=c12f859ab1a0e8a44d87bb4c1bdeb5ae6cb6cee25ffb75983684786977f6ad94. Each exactly matches its pre-solver public hash in the fixed spec.,All three current input-file SHA-256 hashes exactly match the registered hashes.,reconstruct.py=b9ff0e4ceea5df3f3c810688a9de84411853e80c53578eb0302f4e801fc7a65b; sinogram.npy=af66c7bf23e65e41aa3b6e0f8732e15be1fe10434ab5ac9526062fe7fac0160e; reference_image.npy=c12f859ab1a0e8a44d87bb4c1bdeb5ae6cb6cee25ffb75983684786977f6ad94.,
verifier_v6_canary,health_medicine__ct_geometry_calibration_catphan,prep_verifier,1,pass,91c53b41cd352750f9f76c64a8dad3595d2c03f7d51500a3b395abf7d51522f2,outputs.required.files,deterministic,True,pass,Both requested output files must exist at the specified paths; the parameter file must parse as JSON and the reconstruction file must load as a NumPy array.,"task prompt, Steps 5 and Output section",Save the final calibrated parameters to `/media/user/data/agenthle/health_medicine/ct_geometry_calibration_catphan/instance_1/output/geometry_calibrated.json` and the final reconstructed image to `/media/user/data/agenthle/health_medicine/ct_geometry_calibration_catphan/instance_1/output/reconstructed_calibrated.npy`.,supported,"Task prompt, Steps 5: ""Save the final calibrated parameters to `/media/user/data/agenthle/health_medicine/ct_geometry_calibration_catphan/instance_1/output/geometry_calibrated.json` and the final reconstructed image to `/media/user/data/agenthle/health_medicine/ct_geometry_calibration_catphan/instance_1/output/reconstructed_calibrated.npy`.""","Snapshot inspection found regular, non-symlink files `/tmp/ale-verifier-6813f2ee0f74/snapshot-1/geometry_calibrated.json` (572 bytes) and `/tmp/ale-verifier-6813f2ee0f74/snapshot-1/reconstructed_calibrated.npy` (1,048,704 bytes). Python's standards-compliant JSON parser loaded the first as a dict with nonstandard constants rejected, and `numpy.load(..., allow_pickle=False)` loaded the second as a float32 array of shape (512, 512). The rejected-symlink receipt was empty.",Both requested files are regular files; JSON parsing and NumPy loading succeeded.,"Both files exist, JSON parsing succeeds, and NumPy loading succeeds.",
verifier_v6_canary,health_medicine__ct_geometry_calibration_catphan,prep_verifier,1,pass,91c53b41cd352750f9f76c64a8dad3595d2c03f7d51500a3b395abf7d51522f2,geometry.required.parameters,public_evidence,True,pass,"The calibrated-parameter JSON must report finite numeric values identifiable as SAD, SDD, and detector offset; it may also report other relevant geometry parameters.","task prompt, Your Task goal paragraph","Your goal is to find the correct geometry parameters (SAD, SDD, detector offset, and any other relevant geometric parameters)",supported,"Task prompt, Your Task goal paragraph: ""Your goal is to find the correct geometry parameters (SAD, SDD, detector offset, and any other relevant geometric parameters)"".","Parsed top-level JSON object contains unambiguous finite numeric fields: `SAD` = 786.0, `SDD` = 1217.5, `detector_offset_mm` = -1.975, and `detector_offset_pixels` = -1.975. Python `math.isfinite` returned true for each value.",SAD=786.0; SDD=1217.5; detector offset=-1.975 mm (-1.975 pixels); all are finite numeric values.,"A nonempty JSON object unambiguously contains finite numeric calibrated SAD, SDD, and detector-offset values.",
verifier_v6_canary,health_medicine__ct_geometry_calibration_catphan,prep_verifier,1,pass,91c53b41cd352750f9f76c64a8dad3595d2c03f7d51500a3b395abf7d51522f2,reconstruction.mse.threshold,deterministic,True,pass,The final reconstruction must have unnormalized MSE no greater than 4e-6 relative to the public reference image.,"task prompt, Steps 4 and Important Constraints","SSIM >= 0.95 and unnormalized MSE <= 4e-6 relative to `reference_image.npy`.
Unnormalized MSE = mean((ref - recon)**2)",supported,"Task prompt, Step 4 and Important Constraints: ""SSIM >= 0.95 and unnormalized MSE <= 4e-6 relative to `reference_image.npy`."" and ""Unnormalized MSE = mean((ref - recon)**2)"".","Loaded public `input/reference_image.npy` and snapshot `reconstructed_calibrated.npy` with `allow_pickle=False`. Both arrays have shape (512, 512), and all reconstruction values are finite. Computing `mean((ref.astype(float64) - recon.astype(float64))**2)` produced 4.879024285856583e-07.","Shape match: (512, 512); reconstruction finite: true; unnormalized MSE=4.879024285856583e-07.","Identical shapes, finite reconstruction values, and MSE <= 0.000004.",
verifier_v6_canary,health_medicine__ct_geometry_calibration_catphan,prep_verifier,1,pass,91c53b41cd352750f9f76c64a8dad3595d2c03f7d51500a3b395abf7d51522f2,reconstruction.ssim.threshold,deterministic,True,pass,"The final reconstruction must achieve SSIM of at least 0.95 relative to the public reference image, using skimage.metrics.structural_similarity.","task prompt, Steps 4 and Important Constraints","SSIM >= 0.95
SSIM is computed via `skimage.metrics.structural_similarity`",supported,"Task prompt, Step 4 and Important Constraints: ""SSIM >= 0.95"" and ""SSIM is computed via `skimage.metrics.structural_similarity`"".","The reference and reconstruction both have shape (512, 512) and finite values. Reference min=0.0 and max=0.06407904624938965, giving `data_range`=0.06407904624938965. `skimage.metrics.structural_similarity(ref, recon, data_range=0.06407904624938965)` returned 0.9550418606444582.",SSIM=0.9550418606444582.,Finite SSIM >= 0.95.,
verifier_v6_canary,health_medicine__ct_geometry_calibration_catphan,prep_verifier,1,pass,91c53b41cd352750f9f76c64a8dad3595d2c03f7d51500a3b395abf7d51522f2,inputs.remain.unmodified,deterministic,True,pass,Files under the public input directory must remain unmodified.,"task prompt, Important Constraints",Do not modify files under `/media/user/data/agenthle/health_medicine/ct_geometry_calibration_catphan/instance_1/input`,supported,"Task prompt, Important Constraints: ""Do not modify files under `/media/user/data/agenthle/health_medicine/ct_geometry_calibration_catphan/instance_1/input`"".",Recomputed SHA-256 values using `sha256sum`: `reconstruct.py`=b9ff0e4ceea5df3f3c810688a9de84411853e80c53578eb0302f4e801fc7a65b; `sinogram.npy`=af66c7bf23e65e41aa3b6e0f8732e15be1fe10434ab5ac9526062fe7fac0160e; `reference_image.npy`=c12f859ab1a0e8a44d87bb4c1bdeb5ae6cb6cee25ffb75983684786977f6ad94. Each exactly matches its pre-solver public hash from the fixed spec.,All three current input hashes exactly equal the registered hashes.,reconstruct.py=b9ff0e4ceea5df3f3c810688a9de84411853e80c53578eb0302f4e801fc7a65b; sinogram.npy=af66c7bf23e65e41aa3b6e0f8732e15be1fe10434ab5ac9526062fe7fac0160e; reference_image.npy=c12f859ab1a0e8a44d87bb4c1bdeb5ae6cb6cee25ffb75983684786977f6ad94.,
verifier_v6_canary,health_medicine__ct_geometry_calibration_catphan,verifier,0,fail,a9a94a129f8e6d039b33c75b8e95ca499de7cbce463720a61d401a4931f2ba08,outputs.required.files,deterministic,True,pass,Both requested output files must exist at the specified paths; the parameter file must parse as JSON and the reconstruction file must load as a NumPy array.,"task prompt, Steps 5 and Output section",Save the final calibrated parameters to `/media/user/data/agenthle/health_medicine/ct_geometry_calibration_catphan/instance_1/output/geometry_calibrated.json` and the final reconstructed image to `/media/user/data/agenthle/health_medicine/ct_geometry_calibration_catphan/instance_1/output/reconstructed_calibrated.npy`.,supported,"Task prompt, Step 5: ""Save the final calibrated parameters to `/media/user/data/agenthle/health_medicine/ct_geometry_calibration_catphan/instance_1/output/geometry_calibrated.json` and the final reconstructed image to `/media/user/data/agenthle/health_medicine/ct_geometry_calibration_catphan/instance_1/output/reconstructed_calibrated.npy`.""","Snapshot contains both regular files: geometry_calibrated.json (273 bytes, mode 0444) and reconstructed_calibrated.npy (1,048,704 bytes, mode 0444). Python json.load parsed the former as a dict, and numpy.load(..., allow_pickle=False) loaded the latter as a float32 array. Their SHA-256 hashes match the corresponding public output paths: JSON b4d986099fb7b89ba2e0d5a495ced304b2bc390e4967857240c2d86eeb20d123; NPY 4cfe89f92d375bba17cbb0ae0f0d6f40a00c68f8cb564642a687f140f68d0968.",Both required regular files exist and parse/load successfully.,"Both files exist, JSON parsing succeeds, and NumPy loading succeeds.",
verifier_v6_canary,health_medicine__ct_geometry_calibration_catphan,verifier,0,fail,a9a94a129f8e6d039b33c75b8e95ca499de7cbce463720a61d401a4931f2ba08,geometry.required.parameters,public_evidence,True,pass,"The calibrated-parameter JSON must report finite numeric values identifiable as SAD, SDD, and detector offset; it may also report other relevant geometry parameters.","task prompt, Your Task goal paragraph","Your goal is to find the correct geometry parameters (SAD, SDD, detector offset, and any other relevant geometric parameters)",supported,"Task prompt, Your Task goal paragraph: ""Your goal is to find the correct geometry parameters (SAD, SDD, detector offset, and any other relevant geometric parameters)"".","Parsed top-level JSON object contains unambiguous finite numeric fields: ""SAD"": 786.2323235058035, ""SDD"": 1217.847817861403, and ""detector_offset"": -1.98718426545566. It also identifies detector_offset_units as ""mm"".",SAD=786.2323235058035; SDD=1217.847817861403; detector_offset=-1.98718426545566 mm; all are finite JSON numbers.,"A nonempty JSON object unambiguously contains finite numeric calibrated SAD, SDD, and detector-offset values.",
verifier_v6_canary,health_medicine__ct_geometry_calibration_catphan,verifier,0,fail,a9a94a129f8e6d039b33c75b8e95ca499de7cbce463720a61d401a4931f2ba08,reconstruction.mse.threshold,deterministic,True,pass,The final reconstruction must have unnormalized MSE no greater than 4e-6 relative to the public reference image.,"task prompt, Steps 4 and Important Constraints","SSIM >= 0.95 and unnormalized MSE <= 4e-6 relative to `reference_image.npy`.
Unnormalized MSE = mean((ref - recon)**2)",supported,"Task prompt, Step 4: ""SSIM >= 0.95 and unnormalized MSE <= 4e-6 relative to `reference_image.npy`."" Important Constraints: ""Unnormalized MSE = mean((ref - recon)**2)"".","Loaded reference_image.npy and snapshot reconstructed_calibrated.npy with allow_pickle=False. Both have shape (512, 512); reconstruction dtype is float32 and all its values are finite. Direct float64 computation mean((ref.astype(float64)-recon.astype(float64))**2) returned 1.0533713509602327e-06.","Shape=(512,512) for both arrays; reconstruction finite=true; unnormalized MSE=0.0000010533713509602327.","Identical shapes, finite reconstruction values, and MSE <= 0.000004.",
verifier_v6_canary,health_medicine__ct_geometry_calibration_catphan,verifier,0,fail,a9a94a129f8e6d039b33c75b8e95ca499de7cbce463720a61d401a4931f2ba08,reconstruction.ssim.threshold,deterministic,True,fail,"The final reconstruction must achieve SSIM of at least 0.95 relative to the public reference image, using skimage.metrics.structural_similarity.","task prompt, Steps 4 and Important Constraints","SSIM >= 0.95
SSIM is computed via `skimage.metrics.structural_similarity`",supported,"Task prompt, Step 4: ""SSIM >= 0.95"". Important Constraints: ""SSIM is computed via `skimage.metrics.structural_similarity`"".","Using skimage.metrics.structural_similarity(reference, reconstruction, data_range=max(reference)-min(reference)) without rescaling returned 0.9033013158705039. Both arrays have shape (512,512), all reconstruction values are finite, and the reference data range used was 0.06407904624938965.",SSIM=0.9033013158705039.,Finite SSIM >= 0.95.,Further calibrate the geometry and regenerate reconstructed_calibrated.npy until the specified structural_similarity computation reaches at least 0.95.
verifier_v6_canary,health_medicine__ct_geometry_calibration_catphan,verifier,0,fail,a9a94a129f8e6d039b33c75b8e95ca499de7cbce463720a61d401a4931f2ba08,inputs.remain.unmodified,deterministic,True,pass,Files under the public input directory must remain unmodified.,"task prompt, Important Constraints",Do not modify files under `/media/user/data/agenthle/health_medicine/ct_geometry_calibration_catphan/instance_1/input`,supported,"Task prompt, Important Constraints: ""Do not modify files under `/media/user/data/agenthle/health_medicine/ct_geometry_calibration_catphan/instance_1/input`"".",Recomputed SHA-256 hashes at the public input paths: reconstruct.py=b9ff0e4ceea5df3f3c810688a9de84411853e80c53578eb0302f4e801fc7a65b; sinogram.npy=af66c7bf23e65e41aa3b6e0f8732e15be1fe10434ab5ac9526062fe7fac0160e; reference_image.npy=c12f859ab1a0e8a44d87bb4c1bdeb5ae6cb6cee25ffb75983684786977f6ad94. Every recomputed hash exactly matches the pre-solver hash in the fixed specification.,All three current SHA-256 hashes equal their registered pre-solver values.,reconstruct.py=b9ff0e4ceea5df3f3c810688a9de84411853e80c53578eb0302f4e801fc7a65b; sinogram.npy=af66c7bf23e65e41aa3b6e0f8732e15be1fe10434ab5ac9526062fe7fac0160e; reference_image.npy=c12f859ab1a0e8a44d87bb4c1bdeb5ae6cb6cee25ffb75983684786977f6ad94.,
verifier_v6_canary,health_medicine__ct_geometry_calibration_catphan,verifier,1,pass,865cb4a44665110599e100848d9fc7c52e4f0a6d45ddb1027427ecab68ad4d5e,outputs.required.files,deterministic,True,pass,Both requested output files must exist at the specified paths; the parameter file must parse as JSON and the reconstruction file must load as a NumPy array.,"task prompt, Steps 5 and Output section",Save the final calibrated parameters to `/media/user/data/agenthle/health_medicine/ct_geometry_calibration_catphan/instance_1/output/geometry_calibrated.json` and the final reconstructed image to `/media/user/data/agenthle/health_medicine/ct_geometry_calibration_catphan/instance_1/output/reconstructed_calibrated.npy`.,supported,"Task prompt, Steps 5: ""Save the final calibrated parameters to `/media/user/data/agenthle/health_medicine/ct_geometry_calibration_catphan/instance_1/output/geometry_calibrated.json` and the final reconstructed image to `/media/user/data/agenthle/health_medicine/ct_geometry_calibration_catphan/instance_1/output/reconstructed_calibrated.npy`.""","In the immutable snapshot, `stat` identified `geometry_calibrated.json` and `reconstructed_calibrated.npy` as regular files. Their sizes are 407 and 1,048,704 bytes, respectively. Python `json.load` parsed the first as a dict, and `numpy.load(..., allow_pickle=False)` loaded the second as a float32 array with shape (512, 512). The rejected-symlink receipt was empty.",Both required regular files exist in the snapshot; JSON parsing and non-pickle NumPy loading succeeded.,"Both files exist, JSON parsing succeeds, and NumPy loading succeeds.",
verifier_v6_canary,health_medicine__ct_geometry_calibration_catphan,verifier,1,pass,865cb4a44665110599e100848d9fc7c52e4f0a6d45ddb1027427ecab68ad4d5e,geometry.required.parameters,public_evidence,True,pass,"The calibrated-parameter JSON must report finite numeric values identifiable as SAD, SDD, and detector offset; it may also report other relevant geometry parameters.","task prompt, Your Task goal paragraph","Your goal is to find the correct geometry parameters (SAD, SDD, detector offset, and any other relevant geometric parameters)",supported,"Task prompt, Your Task goal paragraph: ""Your goal is to find the correct geometry parameters (SAD, SDD, detector offset, and any other relevant geometric parameters)"".","`geometry_calibrated.json` is a nonempty top-level object. Direct inspection and `math.isfinite` checks found `SAD` = 786.2323235058035, `SDD` = 1217.847817861403, and `detector_offset` = -1.98718426545566; all three are JSON numeric values and finite. The file also identifies detector-offset units as `mm`.","Finite numeric SAD=786.2323235058035, SDD=1217.847817861403, detector_offset=-1.98718426545566.","A nonempty JSON object unambiguously contains finite numeric calibrated SAD, SDD, and detector-offset values.",
verifier_v6_canary,health_medicine__ct_geometry_calibration_catphan,verifier,1,pass,865cb4a44665110599e100848d9fc7c52e4f0a6d45ddb1027427ecab68ad4d5e,reconstruction.mse.threshold,deterministic,True,pass,The final reconstruction must have unnormalized MSE no greater than 4e-6 relative to the public reference image.,"task prompt, Steps 4 and Important Constraints","SSIM >= 0.95 and unnormalized MSE <= 4e-6 relative to `reference_image.npy`.
Unnormalized MSE = mean((ref - recon)**2)",supported,"Task prompt, Step 4 and Important Constraints: ""SSIM >= 0.95 and unnormalized MSE <= 4e-6 relative to `reference_image.npy`."" and ""Unnormalized MSE = mean((ref - recon)**2)"".","Loaded the public `input/reference_image.npy` and snapshot `reconstructed_calibrated.npy` with `allow_pickle=False`. Both have shape (512, 512), the reconstruction contains only finite values, and `mean((ref.astype(float64) - recon.astype(float64))**2)` returned 0.0.",Shape equality: true; reconstruction finite: true; unnormalized MSE: 0.0.,"Identical shapes, all reconstruction values finite, and MSE <= 0.000004.",
verifier_v6_canary,health_medicine__ct_geometry_calibration_catphan,verifier,1,pass,865cb4a44665110599e100848d9fc7c52e4f0a6d45ddb1027427ecab68ad4d5e,reconstruction.ssim.threshold,deterministic,True,pass,"The final reconstruction must achieve SSIM of at least 0.95 relative to the public reference image, using skimage.metrics.structural_similarity.","task prompt, Steps 4 and Important Constraints","SSIM >= 0.95
SSIM is computed via `skimage.metrics.structural_similarity`",supported,"Task prompt, Step 4 and Important Constraints: ""SSIM >= 0.95"" and ""SSIM is computed via `skimage.metrics.structural_similarity`"".","Using the canonical task Python entry point, `skimage.metrics.structural_similarity(ref, recon, data_range=float(ref.max()-ref.min()))` returned 1.0. The reference data range was 0.06407904624938965; arrays had identical (512, 512) shapes and finite values.",SSIM=1.0 with data_range=0.06407904624938965.,A finite structural_similarity result >= 0.95.,
verifier_v6_canary,health_medicine__ct_geometry_calibration_catphan,verifier,1,pass,865cb4a44665110599e100848d9fc7c52e4f0a6d45ddb1027427ecab68ad4d5e,inputs.remain.unmodified,deterministic,True,pass,Files under the public input directory must remain unmodified.,"task prompt, Important Constraints",Do not modify files under `/media/user/data/agenthle/health_medicine/ct_geometry_calibration_catphan/instance_1/input`,supported,"Task prompt, Important Constraints: ""Do not modify files under `/media/user/data/agenthle/health_medicine/ct_geometry_calibration_catphan/instance_1/input`"".",`sha256sum` on the public input files returned: reconstruct.py=b9ff0e4ceea5df3f3c810688a9de84411853e80c53578eb0302f4e801fc7a65b; sinogram.npy=af66c7bf23e65e41aa3b6e0f8732e15be1fe10434ab5ac9526062fe7fac0160e; reference_image.npy=c12f859ab1a0e8a44d87bb4c1bdeb5ae6cb6cee25ffb75983684786977f6ad94. Each exactly matches its pre-solver public hash in the fixed spec.,All three current SHA-256 hashes exactly equal the registered hashes.,reconstruct.py=b9ff0e4ceea5df3f3c810688a9de84411853e80c53578eb0302f4e801fc7a65b; sinogram.npy=af66c7bf23e65e41aa3b6e0f8732e15be1fe10434ab5ac9526062fe7fac0160e; reference_image.npy=c12f859ab1a0e8a44d87bb4c1bdeb5ae6cb6cee25ffb75983684786977f6ad94.,
verifier_v6_canary,health_medicine__flusight_offline_hosp_forecast_2024_12_14,prep_verifier,0,unverifiable,f1b01eb463b86084ba3bc6199280ca2cbbc3b6a2e94d8815f9e042bffb0945af,artifact.only_submission,deterministic,True,pass,The writable output directory must contain only the final file named submission.csv.,"public task prompt, Rules and What you must do item 3",Write only the required `submission.csv` into the writable output directory.,supported,"Public task, Rules: ""Write only the required `submission.csv` into the writable output directory.""","Recursive enumeration of /tmp/ale-verifier-d20324b82737/snapshot-0 returned one regular file, submission.csv, and no other files. The rejected-symlink receipt has size 0 bytes.",Exactly one artifact file: submission.csv.,"Exactly one file exists under output/, and its basename is submission.csv.",
verifier_v6_canary,health_medicine__flusight_offline_hosp_forecast_2024_12_14,prep_verifier,0,unverifiable,f1b01eb463b86084ba3bc6199280ca2cbbc3b6a2e94d8815f9e042bffb0945af,csv.required_shape,deterministic,True,unverifiable,submission.csv must have exactly 212 data rows and the eight required columns in the specified order.,input/output_contract.json keys columns and row_count,"""row_count"": 212,
  ""reference_date"": ""2024-12-14""",missing,"The registered source_quote appears at input/output_contract.json lines 13-14: ""\""row_count\"": 212,\n  \""reference_date\"": \""2024-12-14\"""". It supports the 212-row requirement but does not state or directly support the required eight columns or their order; therefore the source_quote does not support the full stated requirement. Separately, lines 3-11 contain the column list, but those words are absent from the registered source_quote.","Source mismatch requires an unverifiable result. For context only, parsing submission.csv produced 213 records including the header, 212 data rows, eight fields in every record, and header ['reference_date', 'location', 'location_name', 'horizon', 'target_end_date', 'point', 'lower_95', 'upper_95']. These observations cannot convert the criterion to pass because its registered source_quote is insufficient.","212 data rows, 8 fields in every row, and the expected ordered header, but the full requirement is not directly supported by its source_quote.","The CSV parses without malformed rows, has the exact ordered header, and contains exactly 212 data rows.",
verifier_v6_canary,health_medicine__flusight_offline_hosp_forecast_2024_12_14,prep_verifier,0,unverifiable,f1b01eb463b86084ba3bc6199280ca2cbbc3b6a2e94d8815f9e042bffb0945af,csv.template_rows,deterministic,True,pass,"Every required location and horizon pair must occur exactly once, with its staged template metadata retained.",input/output_contract.json constraints; input/TASK_INSTRUCTIONS.md lines 25-30,"""row key set must match forecast_output_template.csv exactly""
Write your final answer as a CSV matching `forecast_output_template.csv`.",supported,"input/output_contract.json line 85: ""row key set must match forecast_output_template.csv exactly"". input/TASK_INSTRUCTIONS.md line 26: ""Write your final answer as a CSV matching `forecast_output_template.csv`.""","A string-based CSV comparison found 212 submission rows and 212 template rows; both had 212 unique (location, horizon) keys. Duplicate submission keys: 0; missing keys: 0; extra keys: 0. Comparing reference_date, location, location_name, horizon, and target_end_date for every matching key found 0 metadata mismatches.","All 212 template keys occur exactly once, with zero differences across the five non-forecast fields.","All 212 template keys occur once and only once, with all five non-forecast fields unchanged from the template.",
verifier_v6_canary,health_medicine__flusight_offline_hosp_forecast_2024_12_14,prep_verifier,0,unverifiable,f1b01eb463b86084ba3bc6199280ca2cbbc3b6a2e94d8815f9e042bffb0945af,forecast.integer_interval,deterministic,True,pass,"Each point forecast and interval endpoint must be a non-negative integer, with the point lying within the interval.",input/TASK_INSTRUCTIONS.md lines 30-38,"All three values must be non-negative integers and should satisfy:

- `lower_95 <= point <= upper_95`",supported,"input/TASK_INSTRUCTIONS.md lines 36-38: ""All three values must be non-negative integers and should satisfy:\n\n- `lower_95 <= point <= upper_95`""","Checked all 636 point, lower_95, and upper_95 cells against the base-10 pattern ^[0-9]+$: 0 empty or invalid integer cells. After integer parsing, 0 of 212 rows violated lower_95 <= point <= upper_95.",636/636 forecast cells are non-negative integer strings; 212/212 intervals contain their point forecast.,All 636 forecast cells are non-negative integers and every row satisfies lower_95 <= point <= upper_95.,
verifier_v6_canary,health_medicine__flusight_offline_hosp_forecast_2024_12_14,prep_verifier,0,unverifiable,f1b01eb463b86084ba3bc6199280ca2cbbc3b6a2e94d8815f9e042bffb0945af,forecast.hidden_accuracy,unverifiable,False,unverifiable,"Forecasts are intended to minimize mean 95% weighted interval score against finalized future values, excluding the aggregate US row.",input/TASK_INSTRUCTIONS.md lines 40-47 and 52,"Primary ranking metric:
- **Mean 95% weighted interval score (WIS)** over all scored rows **excluding the aggregate US row**.
The hidden evaluator uses finalized future values for the four target weeks.",supported,"input/TASK_INSTRUCTIONS.md lines 42-43: ""Primary ranking metric:\n- **Mean 95% weighted interval score (WIS)** over all scored rows **excluding the aggregate US row**."" Line 52: ""The hidden evaluator uses finalized future values for the four target weeks.""","The public bundle identifies the finalized future outcomes as hidden and supplies only the archived historical snapshot as of 2024-12-14. Consequently, mean 95% WIS against the four finalized future target weeks cannot be calculated from the permitted public files.",Predictive accuracy was not calculable because finalized future outcomes are unavailable.,Predictive accuracy remains undetermined by the public verifier and must not block acceptance.,
verifier_v6_canary,health_medicine__flusight_offline_hosp_forecast_2024_12_14,verifier,0,unverifiable,913ed3cffef8a07d1fbacd8ca5a3abc76b3af506fc20e7778485ed735b424be1,artifact.only_submission,deterministic,True,pass,The writable output directory must contain only the final file named submission.csv.,"public task prompt, Rules and What you must do item 3",Write only the required `submission.csv` into the writable output directory.,supported,"PUBLIC TASK, Rules: “Write only the required `submission.csv` into the writable output directory.” This directly requires the sole output file to be submission.csv.","Recursive enumeration of /tmp/ale-verifier-d20324b82737/snapshot-0 returned exactly one regular file, submission.csv. Regular-file count was 1; there were 0 non-regular entries and 0 symlinks. The rejected-symlink receipt contained 0 bytes.",Exactly one artifact file: submission.csv.,"Exactly one file exists under output/, and its basename is submission.csv.",
verifier_v6_canary,health_medicine__flusight_offline_hosp_forecast_2024_12_14,verifier,0,unverifiable,913ed3cffef8a07d1fbacd8ca5a3abc76b3af506fc20e7778485ed735b424be1,csv.required_shape,deterministic,True,unverifiable,submission.csv must have exactly 212 data rows and the eight required columns in the specified order.,input/output_contract.json keys columns and row_count,"""row_count"": 212,
  ""reference_date"": ""2024-12-14""",missing,"input/output_contract.json contains the registered source quote at the row_count/reference_date fields: “""row_count"": 212,\n  ""reference_date"": ""2024-12-14""”. Although the same public file separately contains the eight-column array, the registered source_quote itself does not state or directly support the requirement that all eight columns appear in the specified order. This is a partial-source mismatch under the verifier rules.","Source mismatch prevents a pass. Independently observed: Python csv parsing succeeded with 213 logical records (one header plus 212 data rows); every data row had 8 fields; the header was exactly ['reference_date', 'location', 'location_name', 'horizon', 'target_end_date', 'point', 'lower_95', 'upper_95'].","212 parseable data rows, 8 fields in each row, and the requested ordered header; however, the registered source_quote directly substantiates only row_count, not the complete column-order requirement.","The CSV parses without malformed rows, has the exact ordered header, and contains exactly 212 data rows.",
verifier_v6_canary,health_medicine__flusight_offline_hosp_forecast_2024_12_14,verifier,0,unverifiable,913ed3cffef8a07d1fbacd8ca5a3abc76b3af506fc20e7778485ed735b424be1,csv.template_rows,deterministic,True,pass,"Every required location and horizon pair must occur exactly once, with its staged template metadata retained.",input/output_contract.json constraints; input/TASK_INSTRUCTIONS.md lines 25-30,"""row key set must match forecast_output_template.csv exactly""
Write your final answer as a CSV matching `forecast_output_template.csv`.",supported,"input/output_contract.json, constraints: “row key set must match forecast_output_template.csv exactly”; input/TASK_INSTRUCTIONS.md line 26: “Write your final answer as a CSV matching `forecast_output_template.csv`.” These directly support exact template-key coverage and retaining the staged template structure.","Loaded submission.csv and input/forecast_output_template.csv with Python csv.DictReader. Both had 212 rows and 212 unique (location, horizon) keys. Submission duplicate keys: 0; missing keys: 0; extra keys: 0. Comparing reference_date, location, location_name, horizon, and target_end_date by key found 0 metadata-mismatch rows.","All 212 template keys occur exactly once, with zero mismatches across the five non-forecast fields.","All 212 template keys occur once and only once, with all five non-forecast fields unchanged from the template.",
verifier_v6_canary,health_medicine__flusight_offline_hosp_forecast_2024_12_14,verifier,0,unverifiable,913ed3cffef8a07d1fbacd8ca5a3abc76b3af506fc20e7778485ed735b424be1,forecast.integer_interval,deterministic,True,pass,"Each point forecast and interval endpoint must be a non-negative integer, with the point lying within the interval.",input/TASK_INSTRUCTIONS.md lines 30-38,"All three values must be non-negative integers and should satisfy:

- `lower_95 <= point <= upper_95`",supported,"input/TASK_INSTRUCTIONS.md lines 36-38: “All three values must be non-negative integers and should satisfy:\n\n- `lower_95 <= point <= upper_95`”. This directly supports the integer, non-negativity, and interval-order requirements.",Checked all 636 point/lower_95/upper_95 cells against the full-string base-10 pattern [0-9]+ and parsed them as integers. Invalid or empty cells: 0. Tested lower_95 <= point <= upper_95 on all 212 rows; violations: 0. Observed forecast-value range was 0 through 82651.,636 of 636 forecast cells are non-negative base-10 integer strings; 212 of 212 rows have correctly ordered intervals.,All 636 forecast cells are non-negative integers and every row satisfies lower_95 <= point <= upper_95.,
verifier_v6_canary,health_medicine__flusight_offline_hosp_forecast_2024_12_14,verifier,0,unverifiable,913ed3cffef8a07d1fbacd8ca5a3abc76b3af506fc20e7778485ed735b424be1,forecast.hidden_accuracy,unverifiable,False,unverifiable,"Forecasts are intended to minimize mean 95% weighted interval score against finalized future values, excluding the aggregate US row.",input/TASK_INSTRUCTIONS.md lines 40-47 and 52,"Primary ranking metric:
- **Mean 95% weighted interval score (WIS)** over all scored rows **excluding the aggregate US row**.
The hidden evaluator uses finalized future values for the four target weeks.",supported,input/TASK_INSTRUCTIONS.md lines 42-43: “Primary ranking metric:\n- **Mean 95% weighted interval score (WIS)** over all scored rows **excluding the aggregate US row**.” Line 52 states: “The hidden evaluator uses finalized future values for the four target weeks.”,"The public bundle identifies finalized future values as hidden. Consequently, mean 95% WIS against those outcomes cannot be calculated from the immutable snapshot and public task inputs.","Forecast values are present, but finalized outcomes for the four target weeks are unavailable to the public verifier.",Predictive accuracy remains undetermined by the public verifier and must not block acceptance.,
verifier_v6_canary,health_medicine__healthcare_sap_group_sequential_nsclc,prep_verifier,0,pass,35e8009f4c4e3f2e7e3f8919ca5ca61b5ad86dc4d0f8084cfc92d845830d3497,deliverables.required.files,deterministic,True,pass,"The output directory must contain all eight required deliverables, with parseable JSON/CSV files and valid nonempty PNG images.",input/task_instructions.md lines 4-15,"Create a complete statistical-analysis-plan deliverable set under `output/`.

Required files:

- `SAP.md`
- `analysis.R`
- `sample_size.json`
- `boundaries.csv`
- `multiple_testing.json`
- `power_curve.csv`
- `power_curve.png`
- `boundary_plot.png`",supported,"input/task_instructions.md lines 4-15 states: ""Create a complete statistical-analysis-plan deliverable set under `output/`."" and lists `SAP.md`, `analysis.R`, `sample_size.json`, `boundaries.csv`, `multiple_testing.json`, `power_curve.csv`, `power_curve.png`, and `boundary_plot.png`.","Snapshot top level contains exactly 8 regular, non-symlink files with the required names; the rejected-symlink receipt is empty. Python parsing found both JSON files valid; boundaries.csv has a header plus 3 data rows and power_curve.csv a header plus 20 data rows. Pillow fully decoded power_curve.png and boundary_plot.png as RGB PNG images with dimensions 1200x800; sizes are 80,824 and 65,213 bytes, respectively.","All eight required files exist and are nonempty; JSON, CSV, and PNG validation succeeded.","Exactly the required named artifacts are available for review, and every structured or image artifact is valid in its stated format.",
verifier_v6_canary,health_medicine__healthcare_sap_group_sequential_nsclc,prep_verifier,0,pass,35e8009f4c4e3f2e7e3f8919ca5ca61b5ad86dc4d0f8084cfc92d845830d3497,analysis.reproducible.generation,deterministic,True,pass,analysis.R must reproducibly generate the computational outputs and plots from the public protocol.,input/task_instructions.md lines 30-32,"Work from `protocol.json`; do not use internet access.
- `analysis.R` should be a reproducible script for generating the outputs.
- Numeric outputs should be rounded clearly but retain enough precision for verification.",supported,"input/task_instructions.md lines 30-32 states: ""Work from `protocol.json`; do not use internet access."", ""`analysis.R` should be a reproducible script for generating the outputs."", and ""Numeric outputs should be rounded clearly but retain enough precision for verification.""","Copied only public protocol.json and submitted analysis.R into an isolated temporary layout. With AF_INET and AF_INET6 sockets denied through LD_PRELOAD, `Rscript analysis.R` exited 0 and generated all six computational artifacts. Console output was: ""Generated outputs. Fixed events 316.989243; inflation 1.023789; GS events 324.530117; futility Z 0.015807"". Generated sample_size.json and multiple_testing.json had zero structured differences from submissions; generated boundaries.csv and power_curve.csv were exact text matches with maximum numeric difference 0. Both generated PNGs had the same submitted byte sizes. analysis.R lines 4 and 14 use installed local packages and the public protocol; no internet-dependent code is present.",Successful offline-denied-network regeneration of six outputs with exact structured/numeric agreement.,"The script exits successfully without network access, regenerates all six computational artifacts, and regenerated values agree with the submitted artifacts up to explicit rounding.",
verifier_v6_canary,health_medicine__healthcare_sap_group_sequential_nsclc,prep_verifier,0,pass,35e8009f4c4e3f2e7e3f8919ca5ca61b5ad86dc4d0f8084cfc92d845830d3497,sample.size.schoenfeld,deterministic,True,pass,"The sample-size output must report a log-rank/Schoenfeld calculation based on HR 0.73, one-sided alpha 0.025, power 0.80, and the protocol target of 240 events, together with the group-sequential inflation factor and adjusted total sample size.",input/task_instructions.md lines 19 and 22; input/protocol.json lines 10-13,"Compute log-rank/Schoenfeld sample size for overall survival using the protocol hazard ratio, one-sided alpha, power, and target events.
Report the sample-size inflation factor and adjusted total sample size.
""target_hazard_ratio"": 0.73,
""alpha_one_sided"": 0.025,
""power"": 0.8,
""target_events"": 240",supported,"input/task_instructions.md lines 19 and 22 states: ""Compute log-rank/Schoenfeld sample size for overall survival using the protocol hazard ratio, one-sided alpha, power, and target events."" and ""Report the sample-size inflation factor and adjusted total sample size."" input/protocol.json lines 10-13 gives target_hazard_ratio 0.73, alpha_one_sided 0.025, power 0.8, and target_events 240.","sample_size.json reports HR=0.73, one-sided alpha=0.025, power=0.8, protocol target=240, equal allocation, and the stated Schoenfeld formula. Independent R calculation gave D=316.989242661752, ceiling 317, and power at 240 events=0.683594808421, agreeing with JSON values 316.9892426618, 317, and 0.68359480842. analysis.R lines 24-30 derives the O'Brien-Fleming inflation from gsDesign. JSON reports inflation 1.0237890533 and unrounded sequential requirement 324.530116647; 316.9892426618 x 1.0237890533 = approximately 324.530116647, rounded up to adjusted total 325. The separate protocol-target inflation is transparently reported as ceiling(240 x 1.0237890533)=246 rather than substituted for the calculated powered requirement.",Fixed requirement 316.9892426618 events (317 rounded); protocol target 240; inflation 1.0237890533; adjusted powered requirement 324.530116647 (325 rounded).,"Correct representation of HR 0.73, alpha 0.025, power 0.80, target 240, an independently matching Schoenfeld result, and positive arithmetically consistent sequential inflation and adjustment.",
verifier_v6_canary,health_medicine__healthcare_sap_group_sequential_nsclc,prep_verifier,0,pass,35e8009f4c4e3f2e7e3f8919ca5ca61b5ad86dc4d0f8084cfc92d845830d3497,boundaries.obrien.fleming,deterministic,True,pass,"boundaries.csv must provide a three-look, one-sided O'Brien-Fleming efficacy design at information fractions 0.50, 0.75, and 1.00.",input/task_instructions.md line 20; input/protocol.json lines 26-32,"Produce three-look O'Brien-Fleming efficacy boundaries at 50%, 75%, and 100% information.
""n_looks"": 3,
""info_fractions"": [
0.5,
0.75,
1.0
],
""spending_function"": ""O'Brien-Fleming""",supported,"input/task_instructions.md line 20 states: ""Produce three-look O'Brien-Fleming efficacy boundaries at 50%, 75%, and 100% information."" input/protocol.json lines 26-32 gives n_looks 3, info_fractions [0.5, 0.75, 1.0], and spending_function ""O'Brien-Fleming"".","boundaries.csv has exactly three ordered rows: looks 1-3 at information fractions 0.5, 0.75, and 1. analysis.R lines 24-26 declares a one-sided gsDesign with alpha=0.025, test.type=1, supplied timing, and sfu=""OF"". Reported efficacy Z values are 2.862639, 2.337335, and 2.024192. Independent canonical joint-normal integration using correlations sqrt(min(t_i,t_j)/max(t_i,t_j)) and Miwa integration produced cumulative alpha 0.0021006447, 0.0104514923, and 0.0249999796, agreeing at displayed precision with 0.00210064, 0.01045149, and 0.02500000. Reported incremental spends sum to 0.025.",Three O'Brien-Fleming looks at 0.50/0.75/1.00 with Z boundaries 2.862639/2.337335/2.024192 and final cumulative one-sided alpha 0.025.,"Three ordered looks at 0.50, 0.75, and 1.00 whose documented O'Brien-Fleming boundaries control total one-sided alpha at 0.025.",
verifier_v6_canary,health_medicine__healthcare_sap_group_sequential_nsclc,prep_verifier,0,pass,35e8009f4c4e3f2e7e3f8919ca5ca61b5ad86dc4d0f8084cfc92d845830d3497,futility.look.one.only,deterministic,True,pass,"Binding futility must be applied only at look 1 using conditional power below 0.20, while futility at looks 2 and 3 must be recorded as NA.",input/task_instructions.md line 21; input/protocol.json lines 33-38,"Include binding futility only at look 1 using conditional power < 0.20; looks 2 and 3 should record futility as `NA`.
""rule"": ""binding, stop if conditional_power < 0.20"",
""looks_2_and_3"": ""no futility stopping (NA)""",supported,"input/task_instructions.md line 21 states: ""Include binding futility only at look 1 using conditional power < 0.20; looks 2 and 3 should record futility as `NA`."" input/protocol.json lines 33-38 states: ""binding, stop if conditional_power < 0.20"" and ""no futility stopping (NA)"" for looks 2 and 3.","boundaries.csv look 1 records futility_z=0.015807, futility_conditional_power=0.2, and rule ""Binding: stop if CP < 0.20"". At looks 2 and 3, futility_z and futility_conditional_power parse as missing NA and futility_rule is ""NA"". analysis.R lines 34-38 solves the planned-alternative conditional-power cutoff at 0.20, while lines 52-54 assign it only to look 1 and explicitly write NA at subsequent looks. SAP.md line 88 states that equality continues, preserving the strict '<0.20' rule.",Binding look-1 threshold CP < 0.20 with Z cutoff 0.015807; all futility fields at looks 2 and 3 are NA.,"Only look 1 has binding futility, stopping is strictly below CP 0.20, and looks 2 and 3 record no numeric futility boundary.",
verifier_v6_canary,health_medicine__healthcare_sap_group_sequential_nsclc,prep_verifier,0,pass,35e8009f4c4e3f2e7e3f8919ca5ca61b5ad86dc4d0f8084cfc92d845830d3497,multiplicity.gated.hochberg,deterministic,True,pass,"multiple_testing.json must specify that PFS, ORR, and DOR are tested by Hochberg at familywise alpha 0.025 only after significant OS, and must report the Bonferroni alpha for the four protocol subgroup comparisons.",input/task_instructions.md line 23; input/protocol.json lines 15-23 and 41-48,"Apply the gated Hochberg procedure to PFS, ORR, and DOR using familywise alpha 0.025, and report subgroup Bonferroni alpha.
""method"": ""Hochberg step-up"",
""gate"": ""primary OS must be significant first""
""correction"": ""Bonferroni""",supported,"input/task_instructions.md line 23 states: ""Apply the gated Hochberg procedure to PFS, ORR, and DOR using familywise alpha 0.025, and report subgroup Bonferroni alpha."" input/protocol.json lines 15-23 specifies PFS, ORR, DOR, familywise_alpha 0.025, method ""Hochberg step-up"", and gate ""primary OS must be significant first""; lines 41-48 specifies four subgroup comparisons and Bonferroni correction.","multiple_testing.json parses successfully and specifies the OS group-sequential significance gate, familywise_alpha=0.025, family=[PFS, ORR, DOR], and method=""Hochberg step-up"". For ordered p(1)<=p(2)<=p(3), it gives thresholds 0.0083333333333, 0.0125, and 0.025 with the correct descending step-up decisions. It identifies four prespecified subgroup interaction tests as PD-L1, histology, age, and sex, corresponding to the four protocol comparisons, and reports subgroup_bonferroni_alpha=0.00625. Independent arithmetic gives 0.025/4=0.00625. SAP.md lines 104-114 supplies the full Hochberg decisions and exact subgroup comparison levels.","OS-gated Hochberg family PFS/ORR/DOR at alpha 0.025; thresholds 0.025/3, 0.025/2, 0.025; four subgroup tests at Bonferroni alpha 0.00625.","No secondary confirmatory testing without significant OS, correct Hochberg step-up logic for three endpoints, and subgroup per-comparison alpha 0.00625.",
verifier_v6_canary,health_medicine__healthcare_sap_group_sequential_nsclc,prep_verifier,0,pass,35e8009f4c4e3f2e7e3f8919ca5ca61b5ad86dc4d0f8084cfc92d845830d3497,power.curve.and.plots,deterministic,True,pass,"The deliverables must include a numeric power curve over plausible hazard ratios containing HR 0.73, a corresponding PNG, and a boundary plot PNG.",input/task_instructions.md lines 24-25,"Produce a power curve CSV and PNG over plausible hazard ratios including the target HR.
Produce a boundary plot PNG.",supported,"input/task_instructions.md lines 24-25 states: ""Produce a power curve CSV and PNG over plausible hazard ratios including the target HR."" and ""Produce a boundary plot PNG.""","power_curve.csv contains 20 distinct positive hazard ratios from 0.55 through 1.00, including an explicit target_hr=TRUE row at HR 0.73. Every power is numeric and in [0,1]; target-HR power is 0.797109696822631. analysis.R lines 102-115 computes each probability under the canonical group-sequential model with the submitted efficacy boundaries and binding look-1 futility, then writes the CSV. Offline regeneration produced an exact CSV match. Lines 117-125 plot pc$hazard_ratio against pc$power into power_curve.png; lines 127-135 plot the submitted design information and efficacy/futility boundaries into boundary_plot.png. Both submitted images fully decoded as 1200x800 PNGs, and regeneration recreated both.","20-point reproducible curve spanning HR 0.73, all powers valid; target-HR power 0.797109696822631; both corresponding plots are valid and script-generated.","A genuine multi-point power curve explicitly containing HR 0.73, reproducible valid probabilities, and valid plots generated from the corresponding numeric design data.",
verifier_v6_canary,health_medicine__healthcare_sap_group_sequential_nsclc,prep_verifier,0,pass,35e8009f4c4e3f2e7e3f8919ca5ca61b5ad86dc4d0f8084cfc92d845830d3497,sap.narrative.protocol.fidelity,public_evidence,True,pass,"SAP.md must provide a coherent full narrative covering the protocol design assumptions, interim looks, multiplicity, and deliverables without contradicting sampled protocol facts.","input/task_instructions.md line 26; input/protocol.json lines 2-5, 10, 27-38, and 15-23","Write a full SAP narrative explaining the design assumptions, interim looks, multiplicity, and deliverables.
""design"": ""two-arm parallel, 1:1 randomization""
""gate"": ""primary OS must be significant first""",supported,"input/task_instructions.md line 26 states: ""Write a full SAP narrative explaining the design assumptions, interim looks, multiplicity, and deliverables."" input/protocol.json line 4 states ""design"": ""two-arm parallel, 1:1 randomization""; lines 10 and 27-38 provide HR 0.73, information fractions, and binding look-1 futility; lines 15-23 provides the OS-gated secondary family.","SAP.md is a 157-line substantive narrative. Line 7 states the two-arm parallel 1:1 randomized three-look design; lines 11-13 state OS primary, PFS/ORR/DOR secondaries, one-sided alpha 0.025, target HR 0.73, 80% power, and 240 target deaths. Lines 70-94 cover interim analyses at 0.50, 0.75, and 1.00 information and binding CP<0.20 futility only at look 1. Lines 96-114 cover the OS gate, Hochberg family, and subgroup Bonferroni procedure. Lines 135-153 explain reproducibility, all deliverables, and the power-curve approach. No sampled protocol fact is contradicted; the discrepancy between the protocol's 240 events and the calculated powered requirement is explicitly disclosed rather than silently altered.","Full design, sample-size, interim, futility, multiplicity, analysis, reproducibility, and deliverables narrative accurately incorporates every sampled protocol fact.",A substantive and coherent SAP covering all requested narrative areas without contradiction of the sampled public protocol facts.,
verifier_v6_canary,health_medicine__healthcare_sap_group_sequential_nsclc,verifier,0,fail,88459e3a9507a61effdc13b850e8a655babeacb147d34cbf956ca2cd6664f43b,deliverables.required.files,deterministic,True,pass,"The output directory must contain all eight required deliverables, with parseable JSON/CSV files and valid nonempty PNG images.",input/task_instructions.md lines 4-15,"Create a complete statistical-analysis-plan deliverable set under `output/`.

Required files:

- `SAP.md`
- `analysis.R`
- `sample_size.json`
- `boundaries.csv`
- `multiple_testing.json`
- `power_curve.csv`
- `power_curve.png`
- `boundary_plot.png`",supported,"input/task_instructions.md lines 4-15 states: ""Create a complete statistical-analysis-plan deliverable set under `output/`."" It then lists `SAP.md`, `analysis.R`, `sample_size.json`, `boundaries.csv`, `multiple_testing.json`, `power_curve.csv`, `power_curve.png`, and `boundary_plot.png`.","`find` on the snapshot found exactly eight regular files with those names, all nonempty (sizes 736 to 94,116 bytes). `python3 -m json.tool` successfully parsed both JSON files. Python `csv.DictReader` parsed boundaries.csv with 12 headers and 3 rows and power_curve.csv with 4 headers and 30 rows. Pillow decoded power_curve.png and boundary_plot.png as PNG images of 1200x800 pixels; `file` also identified both as non-interlaced 8-bit RGB PNGs. The rejected-symlink receipt was empty.","All 8 required files are present and nonempty; JSON, CSV, and PNG validation succeeded.","Exactly the 8 required named artifacts, with parseable structured files and valid positive-dimension PNGs.",
verifier_v6_canary,health_medicine__healthcare_sap_group_sequential_nsclc,verifier,0,fail,88459e3a9507a61effdc13b850e8a655babeacb147d34cbf956ca2cd6664f43b,analysis.reproducible.generation,deterministic,True,fail,analysis.R must reproducibly generate the computational outputs and plots from the public protocol.,input/task_instructions.md lines 30-32,"Work from `protocol.json`; do not use internet access.
- `analysis.R` should be a reproducible script for generating the outputs.
- Numeric outputs should be rounded clearly but retain enough precision for verification.",supported,"input/task_instructions.md lines 30-32 states: ""Work from `protocol.json`; do not use internet access.\n- `analysis.R` should be a reproducible script for generating the outputs.\n- Numeric outputs should be rounded clearly but retain enough precision for verification.""","A clean temporary tree containing only public protocol.json at `input/protocol.json` and the submitted script at `output/analysis.R` was executed with R 4.5.3. It exited 0 and generated all six computational artifacts. Regenerated sample_size.json and multiple_testing.json were structurally exactly equal to the submissions, and boundaries.csv was row-for-row exactly equal. However, power_curve.csv was not equal: all 30 sequential-power values varied between runs despite being written with roughly 14-16 significant digits. For example, submitted HR 0.73 power was 0.79707561823352 while this rerun produced approximately 0.797096454137309 (difference about 2.08e-05); the largest observed absolute discrepancy was about 0.000315. analysis.R lines 29 and 91 call `pmvnorm` without a deterministic algorithm or seed, while SAP.md line 134 incorrectly says no random simulation/seed is required. The regenerated power PNG consequently also had a different size (94,299 bytes versus submitted 94,116 bytes). Static inspection found only local input/output operations and no network calls; OS network namespaces were unavailable in the verifier environment.","Script completes and creates all outputs, but its sequential-power CSV and corresponding plot are nondeterministic and do not reproduce values to their reported precision.","Successful reproducible generation of all six computational artifacts, with regenerated machine-readable numbers agreeing at the precision submitted.","Use a deterministic multivariate-normal integration algorithm supported for these dimensions, or set and document a fixed RNG seed before every randomized `pmvnorm` calculation; then regenerate power_curve.csv and power_curve.png and report only precision justified by the integration tolerance."
verifier_v6_canary,health_medicine__healthcare_sap_group_sequential_nsclc,verifier,0,fail,88459e3a9507a61effdc13b850e8a655babeacb147d34cbf956ca2cd6664f43b,sample.size.schoenfeld,deterministic,True,pass,"The sample-size output must report a log-rank/Schoenfeld calculation based on HR 0.73, one-sided alpha 0.025, power 0.80, and the protocol target of 240 events, together with the group-sequential inflation factor and adjusted total sample size.",input/task_instructions.md lines 19 and 22; input/protocol.json lines 10-13,"Compute log-rank/Schoenfeld sample size for overall survival using the protocol hazard ratio, one-sided alpha, power, and target events.
Report the sample-size inflation factor and adjusted total sample size.
""target_hazard_ratio"": 0.73,
""alpha_one_sided"": 0.025,
""power"": 0.8,
""target_events"": 240",supported,"input/task_instructions.md lines 19 and 22 states: ""Compute log-rank/Schoenfeld sample size for overall survival using the protocol hazard ratio, one-sided alpha, power, and target events."" and ""Report the sample-size inflation factor and adjusted total sample size."" input/protocol.json lines 10-13 gives `target_hazard_ratio` 0.73, `alpha_one_sided` 0.025, `power` 0.8, and `target_events` 240.","sample_size.json exposes HR 0.73, one-sided alpha 0.025, target power 0.8, and protocol target 240. Independent evaluation of `(qnorm(0.975)+qnorm(0.8))^2/[0.25*log(0.73)^2]` returned 316.989242661752485, ceiling 317, agreeing with JSON values 316.989242661752 and 317. The JSON separately reports fixed-design power at 240 events as 0.683594808421 and explicitly says 240 was not substituted for the computed requirement. Independent R evaluation of the declared three-look gsDesign gave maximum events 324.530127689613437 and inflation 1.023789088123434, agreeing with JSON values 324.530127689613 and 1.023789088123. The reported adjusted participant total is 354.70723492172, ceiling 355, and analysis.R lines 45-70 document and calculate its exponential-survival/uniform-accrual basis.",Fixed events 316.989242661752 (317); protocol target 240 retained separately; inflation 1.023789088123; maximum events 324.530127689613 (325); adjusted participant total 354.70723492172 (355).,"Correct representation of HR 0.73, alpha 0.025, power 0.80, and target 240; an independently matching Schoenfeld requirement; and finite, positive, internally consistent inflation and adjusted totals.",
verifier_v6_canary,health_medicine__healthcare_sap_group_sequential_nsclc,verifier,0,fail,88459e3a9507a61effdc13b850e8a655babeacb147d34cbf956ca2cd6664f43b,boundaries.obrien.fleming,deterministic,True,pass,"boundaries.csv must provide a three-look, one-sided O'Brien-Fleming efficacy design at information fractions 0.50, 0.75, and 1.00.",input/task_instructions.md line 20; input/protocol.json lines 26-32,"Produce three-look O'Brien-Fleming efficacy boundaries at 50%, 75%, and 100% information.
""n_looks"": 3,
""info_fractions"": [
0.5,
0.75,
1.0
],
""spending_function"": ""O'Brien-Fleming""",supported,"input/task_instructions.md line 20 states: ""Produce three-look O'Brien-Fleming efficacy boundaries at 50%, 75%, and 100% information."" input/protocol.json lines 26-32 specifies 3 looks, information fractions 0.5, 0.75, 1.0, and spending function ""O'Brien-Fleming"".","boundaries.csv has exactly three ordered rows: looks 1-3 at information fractions 0.5, 0.75, and 1.0. analysis.R lines 16-20 declares `gsDesign(... test.type=1, alpha=0.025, timing=c(0.5,0.75), sfu=""OF"")`. An independent execution returned Z boundaries 2.86263916401257, 2.33733508984607, and 2.02419156496348, identical to the CSV. Independently returned alpha increments were 0.00210064359035737, 0.00835084637710946, and 0.01454850988087463, with cumulative total 0.02499999984834145, matching the submitted rows.",Three looks at 0.50/0.75/1.00; Z boundaries 2.862639164013/2.337335089846/2.024191564963; final cumulative alpha 0.0249999998483415.,Three-look one-sided O'Brien-Fleming efficacy design at the specified fractions with total alpha 0.025.,
verifier_v6_canary,health_medicine__healthcare_sap_group_sequential_nsclc,verifier,0,fail,88459e3a9507a61effdc13b850e8a655babeacb147d34cbf956ca2cd6664f43b,futility.look.one.only,deterministic,True,pass,"Binding futility must be applied only at look 1 using conditional power below 0.20, while futility at looks 2 and 3 must be recorded as NA.",input/task_instructions.md line 21; input/protocol.json lines 33-38,"Include binding futility only at look 1 using conditional power < 0.20; looks 2 and 3 should record futility as `NA`.
""rule"": ""binding, stop if conditional_power < 0.20"",
""looks_2_and_3"": ""no futility stopping (NA)""",supported,"input/task_instructions.md line 21 states: ""Include binding futility only at look 1 using conditional power < 0.20; looks 2 and 3 should record futility as `NA`."" input/protocol.json lines 33-38 states: ""binding, stop if conditional_power < 0.20"" and ""no futility stopping (NA)"" for looks 2 and 3.","boundaries.csv look 1 contains `futility_conditional_power_threshold=0.2`, `futility_z_boundary=0.0158054051672042`, and rule `Binding: stop for futility if conditional power < 0.20`. For looks 2 and 3, the threshold and Z-boundary fields are literal `NA`, and the rule is `NA`. analysis.R lines 21-31 solve CP=0.20 under the design alternative, lines 40-42 assign values only to look 1, and SAP.md line 97 specifies strict `<0.20` with equality continuing.",Only look 1 has binding futility at CP < 0.20; both futility numeric fields and rule are NA at looks 2 and 3.,"Binding futility strictly below CP 0.20 only at look 1, with NA at later looks.",
verifier_v6_canary,health_medicine__healthcare_sap_group_sequential_nsclc,verifier,0,fail,88459e3a9507a61effdc13b850e8a655babeacb147d34cbf956ca2cd6664f43b,multiplicity.gated.hochberg,deterministic,True,pass,"multiple_testing.json must specify that PFS, ORR, and DOR are tested by Hochberg at familywise alpha 0.025 only after significant OS, and must report the Bonferroni alpha for the four protocol subgroup comparisons.",input/task_instructions.md line 23; input/protocol.json lines 15-23 and 41-48,"Apply the gated Hochberg procedure to PFS, ORR, and DOR using familywise alpha 0.025, and report subgroup Bonferroni alpha.
""method"": ""Hochberg step-up"",
""gate"": ""primary OS must be significant first""
""correction"": ""Bonferroni""",supported,"input/task_instructions.md line 23 states: ""Apply the gated Hochberg procedure to PFS, ORR, and DOR using familywise alpha 0.025, and report subgroup Bonferroni alpha."" input/protocol.json lines 15-23 identifies PFS, ORR, DOR, familywise alpha 0.025, method ""Hochberg step-up"", and gate ""primary OS must be significant first""; lines 41-48 list four subgroup comparisons and Bonferroni correction.","multiple_testing.json names Overall Survival as the primary gate and says secondary confirmatory testing opens only after OS rejection. It lists exactly PFS, ORR, and DOR at familywise alpha 0.025 with Hochberg ascending-p critical values 0.008333333333333, 0.0125, and 0.025 and correctly states the associated step-up rejection rules. Its subgroup family contains all four protocol comparisons, reports 4 planned contrasts, and gives `alpha_per_contrast=0.00625`, equal to 0.025/4.",OS gate present; PFS/ORR/DOR use correct three-test Hochberg rules at 0.025; four subgroup contrasts use Bonferroni alpha 0.00625 each.,Gated Hochberg testing of the three named secondary endpoints and Bonferroni 0.00625 for all four protocol subgroup comparisons.,
verifier_v6_canary,health_medicine__healthcare_sap_group_sequential_nsclc,verifier,0,fail,88459e3a9507a61effdc13b850e8a655babeacb147d34cbf956ca2cd6664f43b,power.curve.and.plots,deterministic,True,fail,"The deliverables must include a numeric power curve over plausible hazard ratios containing HR 0.73, a corresponding PNG, and a boundary plot PNG.",input/task_instructions.md lines 24-25,"Produce a power curve CSV and PNG over plausible hazard ratios including the target HR.
Produce a boundary plot PNG.",supported,"input/task_instructions.md lines 24-25 states: ""Produce a power curve CSV and PNG over plausible hazard ratios including the target HR.\nProduce a boundary plot PNG.""","power_curve.csv is a genuine 30-row numeric curve spanning HR 0.50 through 1.20 and explicitly includes HR 0.73; all submitted powers are within [0,1]. Both PNGs decode at 1200x800. analysis.R lines 94-102 generate the CSV and power plot from the same `hrs` and `pow` vectors, and lines 103-107 generate the boundary plot from `t`, `b`, and `futility_z`. However, recomputation did not reproduce the submitted sequential powers at their displayed precision because `pmvnorm` is used nondeterministically without a seed or deterministic algorithm. At HR 0.73, submitted sequential power was 0.79707561823352 versus approximately 0.797096454137309 on a clean rerun; discrepancies across rows reached about 0.000315. The fixed-design comparator column reproduced exactly.","Valid multi-point curve and valid corresponding plots are present, but the sequential-power probabilities and power plot are not reproducible to the precision reported.","A multi-point curve including HR 0.73 with valid reproducible probabilities, and plots generated from the corresponding numeric data.","Make the multivariate-normal probability evaluation deterministic (or fix/document its seed), regenerate the curve and power PNG, and round powers to a precision supported by the numerical integration tolerance."
verifier_v6_canary,health_medicine__healthcare_sap_group_sequential_nsclc,verifier,0,fail,88459e3a9507a61effdc13b850e8a655babeacb147d34cbf956ca2cd6664f43b,sap.narrative.protocol.fidelity,public_evidence,True,pass,"SAP.md must provide a coherent full narrative covering the protocol design assumptions, interim looks, multiplicity, and deliverables without contradicting sampled protocol facts.","input/task_instructions.md line 26; input/protocol.json lines 2-5, 10, 27-38, and 15-23","Write a full SAP narrative explaining the design assumptions, interim looks, multiplicity, and deliverables.
""design"": ""two-arm parallel, 1:1 randomization""
""gate"": ""primary OS must be significant first""",supported,"input/task_instructions.md line 26 states: ""Write a full SAP narrative explaining the design assumptions, interim looks, multiplicity, and deliverables."" input/protocol.json line 4 states `""design"": ""two-arm parallel, 1:1 randomization""`, while lines 10, 27-38, and 15-23 provide the target HR, interim fractions/futility rule, secondary endpoints, and OS gate.","SAP.md is a substantive 148-line plan. Lines 6-8 state randomized two-arm parallel design and 1:1 randomization. Lines 50-77 cover HR 0.73, Schoenfeld/event and enrollment assumptions. Lines 79-103 cover three analyses at 50%, 75%, and 100%, O'Brien-Fleming efficacy, and binding look-1 CP <0.20 futility with no futility at looks 2-3. Lines 105-116 state OS gatekeeping, PFS/ORR/DOR Hochberg testing, and subgroup Bonferroni. Lines 140-148 explain all deliverables. These statements accurately incorporate every sampled protocol fact.","Full design, sample-size, interim, futility, multiplicity, analysis, and deliverables sections are present and consistent with the sampled protocol fields.","A coherent full SAP accurately reflecting the sampled design, HR, interim fractions, futility rule, and OS-gated secondary testing.",
verifier_v6_canary,health_medicine__healthcare_sap_group_sequential_nsclc,verifier,1,pass,ebc64154dc632a78d38694c18853e2ecd15e720bd3fe8dc5d744af200cfed219,deliverables.required.files,deterministic,True,pass,"The output directory must contain all eight required deliverables, with parseable JSON/CSV files and valid nonempty PNG images.",input/task_instructions.md lines 4-15,"Create a complete statistical-analysis-plan deliverable set under `output/`.

Required files:

- `SAP.md`
- `analysis.R`
- `sample_size.json`
- `boundaries.csv`
- `multiple_testing.json`
- `power_curve.csv`
- `power_curve.png`
- `boundary_plot.png`",supported,"input/task_instructions.md lines 4-15 states: ""Create a complete statistical-analysis-plan deliverable set under `output/`."" and lists `SAP.md`, `analysis.R`, `sample_size.json`, `boundaries.csv`, `multiple_testing.json`, `power_curve.csv`, `power_curve.png`, and `boundary_plot.png`.","`find` showed exactly eight regular files in the snapshot: SAP.md (14786 bytes), analysis.R (8835), sample_size.json (1652), boundaries.csv (736), multiple_testing.json (1143), power_curve.csv (1214), power_curve.png (94175), and boundary_plot.png (68200). Python parsed both JSON files successfully; boundaries.csv had a header plus 3 data rows and power_curve.csv a header plus 30 data rows. Pillow decoded both PNGs as PNG format with dimensions 1200x800, and both had signature 89504e470d0a1a0a. The rejected-symlink receipt was empty (0 bytes).","All eight and only the eight required named deliverables are present, nonempty, and valid in their stated formats.","Exactly the required named artifacts are available for review, and every structured or image artifact is valid in its stated format.",
verifier_v6_canary,health_medicine__healthcare_sap_group_sequential_nsclc,verifier,1,pass,ebc64154dc632a78d38694c18853e2ecd15e720bd3fe8dc5d744af200cfed219,analysis.reproducible.generation,deterministic,True,pass,analysis.R must reproducibly generate the computational outputs and plots from the public protocol.,input/task_instructions.md lines 30-32,"Work from `protocol.json`; do not use internet access.
- `analysis.R` should be a reproducible script for generating the outputs.
- Numeric outputs should be rounded clearly but retain enough precision for verification.",supported,"input/task_instructions.md lines 30-32 states: ""Work from `protocol.json`; do not use internet access. - `analysis.R` should be a reproducible script for generating the outputs. - Numeric outputs should be rounded clearly but retain enough precision for verification.""","The public protocol and submitted analysis.R were copied to isolated `/tmp/sap-denynet/input` and `/tmp/sap-denynet/output`. Running `LD_PRELOAD=/tmp/denyinet.so Rscript /tmp/sap-denynet/output/analysis.R`, where the preload rejects AF_INET and AF_INET6 sockets with EACCES, exited successfully and printed `Generated computational deliverables`. It created all six computational artifacts. SHA-256 comparisons against the snapshot were equal for every regenerated file: sample_size.json, boundaries.csv, multiple_testing.json, power_curve.csv, power_curve.png, and boundary_plot.png. A separate `strace -f -e trace=network` run exited 0 and showed no AF_INET/AF_INET6 socket or connection attempt, only unsuccessful local AF_UNIX nscd lookups. analysis.R lines 7-9 read `../input/protocol.json`; lines 49, 78, 91, 108-117 write all six artifacts.",Successful offline regeneration with byte-identical outputs for all six computational artifacts.,"The script exits successfully without network access, regenerates all six computational artifacts, and regenerated values agree with the submitted artifacts up to explicit rounding.",
verifier_v6_canary,health_medicine__healthcare_sap_group_sequential_nsclc,verifier,1,pass,ebc64154dc632a78d38694c18853e2ecd15e720bd3fe8dc5d744af200cfed219,sample.size.schoenfeld,deterministic,True,pass,"The sample-size output must report a log-rank/Schoenfeld calculation based on HR 0.73, one-sided alpha 0.025, power 0.80, and the protocol target of 240 events, together with the group-sequential inflation factor and adjusted total sample size.",input/task_instructions.md lines 19 and 22; input/protocol.json lines 10-13,"Compute log-rank/Schoenfeld sample size for overall survival using the protocol hazard ratio, one-sided alpha, power, and target events.
Report the sample-size inflation factor and adjusted total sample size.
""target_hazard_ratio"": 0.73,
""alpha_one_sided"": 0.025,
""power"": 0.8,
""target_events"": 240",supported,"input/task_instructions.md lines 19 and 22 states: ""Compute log-rank/Schoenfeld sample size for overall survival using the protocol hazard ratio, one-sided alpha, power, and target events."" and ""Report the sample-size inflation factor and adjusted total sample size."" input/protocol.json lines 10-13 gives `target_hazard_ratio: 0.73`, `alpha_one_sided: 0.025`, `power: 0.8`, and `target_events: 240`.","sample_size.json exposes HR 0.73, one-sided alpha 0.025, target power 0.8, and protocol target 240. Independent R evaluation of `(qnorm(0.975)+qnorm(0.8))^2/(0.25*log(0.73)^2)` produced 316.989242661752 events, ceiling 317, exactly matching the JSON. Independently calculated fixed-design power at 240 was 0.683594808421, also matching, so 240 was not silently substituted for the calculated requirement. Independent gsDesign evaluation produced maximum information 324.530127689613 and inflation 1.023789088123, matching the JSON. Arithmetic confirms 324.530127689613/316.989242661752 = 1.023789088123 and 240 times this factor = 245.709381149624. The documented exponential/uniform-accrual conversion reports adjusted total sample size 354.70723492172, ceiling 355; analysis.R lines 50-76 define that conversion explicitly.",Fixed requirement 316.989242661752 (317 events); protocol-target power 0.683594808421; inflation 1.023789088123; adjusted maximum 324.530127689613 (325 events); adjusted participant total 354.70723492172 (355).,"Correct representation of HR 0.73, alpha 0.025, power 0.80, and target 240; an independently matching Schoenfeld result distinct from the protocol target; and finite, positive, internally consistent inflation and adjustment values.",
verifier_v6_canary,health_medicine__healthcare_sap_group_sequential_nsclc,verifier,1,pass,ebc64154dc632a78d38694c18853e2ecd15e720bd3fe8dc5d744af200cfed219,boundaries.obrien.fleming,deterministic,True,pass,"boundaries.csv must provide a three-look, one-sided O'Brien-Fleming efficacy design at information fractions 0.50, 0.75, and 1.00.",input/task_instructions.md line 20; input/protocol.json lines 26-32,"Produce three-look O'Brien-Fleming efficacy boundaries at 50%, 75%, and 100% information.
""n_looks"": 3,
""info_fractions"": [
0.5,
0.75,
1.0
],
""spending_function"": ""O'Brien-Fleming""",supported,"input/task_instructions.md line 20 states: ""Produce three-look O'Brien-Fleming efficacy boundaries at 50%, 75%, and 100% information."" input/protocol.json lines 26-32 specifies `n_looks: 3`, information fractions 0.5, 0.75, 1.0, and `spending_function: ""O'Brien-Fleming""`.","boundaries.csv contains exactly three ordered rows: looks 1-3 at information fractions 0.50, 0.75, and 1.00. analysis.R lines 16-20 declares a one-sided `gsDesign(..., alpha=0.025, test.type=1, sfu=""OF"")`. An independent gsDesign run returned efficacy Z values 2.86263916401257, 2.33733508984607, and 2.02419156496348, identical to the CSV. Independent nominal p-values were 0.00210064359036, 0.00971088367528, and 0.02147522257179; cumulative alpha values were 0.00210064359036, 0.01045148996747, and 0.02499999984834, agreeing with the submitted displayed precision.","Three-look one-sided O'Brien-Fleming boundaries at 0.50/0.75/1.00, with final cumulative alpha 0.0249999998483415.","Three ordered looks at 0.50, 0.75, and 1.00; boundaries matching the documented canonical O'Brien-Fleming calculation; total one-sided type-I error 0.025 within numerical tolerance.",
verifier_v6_canary,health_medicine__healthcare_sap_group_sequential_nsclc,verifier,1,pass,ebc64154dc632a78d38694c18853e2ecd15e720bd3fe8dc5d744af200cfed219,futility.look.one.only,deterministic,True,pass,"Binding futility must be applied only at look 1 using conditional power below 0.20, while futility at looks 2 and 3 must be recorded as NA.",input/task_instructions.md line 21; input/protocol.json lines 33-38,"Include binding futility only at look 1 using conditional power < 0.20; looks 2 and 3 should record futility as `NA`.
""rule"": ""binding, stop if conditional_power < 0.20"",
""looks_2_and_3"": ""no futility stopping (NA)""",supported,"input/task_instructions.md line 21 states: ""Include binding futility only at look 1 using conditional power < 0.20; looks 2 and 3 should record futility as `NA`."" input/protocol.json lines 33-38 states `""rule"": ""binding, stop if conditional_power < 0.20""` and `""looks_2_and_3"": ""no futility stopping (NA)""`.","boundaries.csv look 1 has `futility_conditional_power_threshold=0.2`, `futility_z_boundary=0.0158054051672106`, and rule `Binding: stop for futility if conditional power < 0.20`. Looks 2 and 3 contain NA for both futility threshold and Z boundary and `NA` for the rule. analysis.R lines 29-36 solve the look-1 CP=0.20 boundary, while lines 45-47 explicitly construct `c(0.20,NA,NA)` and `c(futility_z,NA,NA)`. Independent canonical-model evaluation at the submitted Z gave conditional power 0.199999764505332, consistent with 0.20 numerical root tolerance. SAP.md line 97 states equality continues, preserving the strict-below rule.",Binding CP < 0.20 only at look 1; looks 2 and 3 are missing/NA.,"Only look 1 has a binding futility rule, stopping occurs strictly below conditional power 0.20, and looks 2 and 3 contain NA futility values.",
verifier_v6_canary,health_medicine__healthcare_sap_group_sequential_nsclc,verifier,1,pass,ebc64154dc632a78d38694c18853e2ecd15e720bd3fe8dc5d744af200cfed219,multiplicity.gated.hochberg,deterministic,True,pass,"multiple_testing.json must specify that PFS, ORR, and DOR are tested by Hochberg at familywise alpha 0.025 only after significant OS, and must report the Bonferroni alpha for the four protocol subgroup comparisons.",input/task_instructions.md line 23; input/protocol.json lines 15-23 and 41-48,"Apply the gated Hochberg procedure to PFS, ORR, and DOR using familywise alpha 0.025, and report subgroup Bonferroni alpha.
""method"": ""Hochberg step-up"",
""gate"": ""primary OS must be significant first""
""correction"": ""Bonferroni""",supported,"input/task_instructions.md line 23 states: ""Apply the gated Hochberg procedure to PFS, ORR, and DOR using familywise alpha 0.025, and report subgroup Bonferroni alpha."" input/protocol.json lines 15-23 specifies PFS, ORR, DOR, familywise alpha 0.025, `Hochberg step-up`, and gate `primary OS must be significant first`; lines 41-48 list four subgroup comparisons and Bonferroni correction.","multiple_testing.json names Overall Survival as the primary gate and states that secondary confirmatory testing opens only if OS rejects. It lists PFS, ORR, and DOR with familywise alpha 0.025 and Hochberg step-up. Its ascending ordered-p critical values are 0.008333333333333, 0.0125, and 0.025, with the corresponding correct step-up decisions. The subgroup family contains all four public comparisons, reports four planned contrasts, and gives `alpha_per_contrast: 0.00625`, exactly 0.025/4.","OS-gated Hochberg testing of PFS/ORR/DOR at 0.025 with thresholds 0.025/3, 0.025/2, and 0.025; four subgroup comparisons use 0.00625 each.",No secondary confirmatory testing before significant OS; correct three-hypothesis Hochberg rule at familywise alpha 0.025; subgroup Bonferroni alpha 0.00625 for four comparisons.,
verifier_v6_canary,health_medicine__healthcare_sap_group_sequential_nsclc,verifier,1,pass,ebc64154dc632a78d38694c18853e2ecd15e720bd3fe8dc5d744af200cfed219,power.curve.and.plots,deterministic,True,pass,"The deliverables must include a numeric power curve over plausible hazard ratios containing HR 0.73, a corresponding PNG, and a boundary plot PNG.",input/task_instructions.md lines 24-25,"Produce a power curve CSV and PNG over plausible hazard ratios including the target HR.
Produce a boundary plot PNG.",supported,"input/task_instructions.md lines 24-25 states: ""Produce a power curve CSV and PNG over plausible hazard ratios including the target HR."" and ""Produce a boundary plot PNG.""","power_curve.csv contains 30 distinct positive HR values spanning 0.50 through 1.20 and includes exactly one explicit HR 0.73 row. Sequential powers range from 0.0001953824 to 0.9999837578, all within [0,1]; target-HR sequential power is 0.7971097245. Independent re-evaluation using the documented canonical covariance, submitted efficacy boundaries, binding look-1 futility threshold, and deterministic Miwa integration gave maximum absolute difference 4.849587e-11 from the CSV. analysis.R lines 100-108 construct and write the curve; lines 109-112 plot the same `hrs`, `pow`, and fixed-power vectors to power_curve.png; lines 113-117 plot information fractions, efficacy boundaries, and futility Z to boundary_plot.png. Both submitted PNGs decode as nonempty 1200x800 PNGs, and offline regeneration produced byte-identical PNG hashes.","A reproducible 30-point HR 0.50-1.20 curve explicitly containing HR 0.73, plus valid and exactly regenerated power and boundary plots.","A genuine multipoint curve spanning and explicitly containing HR 0.73, valid reproducible probabilities, and valid plots generated from the corresponding numeric design data.",
verifier_v6_canary,health_medicine__healthcare_sap_group_sequential_nsclc,verifier,1,pass,ebc64154dc632a78d38694c18853e2ecd15e720bd3fe8dc5d744af200cfed219,sap.narrative.protocol.fidelity,public_evidence,True,pass,"SAP.md must provide a coherent full narrative covering the protocol design assumptions, interim looks, multiplicity, and deliverables without contradicting sampled protocol facts.","input/task_instructions.md line 26; input/protocol.json lines 2-5, 10, 27-38, and 15-23","Write a full SAP narrative explaining the design assumptions, interim looks, multiplicity, and deliverables.
""design"": ""two-arm parallel, 1:1 randomization""
""gate"": ""primary OS must be significant first""",supported,"input/task_instructions.md line 26 states: ""Write a full SAP narrative explaining the design assumptions, interim looks, multiplicity, and deliverables."" input/protocol.json lines 2-5 includes `""design"": ""two-arm parallel, 1:1 randomization""`; lines 15-23 gives the OS gate; lines 27-38 gives the information fractions and futility rule.","SAP.md is a substantive 148-line plan. Lines 6-8 accurately state randomized two-arm parallel design and 1:1 randomization. Lines 50-77 cover design assumptions and explicitly state target HR 0.73. Lines 79-103 cover looks at 50%, 75%, and 100%, O'Brien-Fleming efficacy, and binding CP <0.20 futility only at look 1 with looks 2-3 NA. Lines 105-116 state OS as gatekeeper and describe Hochberg testing for PFS/ORR/DOR plus subgroup Bonferroni. Lines 124-134 explain the power computation, and lines 140-148 describe all deliverables. No contradiction with any sampled public protocol fact was found.","SAP.md coherently covers protocol design assumptions, HR 0.73, all three interim fractions, the specified look-1 futility rule, OS-gated multiplicity, computational approach, and all deliverables.","A substantive, internally coherent SAP covering all requested narrative areas and accurately reflecting every sampled public protocol fact.",
verifier_v6_canary,health_medicine__healthcare_tcga_luad_survival_kras,prep_verifier,0,fail,607b848afd4a9aeafccd21d969078a948037215d6d2e6bf0b81cb8c0385058e7,outputs.required.files,deterministic,True,pass,All four required output files must be present under output/.,"input/output_requirements.txt, headings 1-4","Required outputs:

1. cohort.csv
2. km_plot.png
3. cox_results.json
4. analysis.R",supported,"input/output_requirements.txt, headings 1-4: ""Required outputs:\n\n1. cohort.csv\n2. km_plot.png\n3. cox_results.json\n4. analysis.R""","Directory listing of /tmp/ale-verifier-c3572d161734/snapshot-0 found four regular, non-empty files: cohort.csv (56,977 bytes), km_plot.png (93,278 bytes), cox_results.json (1,724 bytes), and analysis.R (6,175 bytes).","All four named artifacts are regular files at the snapshot root, which is the resolved submitted output directory, and each has size greater than zero.",Each of the four named files exists under output/ and has size greater than zero.,
verifier_v6_canary,health_medicine__healthcare_tcga_luad_survival_kras,prep_verifier,0,fail,607b848afd4a9aeafccd21d969078a948037215d6d2e6bf0b81cb8c0385058e7,cohort.schema.completeness,deterministic,True,unverifiable,"cohort.csv must have the specified minimum columns, at least 400 data rows, 15-character sample IDs, and no missing values in the six fields identified by the contract.","input/output_requirements.txt, item 1","Must contain at least these columns:
patient_id,sample_id,file_id,kras_expression_selected,kras_group,time_days,status,age_at_diagnosis_years,raw_stage,stage_group
- sample_id must be the sample submitter_id (first 15 characters of the TCGA barcode, e.g. TCGA-05-4245-01A)
- Must contain at least 400 rows
- Must not contain NA in kras_expression_selected,kras_group,time_days,status,age_at_diagnosis_years,stage_group",ambiguous,"input/output_requirements.txt, item 1 states: ""sample_id must be the sample submitter_id (first 15 characters of the TCGA barcode, e.g. TCGA-05-4245-01A)"". The stated length conflicts with the supplied example: ""TCGA-05-4245-01A"" contains 16 characters, not 15.","Python csv parsing succeeded. cohort.csv has 479 data rows and exactly the ten required columns. All sample_id values have length 16. There were zero blank/NA-like values in kras_expression_selected, kras_group, time_days, status, age_at_diagnosis_years, and stage_group; all values in kras_expression_selected, time_days, status, and age_at_diagnosis_years parsed as finite numbers. Because the public source simultaneously prescribes 15 characters and illustrates a 16-character value, the sample-ID component cannot be conclusively evaluated.","479 rows; required columns all present; required fields complete; numeric fields finite; every sample_id is 16 characters, for example TCGA-05-4244-01A.","At least 400 rows, all ten required columns, complete required fields, finite numeric fields, and sample IDs satisfying the source's length requirement; the latter is ambiguous between the stated 15 characters and 16-character example.",
verifier_v6_canary,health_medicine__healthcare_tcga_luad_survival_kras,prep_verifier,0,fail,607b848afd4a9aeafccd21d969078a948037215d6d2e6bf0b81cb8c0385058e7,cohort.median.stratification,deterministic,True,pass,"KRAS groups must be obtained from the cohort median, with expression values greater than or equal to the median assigned high and values below it assigned low.","public task prompt, What you need to do, item 5",stratify patients into high/low KRAS groups using the cohort median; values greater than or equal to the median are high.,supported,"Public task prompt, What you need to do, item 5: ""stratify patients into high/low KRAS groups using the cohort median; values greater than or equal to the median are high.""","Parsing all 479 kras_expression_selected values and computing the median produced 28.1055. Re-deriving each label with expression >= 28.1055 as high and expression < 28.1055 as low produced zero mismatches. The observed labels consist only of high and low, with 240 high and 239 low rows.",Median 28.1055; high=240; low=239; label mismatches=0.,Every kras_group is exactly high or low and agrees with the stated median rule.,
verifier_v6_canary,health_medicine__healthcare_tcga_luad_survival_kras,prep_verifier,0,fail,607b848afd4a9aeafccd21d969078a948037215d6d2e6bf0b81cb8c0385058e7,plot.valid.png,deterministic,True,pass,"km_plot.png must be a valid, non-trivial PNG.","input/output_requirements.txt, item 2","2. km_plot.png
   - Valid non-trivial PNG",supported,"input/output_requirements.txt, item 2: ""2. km_plot.png\n   - Valid non-trivial PNG""","The file begins with PNG signature 89504e470d0a1a0a. Pillow decoded and fully loaded it as an RGB PNG of 1400 x 1000 pixels. The image contains 1,789 distinct colors and channel extrema of 0-255, so it is not uniform.","Valid decoded PNG; dimensions 1400 x 1000; RGB; 1,789 colors.",The file decodes without error as a positive-dimension PNG and is not a uniform blank image.,
verifier_v6_canary,health_medicine__healthcare_tcga_luad_survival_kras,prep_verifier,0,fail,607b848afd4a9aeafccd21d969078a948037215d6d2e6bf0b81cb8c0385058e7,cox.json.structure,deterministic,True,pass,"cox_results.json must contain all specified top-level sections, summary and log-rank fields, and coefficient entries and fields.","input/output_requirements.txt, item 3","Must include these top-level sections: cohort_summary, log_rank, cox_model, ph_test
- cohort_summary must contain: n_patients, n_events, n_kras_high, n_kras_low, median_kras_expression
- log_rank must contain: test_statistic (chi-squared value), p_value
- cox_model must contain a coefficients dict keyed by variable name:
keys: kras_group_high, age_at_diagnosis_years, stage_group_advanced
each value must contain: hazard_ratio, p_value, ci_lower_95, ci_upper_95",supported,"input/output_requirements.txt, item 3: ""Must include these top-level sections: cohort_summary, log_rank, cox_model, ph_test""; it further requires cohort_summary keys n_patients, n_events, n_kras_high, n_kras_low, median_kras_expression; log_rank keys test_statistic and p_value; and coefficients for kras_group_high, age_at_diagnosis_years, and stage_group_advanced, each with hazard_ratio, p_value, ci_lower_95, and ci_upper_95.","cox_results.json parsed successfully. Top-level keys are cohort_summary, log_rank, cox_model, and ph_test. cohort_summary contains all five required fields; log_rank contains test_statistic and p_value; cox_model.coefficients is an object containing kras_group_high, age_at_diagnosis_years, and stage_group_advanced, and every coefficient entry contains hazard_ratio, p_value, ci_lower_95, and ci_upper_95.","All required top-level, summary, log-rank, coefficient-variable, and coefficient-result keys are present.","The JSON parses and every required section, variable entry, and nested field is present.",
verifier_v6_canary,health_medicine__healthcare_tcga_luad_survival_kras,prep_verifier,0,fail,607b848afd4a9aeafccd21d969078a948037215d6d2e6bf0b81cb8c0385058e7,script.expression.selection,public_evidence,True,pass,analysis.R must clearly encode selection of KRAS tpm_unstranded expression from Primary Tumor samples and lexicographically smallest sample_submitter_id deduplication.,"input/task_spec.json, keys /gene and /sample_selection","""ensembl_id"": ""ENSG00000133703"",
""expression_metric"": ""tpm_unstranded""
""sample_type"": ""Primary Tumor"",
""deduplication"": ""When a patient has multiple primary-tumor samples, keep only the one whose sample submitter_id is lexicographically smallest.""",supported,"input/task_spec.json#/gene specifies ""ensembl_id"": ""ENSG00000133703"" and ""expression_metric"": ""tpm_unstranded"". input/task_spec.json#/sample_selection specifies ""sample_type"": ""Primary Tumor"" and ""deduplication"": ""When a patient has multiple primary-tumor samples, keep only the one whose sample submitter_id is lexicographically smallest.""","analysis.R lines 17-21 construct a TCGA-LUAD STAR-Counts GDC query with sample.type=""Primary Tumor"". Lines 28-36 require and extract assay(se,""tpm_unstranded"") for version-stripped gene ID ENSG00000133703. Lines 39-40 order by patient_id, sample_id, and file_id, then retain the first row per patient, which retains the lexicographically smallest sample_id with file_id as a deterministic secondary key.","Executable acquisition/selection function explicitly filters Primary Tumor, selects ENSG00000133703 from tpm_unstranded, sorts patient_id/sample_id/file_id, and deduplicates by patient_id.",analysis.R clearly implements every selection rule represented by the sampled public records.,
verifier_v6_canary,health_medicine__healthcare_tcga_luad_survival_kras,prep_verifier,0,fail,607b848afd4a9aeafccd21d969078a948037215d6d2e6bf0b81cb8c0385058e7,script.survival.analysis,public_evidence,True,fail,"analysis.R must clearly encode the specified overall-survival outcome, Kaplan-Meier/log-rank analysis, Cox model, and proportional-hazards test.","input/task_spec.json, keys /outcome and /analysis","""time_field"": ""days_to_death or days_to_last_follow_up"",
""event_field"": ""vital_status (Dead=1, Alive=0)""
""test"": ""log-rank""
""formula"": ""Surv(time, status) ~ kras_group + age_at_diagnosis + stage_group"",
""ph_test"": ""cox.zph()""",supported,"input/task_spec.json#/outcome specifies ""time_field"": ""days_to_death or days_to_last_follow_up"" and ""event_field"": ""vital_status (Dead=1, Alive=0)"". input/task_spec.json#/analysis specifies log-rank analysis, the formula ""Surv(time, status) ~ kras_group + age_at_diagnosis + stage_group"", and ""ph_test"": ""cox.zph()"".","analysis.R lines 75-79 execute Kaplan-Meier and log-rank analysis, lines 93-94 execute the required Cox covariates, and line 107 invokes cox.zph(fit). However, derivation of overall-survival time and event is only described in comments at lines 41-43. The executable download_tcga_luad() function returns expression, clinical, and se at line 44 without merging clinical records or deriving time_days/status. Lines 52-57 instead require a pre-existing output/precohort.csv already containing time_days and status. Thus the specified days_to_death/days_to_last_follow_up and Dead=1/Alive=0 outcome derivation is not executable logic in the script.","KM, log-rank, Cox, and cox.zph are executable, but survival outcome derivation is merely commented and delegated to an absent precomputed intermediate.","analysis.R clearly implements executable logic deriving time and event as specified, fitting Kaplan-Meier curves by kras_group, performing a log-rank test, fitting the stated Cox covariates, and invoking cox.zph().","Add executable code after clinical download that joins clinical data to the selected expression rows, assigns status=1 for Dead and 0 for Alive, assigns time_days from days_to_death for deaths and days_to_last_follow_up otherwise, derives age and stage_group, and passes that resulting table directly into the existing analysis instead of requiring a pre-derived precohort.csv."
verifier_v6_canary,health_medicine__healthcare_tcga_luad_survival_kras,prep_verifier,1,unverifiable,7f63e36856e135afe2f9baa7d627bc5d8e5993f6e6ce9d22245d0242754322ab,outputs.required.files,deterministic,True,pass,All four required output files must be present under output/.,"input/output_requirements.txt, headings 1-4","Required outputs:

1. cohort.csv
2. km_plot.png
3. cox_results.json
4. analysis.R",supported,"input/output_requirements.txt, headings 1-4: ""Required outputs:\n\n1. cohort.csv\n2. km_plot.png\n3. cox_results.json\n4. analysis.R""","Resolved the artifact snapshot as the submitted output directory. Regular-file checks found: cohort.csv (62,741 bytes; SHA-256 550780d546ff4ef382e00c4edc20fd5443970f66320b32e62ac8e9cf5babb901), km_plot.png (93,278 bytes; SHA-256 c2dec6210a0f5aa3ba91a5fdb6d6832cce4d40f8e7c022e2695d9aad005b5311), cox_results.json (1,722 bytes; SHA-256 103b04d2918d9b0e8ce3d51ebbbe72b52829258f3a183e330c6427cfbf50bb97), and analysis.R (8,651 bytes; SHA-256 d100f7ceaab2d632948527eebb1a75393b35a75de0e73e0ba16b15d3d2464d05). The rejected-symlink receipt was empty.",All four named files are regular and non-empty.,Each of the four named files exists under output/ and has size greater than zero.,
verifier_v6_canary,health_medicine__healthcare_tcga_luad_survival_kras,prep_verifier,1,unverifiable,7f63e36856e135afe2f9baa7d627bc5d8e5993f6e6ce9d22245d0242754322ab,cohort.schema.completeness,deterministic,True,unverifiable,"cohort.csv must have the specified minimum columns, at least 400 data rows, 15-character sample IDs, and no missing values in the six fields identified by the contract.","input/output_requirements.txt, item 1","Must contain at least these columns:
patient_id,sample_id,file_id,kras_expression_selected,kras_group,time_days,status,age_at_diagnosis_years,raw_stage,stage_group
- sample_id must be the sample submitter_id (first 15 characters of the TCGA barcode, e.g. TCGA-05-4245-01A)
- Must contain at least 400 rows
- Must not contain NA in kras_expression_selected,kras_group,time_days,status,age_at_diagnosis_years,stage_group",contradicted,"input/output_requirements.txt, item 1 states: ""sample_id must be the sample submitter_id (first 15 characters of the TCGA barcode, e.g. TCGA-05-4245-01A)"". This is internally contradictory: the stated example ""TCGA-05-4245-01A"" contains 16 characters, not 15. The remaining requirements are present verbatim: the ten minimum columns, at least 400 rows, and no NA in the six named fields.","cohort.csv parsed successfully with 479 data rows and exactly these ten columns: patient_id, sample_id, file_id, kras_expression_selected, kras_group, time_days, status, age_at_diagnosis_years, raw_stage, stage_group. All six required complete fields had zero blank/NA-like values, and kras_expression_selected, time_days, status, and age_at_diagnosis_years had zero non-finite or unparsable values. However, all 479 sample_id values have length 16. That agrees with the public example but conflicts with the public statement ""first 15 characters""; under the source-conflict rule this cannot be classified as pass or fail.",479 rows; all ten columns present; zero required-field missing values; zero invalid numeric values; sample_id lengths are uniformly 16.,"The CSV parses successfully, has all ten required columns and at least 400 rows, every sample_id has length 15, and all six required complete fields are populated; the four numeric fields are finite.",
verifier_v6_canary,health_medicine__healthcare_tcga_luad_survival_kras,prep_verifier,1,unverifiable,7f63e36856e135afe2f9baa7d627bc5d8e5993f6e6ce9d22245d0242754322ab,cohort.median.stratification,deterministic,True,pass,"KRAS groups must be obtained from the cohort median, with expression values greater than or equal to the median assigned high and values below it assigned low.","public task prompt, What you need to do, item 5",stratify patients into high/low KRAS groups using the cohort median; values greater than or equal to the median are high.,supported,"Public task prompt, What you need to do, item 5: ""Merge expression with survival and clinical covariates, and stratify patients into high/low KRAS groups using the cohort median; values greater than or equal to the median are high.""","Parsed all 479 kras_expression_selected values and independently computed the cohort median as 28.1055. Re-derived each label using expression >= 28.1055 as ""high"" and expression < 28.1055 as ""low"". Comparison found 0 mismatches. The file contains 240 high rows and 239 low rows and no other labels.",Median 28.1055; high=240; low=239; label mismatches=0.,Every kras_group is exactly high or low and agrees with the stated median rule.,
verifier_v6_canary,health_medicine__healthcare_tcga_luad_survival_kras,prep_verifier,1,unverifiable,7f63e36856e135afe2f9baa7d627bc5d8e5993f6e6ce9d22245d0242754322ab,plot.valid.png,deterministic,True,pass,"km_plot.png must be a valid, non-trivial PNG.","input/output_requirements.txt, item 2","2. km_plot.png
   - Valid non-trivial PNG",supported,"input/output_requirements.txt, item 2: ""2. km_plot.png\n   - Valid non-trivial PNG""","km_plot.png starts with the required PNG signature 89504e470d0a1a0a. Pillow decoded the complete file as PNG, RGB mode, 1400 by 1000 pixels. Channel extrema were (0,255), (0,255), and (0,255), and 1,789 distinct RGB colors were counted, demonstrating that the image is non-uniform.","Valid decoded 1400x1000 RGB PNG with 1,789 colors.",The file decodes without error as a positive-dimension PNG and is not a uniform blank image.,
verifier_v6_canary,health_medicine__healthcare_tcga_luad_survival_kras,prep_verifier,1,unverifiable,7f63e36856e135afe2f9baa7d627bc5d8e5993f6e6ce9d22245d0242754322ab,cox.json.structure,deterministic,True,pass,"cox_results.json must contain all specified top-level sections, summary and log-rank fields, and coefficient entries and fields.","input/output_requirements.txt, item 3","Must include these top-level sections: cohort_summary, log_rank, cox_model, ph_test
- cohort_summary must contain: n_patients, n_events, n_kras_high, n_kras_low, median_kras_expression
- log_rank must contain: test_statistic (chi-squared value), p_value
- cox_model must contain a coefficients dict keyed by variable name:
keys: kras_group_high, age_at_diagnosis_years, stage_group_advanced
each value must contain: hazard_ratio, p_value, ci_lower_95, ci_upper_95",supported,"input/output_requirements.txt, item 3: ""Must include these top-level sections: cohort_summary, log_rank, cox_model, ph_test\n- cohort_summary must contain: n_patients, n_events, n_kras_high, n_kras_low, median_kras_expression\n- log_rank must contain: test_statistic (chi-squared value), p_value\n- cox_model must contain a coefficients dict keyed by variable name:\n     keys: kras_group_high, age_at_diagnosis_years, stage_group_advanced\n     each value must contain: hazard_ratio, p_value, ci_lower_95, ci_upper_95""","cox_results.json parsed successfully. Top-level keys are cohort_summary, log_rank, cox_model, and ph_test. cohort_summary contains n_patients, n_events, n_kras_high, n_kras_low, and median_kras_expression. log_rank contains test_statistic and p_value. cox_model.coefficients is an object containing kras_group_high, age_at_diagnosis_years, and stage_group_advanced; each entry contains hazard_ratio, p_value, ci_lower_95, and ci_upper_95.","All required top-level, summary, log-rank, coefficient-variable, and coefficient-result keys are present.","The JSON parses and every required section, variable entry, and nested field is present.",
verifier_v6_canary,health_medicine__healthcare_tcga_luad_survival_kras,prep_verifier,1,unverifiable,7f63e36856e135afe2f9baa7d627bc5d8e5993f6e6ce9d22245d0242754322ab,script.expression.selection,public_evidence,True,pass,analysis.R must clearly encode selection of KRAS tpm_unstranded expression from Primary Tumor samples and lexicographically smallest sample_submitter_id deduplication.,"input/task_spec.json, keys /gene and /sample_selection","""ensembl_id"": ""ENSG00000133703"",
""expression_metric"": ""tpm_unstranded""
""sample_type"": ""Primary Tumor"",
""deduplication"": ""When a patient has multiple primary-tumor samples, keep only the one whose sample submitter_id is lexicographically smallest.""",supported,"input/task_spec.json#/gene states: ""ensembl_id"": ""ENSG00000133703"" and ""expression_metric"": ""tpm_unstranded"". input/task_spec.json#/sample_selection states: ""sample_type"": ""Primary Tumor"" and ""deduplication"": ""When a patient has multiple primary-tumor samples, keep only the one whose sample submitter_id is lexicographically smallest.""","analysis.R contains executable acquisition and selection logic: lines 61-65 issue GDCquery for project TCGA-LUAD, STAR - Counts, and sample.type=""Primary Tumor""; lines 72-75 require assay ""tpm_unstranded"" and identify version-stripped ENSG00000133703; lines 76-80 extract assay(se,""tpm_unstranded"")[k,] with sample submitter IDs; lines 83-84 order records by patient_id, sample_id, and file_id and retain the first record per patient. Because sample_id is the leading sample_submitter_id substring and order is ascending, this retains the lexicographically smallest sample_submitter_id, with file_id only as a deterministic secondary key.","Executable workflow explicitly filters Primary Tumor, selects ENSG00000133703 from tpm_unstranded, sorts ascending by patient and sample ID, and keeps the first patient record.",analysis.R clearly implements every selection rule represented by the sampled public records.,
verifier_v6_canary,health_medicine__healthcare_tcga_luad_survival_kras,prep_verifier,1,unverifiable,7f63e36856e135afe2f9baa7d627bc5d8e5993f6e6ce9d22245d0242754322ab,script.survival.analysis,public_evidence,True,pass,"analysis.R must clearly encode the specified overall-survival outcome, Kaplan-Meier/log-rank analysis, Cox model, and proportional-hazards test.","input/task_spec.json, keys /outcome and /analysis","""time_field"": ""days_to_death or days_to_last_follow_up"",
""event_field"": ""vital_status (Dead=1, Alive=0)""
""test"": ""log-rank""
""formula"": ""Surv(time, status) ~ kras_group + age_at_diagnosis + stage_group"",
""ph_test"": ""cox.zph()""",supported,"input/task_spec.json#/outcome states: ""time_field"": ""days_to_death or days_to_last_follow_up"" and ""event_field"": ""vital_status (Dead=1, Alive=0)"". input/task_spec.json#/analysis specifies Kaplan-Meier strata ""kras_group (high/low)"", ""test"": ""log-rank"", Cox ""formula"": ""Surv(time, status) ~ kras_group + age_at_diagnosis + stage_group"", and ""ph_test"": ""cox.zph()"".","analysis.R lines 25-36 convert vital_status to Dead=1/Alive=0 and select days_to_death for deaths or days_to_last_follow_up for censored patients. Lines 119-123 construct Surv(time_days,status), fit survfit by kras_group, and run survdiff with rho=0 for the log-rank test. Lines 137-138 fit coxph with kras_group, age_at_diagnosis_years, and stage_group. Line 151 invokes cox.zph(fit). These are executable statements, not comments.","The script implements the specified OS derivation, Kaplan-Meier fit, log-rank test, multivariable Cox model, and proportional-hazards test.",analysis.R clearly implements the sampled outcome and analysis specification rather than merely mentioning it in comments.,
verifier_v6_canary,health_medicine__healthcare_tcga_luad_survival_kras,verifier,0,unverifiable,89775d72fadbfc4e3372076034a56d6afa86f09ce01846864b8b0656886a35ff,outputs.required.files,deterministic,True,pass,All four required output files must be present under output/.,"input/output_requirements.txt, headings 1-4","Required outputs:

1. cohort.csv
2. km_plot.png
3. cox_results.json
4. analysis.R",supported,"input/output_requirements.txt, headings 1-4: ""Required outputs:\n\n1. cohort.csv\n2. km_plot.png\n3. cox_results.json\n4. analysis.R""","Snapshot listing found four regular non-empty files: ./cohort.csv (62,741 bytes), ./km_plot.png (135,420 bytes), ./cox_results.json (1,492 bytes), and ./analysis.R (9,467 bytes). The rejected-symlink receipt was empty.",All four required files are present as regular files and have sizes greater than zero.,Each of the four named files exists under output/ and has size greater than zero.,
verifier_v6_canary,health_medicine__healthcare_tcga_luad_survival_kras,verifier,0,unverifiable,89775d72fadbfc4e3372076034a56d6afa86f09ce01846864b8b0656886a35ff,cohort.schema.completeness,deterministic,True,unverifiable,"cohort.csv must have the specified minimum columns, at least 400 data rows, 15-character sample IDs, and no missing values in the six fields identified by the contract.","input/output_requirements.txt, item 1","Must contain at least these columns:
patient_id,sample_id,file_id,kras_expression_selected,kras_group,time_days,status,age_at_diagnosis_years,raw_stage,stage_group
- sample_id must be the sample submitter_id (first 15 characters of the TCGA barcode, e.g. TCGA-05-4245-01A)
- Must contain at least 400 rows
- Must not contain NA in kras_expression_selected,kras_group,time_days,status,age_at_diagnosis_years,stage_group",contradicted,"input/output_requirements.txt, item 1 states: ""sample_id must be the sample submitter_id (first 15 characters of the TCGA barcode, e.g. TCGA-05-4245-01A)"". This is internally contradictory: the stated example ""TCGA-05-4245-01A"" contains 16 characters, not 15. The same item also states: ""Must contain at least 400 rows"" and ""Must not contain NA in kras_expression_selected,kras_group,time_days,status,age_at_diagnosis_years,stage_group"".","cohort.csv parsed successfully with 479 data rows and exactly the ten required columns. Missing/NA-like counts were zero for all six required complete fields. kras_expression_selected, time_days, status, and age_at_diagnosis_years had zero non-finite or unparsable values. Every sample_id had length 16, matching the published example but conflicting with the published phrase ""first 15 characters"". Because the source itself conflicts, the sample-ID condition cannot be resolved without choosing one side.",479 rows; all required columns present; all required complete and numeric checks pass; sample_id length distribution is {16: 479}.,"At least 400 rows, all ten columns, complete required fields, finite numeric fields, and sample IDs of the contractually specified length; the source inconsistently specifies 15 characters while giving a 16-character example.",
verifier_v6_canary,health_medicine__healthcare_tcga_luad_survival_kras,verifier,0,unverifiable,89775d72fadbfc4e3372076034a56d6afa86f09ce01846864b8b0656886a35ff,cohort.median.stratification,deterministic,True,pass,"KRAS groups must be obtained from the cohort median, with expression values greater than or equal to the median assigned high and values below it assigned low.","public task prompt, What you need to do, item 5",stratify patients into high/low KRAS groups using the cohort median; values greater than or equal to the median are high.,supported,"Public task prompt, What you need to do, item 5: ""stratify patients into high/low KRAS groups using the cohort median; values greater than or equal to the median are high.""","Parsing all 479 kras_expression_selected values produced a cohort median of 28.1055. Recomputing each label with expression >= 28.1055 as ""high"" and expression < 28.1055 as ""low"" yielded zero mismatches. Observed labels were 240 high and 239 low, with no labels outside those exact case-sensitive values.",Median 28.1055; high=240; low=239; mismatches=0.,Every kras_group is exactly high or low and agrees with the stated median rule.,
verifier_v6_canary,health_medicine__healthcare_tcga_luad_survival_kras,verifier,0,unverifiable,89775d72fadbfc4e3372076034a56d6afa86f09ce01846864b8b0656886a35ff,plot.valid.png,deterministic,True,pass,"km_plot.png must be a valid, non-trivial PNG.","input/output_requirements.txt, item 2","2. km_plot.png
   - Valid non-trivial PNG",supported,"input/output_requirements.txt, item 2: ""2. km_plot.png\n   - Valid non-trivial PNG""","km_plot.png begins with PNG signature 89504e470d0a1a0a. Pillow decoded the complete image successfully as an RGB PNG of 1800x1400 pixels. The decoded image had 1,979 distinct colors and per-channel extrema of 0 through 255, so it is not uniform or blank.","Valid decoded PNG, 1800x1400 RGB, 135,420 bytes, 1,979 distinct colors.",The file decodes without error as a positive-dimension PNG and is not a uniform blank image.,
verifier_v6_canary,health_medicine__healthcare_tcga_luad_survival_kras,verifier,0,unverifiable,89775d72fadbfc4e3372076034a56d6afa86f09ce01846864b8b0656886a35ff,cox.json.structure,deterministic,True,pass,"cox_results.json must contain all specified top-level sections, summary and log-rank fields, and coefficient entries and fields.","input/output_requirements.txt, item 3","Must include these top-level sections: cohort_summary, log_rank, cox_model, ph_test
- cohort_summary must contain: n_patients, n_events, n_kras_high, n_kras_low, median_kras_expression
- log_rank must contain: test_statistic (chi-squared value), p_value
- cox_model must contain a coefficients dict keyed by variable name:
keys: kras_group_high, age_at_diagnosis_years, stage_group_advanced
each value must contain: hazard_ratio, p_value, ci_lower_95, ci_upper_95",supported,"input/output_requirements.txt, item 3: ""Must include these top-level sections: cohort_summary, log_rank, cox_model, ph_test\n- cohort_summary must contain: n_patients, n_events, n_kras_high, n_kras_low, median_kras_expression\n- log_rank must contain: test_statistic (chi-squared value), p_value\n- cox_model must contain a coefficients dict keyed by variable name:\nkeys: kras_group_high, age_at_diagnosis_years, stage_group_advanced\neach value must contain: hazard_ratio, p_value, ci_lower_95, ci_upper_95""","cox_results.json parsed successfully. Its top-level keys are cohort_summary, log_rank, cox_model, and ph_test. cohort_summary contains all five required keys; log_rank contains test_statistic and p_value. cox_model.coefficients is an object containing kras_group_high, age_at_diagnosis_years, and stage_group_advanced, and every entry contains hazard_ratio, p_value, ci_lower_95, and ci_upper_95.",All four top-level sections and every required nested key are present; ph_test is a JSON object.,"The JSON parses and every required section, variable entry, and nested field is present.",
verifier_v6_canary,health_medicine__healthcare_tcga_luad_survival_kras,verifier,0,unverifiable,89775d72fadbfc4e3372076034a56d6afa86f09ce01846864b8b0656886a35ff,script.expression.selection,public_evidence,True,pass,analysis.R must clearly encode selection of KRAS tpm_unstranded expression from Primary Tumor samples and lexicographically smallest sample_submitter_id deduplication.,"input/task_spec.json, keys /gene and /sample_selection","""ensembl_id"": ""ENSG00000133703"",
""expression_metric"": ""tpm_unstranded""
""sample_type"": ""Primary Tumor"",
""deduplication"": ""When a patient has multiple primary-tumor samples, keep only the one whose sample submitter_id is lexicographically smallest.""",supported,"input/task_spec.json#/gene contains ""ensembl_id"": ""ENSG00000133703"" and ""expression_metric"": ""tpm_unstranded"". input/task_spec.json#/sample_selection contains ""sample_type"": ""Primary Tumor"" and ""deduplication"": ""When a patient has multiple primary-tumor samples, keep only the one whose sample submitter_id is lexicographically smallest.""","analysis.R lines 25-28 construct a TCGA-LUAD STAR-count GDCquery with sample.type=""Primary Tumor"". Lines 31-34 select SummarizedExperiment assay ""tpm_unstranded"" and match version-stripped row names to ENSG00000133703. Lines 53-55 convert sample_id to character, order by patient_id then sample_id then file_id, and retain the first non-duplicated patient, which selects the lexicographically smallest sample_id per patient. These requirements are implemented as executable R statements rather than only comments.","Executable code identifies ENSG00000133703, selects tpm_unstranded, queries Primary Tumor samples, sorts sample IDs lexicographically within patient, and retains one row per patient.",analysis.R clearly implements every selection rule represented by the sampled public records.,
verifier_v6_canary,health_medicine__healthcare_tcga_luad_survival_kras,verifier,0,unverifiable,89775d72fadbfc4e3372076034a56d6afa86f09ce01846864b8b0656886a35ff,script.survival.analysis,public_evidence,True,pass,"analysis.R must clearly encode the specified overall-survival outcome, Kaplan-Meier/log-rank analysis, Cox model, and proportional-hazards test.","input/task_spec.json, keys /outcome and /analysis","""time_field"": ""days_to_death or days_to_last_follow_up"",
""event_field"": ""vital_status (Dead=1, Alive=0)""
""test"": ""log-rank""
""formula"": ""Surv(time, status) ~ kras_group + age_at_diagnosis + stage_group"",
""ph_test"": ""cox.zph()""",supported,"input/task_spec.json#/outcome states ""time_field"": ""days_to_death or days_to_last_follow_up"" and ""event_field"": ""vital_status (Dead=1, Alive=0)"". input/task_spec.json#/analysis specifies a log-rank test, Cox formula ""Surv(time, status) ~ kras_group + age_at_diagnosis + stage_group"", and ""ph_test"": ""cox.zph()"".","analysis.R line 67 maps Dead to 1 and Alive to 0. Lines 68-74 derive event time from days_to_death for deaths and the latest finite follow-up for censored patients. Lines 97-100 create Surv(time_days,status), fit survfit by kras_group, and run survdiff with rho=0 for the log-rank test. Line 101 fits coxph with kras_group, age_at_diagnosis_years, and stage_group; line 102 invokes cox.zph(fit).","Executable survival logic implements the specified OS event/time mapping, Kaplan-Meier fit, log-rank test, three-covariate Cox model, and proportional-hazards test.",analysis.R clearly implements the sampled outcome and analysis specification rather than merely mentioning it in comments.,
verifier_v6_canary,health_medicine__healthcare_variant_annotation_pipeline,prep_verifier,0,unverifiable,8f6525fb49f1f996eda0c2bc4fcefc9b6e1e01503c0d4c7a3ca823b9aedd0d9e,outputs.files.and.schema,deterministic,True,pass,All four required output files must exist; both TSVs must be tab-separated with the exact ten-column header and permitted missing-value/domain encodings.,"public task prompt, anchors ""Write these files"" and ""Output rules""","Write these files under `/media/user/data/agenthle/health_medicine/healthcare_variant_annotation_pipeline/base/output`: - `annotated_variants.tsv` - `reportable_variants.tsv` - `pipeline.py` - `run_log.json`
`variant_id chrom pos ref alt gene consequence max_population_af clinvar_significance is_reportable`
Missing values: use `NA` for missing numeric fields ... and `not_reported` for missing categorical fields",supported,"Public task prompt, anchors ""Write these files"" and ""Output rules"": ""Write these files under `/media/user/data/agenthle/health_medicine/healthcare_variant_annotation_pipeline/base/output`: - `annotated_variants.tsv` - `reportable_variants.tsv` - `pipeline.py` - `run_log.json`""; exact header: ""variant_id chrom pos ref alt gene consequence max_population_af clinvar_significance is_reportable""; missing-value rule: ""use `NA` for missing numeric fields ... and `not_reported` for missing categorical fields"".","`find /tmp/ale-verifier-0f353acae3ad/snapshot-0 -maxdepth 3 -printf '%y %P\n'` reported all four required paths as regular files. Strict csv parsing with delimiter `\t` found: annotated_variants.tsv header_equal=True, 50 rows, badwidth=[], badempty=[], badaf=[]; reportable_variants.tsv header_equal=True, 2 rows, badwidth=[], badempty=[], badaf=[]. Observed flag domains were ['no','yes'] and ['yes'], respectively.","Four regular files exist; both TSVs have the exact ordered ten-column header, exactly ten fields per row, no empty or '.' cells, and every AF is numeric or NA.",All files exist and both TSVs have the exact schema with no prohibited or empty value encodings.,
verifier_v6_canary,health_medicine__healthcare_variant_annotation_pipeline,prep_verifier,0,unverifiable,8f6525fb49f1f996eda0c2bc4fcefc9b6e1e01503c0d4c7a3ca823b9aedd0d9e,annotated.input.identity.order,deterministic,True,pass,"The annotated table must contain all 50 staged variants exactly once and in staged order, retaining their input identity and locus fields.","public task prompt, job steps 2-3; input/source_manifest.json lines 8-11","Read the 50 staged variants in order.
""annotated_variants"": 50",supported,"Public task prompt, job step 2: ""Read the 50 staged variants in order."" input/source_manifest.json lines 8-11 states `""annotated_variants"": 50`.","Independent TSV comparison printed `IDENTITY 50 50 True dups 0`: input/variants_to_annotate.tsv and snapshot annotated_variants.tsv each contain 50 data rows; every corresponding row's variant_id, chrom, pos, ref, and alt matched, and there were zero duplicate variant IDs.","50 annotated rows, exact staged order and five-field identity, zero duplicates.",Exactly 50 annotated rows occur in the same order as the input and preserve all five staged variant fields.,
verifier_v6_canary,health_medicine__healthcare_variant_annotation_pipeline,prep_verifier,0,unverifiable,8f6525fb49f1f996eda0c2bc4fcefc9b6e1e01503c0d4c7a3ca823b9aedd0d9e,annotation.af.clinvar,deterministic,True,pass,"For every submitted ALT, max_population_af must be the maximum numeric ALT-specific frequency from all colocated variants, and ClinVar significance must use the manifest priority with the required missing encodings.","input/source_manifest.json lines 3 and 5; public task prompt, Output rules","""clinvar_significance"": ""For the submitted ALT allele, pick the highest-priority label from colocated_variants[*].clin_sig with priority pathogenic > likely_pathogenic > uncertain_significance > conflicting_classifications_of_pathogenicity > drug_response > risk_factor > association > likely_benign > benign.""
""max_population_af"": ""For the submitted ALT allele, take the maximum numeric value across all available frequency sources in VEP colocated variants.""",supported,"input/source_manifest.json line 3: ""For the submitted ALT allele, pick the highest-priority label from colocated_variants[*].clin_sig with priority pathogenic > likely_pathogenic > uncertain_significance > conflicting_classifications_of_pathogenicity > drug_response > risk_factor > association > likely_benign > benign."" Line 5: ""For the submitted ALT allele, take the maximum numeric value across all available frequency sources in VEP colocated variants.""","An independent parser processed all 50 JSONL records, obtained submitted ALT from vep_response.allele_string, collected numeric values from each colocated_variants[*].frequencies[ALT], and resolved ALT-specific clin_sig_allele labels using the stated priority. Its comparison printed `AF_MISMATCHES []` and `CLINVAR_MISMATCHES []`. Numeric AF strings were compared by numeric value; records with no values were compared to NA.",0 AF mismatches and 0 ClinVar-significance mismatches across all 50 variants.,Every annotated max_population_af and clinvar_significance equals the independently derived manifest result.,
verifier_v6_canary,health_medicine__healthcare_variant_annotation_pipeline,prep_verifier,0,unverifiable,8f6525fb49f1f996eda0c2bc4fcefc9b6e1e01503c0d4c7a3ca823b9aedd0d9e,annotation.gene.consequence.sample,public_evidence,True,pass,"Gene and consequence must come from the highest-priority coding consequence on a protein-coding transcript, with canonical transcripts preferred when consequence priority ties.",input/source_manifest.json line 4,"""gene_and_consequence"": ""Use the highest-priority coding consequence from a protein-coding transcript; prefer canonical transcripts when the consequence priority ties.""",supported,"input/source_manifest.json line 4: ""Use the highest-priority coding consequence from a protein-coding transcript; prefer canonical transcripts when the consequence priority ties.""","Independent transcript inspection produced these selected/output matches: chr1_1046551_A_G: AGRN/synonymous_variant, canonical ENST00000379370 (three noncanonical tied transcripts also present); chr1_979034_CGAA_C: PERM1/inframe_deletion, canonical ENST00000433179; chr1_979496_T_C: PERM1/missense_variant, canonical ENST00000433179; chr1_1304573_A_G: ACAP3/missense_variant, sole top transcript ENST00000969101; chr1_1054900_C_T: AGRN/synonymous_variant, canonical ENST00000379370 (three noncanonical tied transcripts also present). In every case annotated_variants.tsv reported the same gene and consequence.","All five fixed samples match the highest-priority protein-coding consequence selection, including canonical tie preference where a canonical transcript exists.","For every sampled variant, the reported gene and consequence match the manifest-directed selection supported by its public VEP snapshot.",
verifier_v6_canary,health_medicine__healthcare_variant_annotation_pipeline,prep_verifier,0,unverifiable,8f6525fb49f1f996eda0c2bc4fcefc9b6e1e01503c0d4c7a3ca823b9aedd0d9e,reportability.rule.and.subset,deterministic,True,unverifiable,"Every annotated is_reportable value must be lowercase yes or no according to the manifest rule, and the reportable table must contain exactly the reportable annotated rows; the public manifest expects three.","input/source_manifest.json lines 6 and 8-11; public task prompt, Output rules","""reportable"": ""Mark a variant reportable when the selected consequence is one of ['frameshift_variant', 'splice_acceptor_variant', 'splice_donor_variant', 'start_lost', 'stop_gained', 'stop_lost'] or the ClinVar label is pathogenic / likely_pathogenic, and the max population AF is missing or below 0.01.""
""reportable_variants"": 3
`is_reportable` must be `yes` or `no` (lowercase)",contradicted,"input/source_manifest.json line 6 says: ""Mark a variant reportable when the selected consequence is one of ['frameshift_variant', 'splice_acceptor_variant', 'splice_donor_variant', 'start_lost', 'stop_gained', 'stop_lost'] or the ClinVar label is pathogenic / likely_pathogenic, and the max population AF is missing or below 0.01."" Lines 8-11 separately state `""reportable_variants"": 3`. Applying the fixed check's stated Boolean grouping—AF missing or <0.01 over the entire consequence-or-ClinVar condition—produces 2, not 3. The public wording also has an unparenthesized OR/AND scope that permits the count-producing alternative interpretation.","Under the fixed check's grouping, independent evaluation found exactly two true variants: chr1_1310876_CGGCTCTGGGTCACAGGT_C and chr1_1635982_G_GC. It printed `flagmis []`, `submitted_count 2`, and `exact_subset True`: all 50 submitted flags follow that grouping and reportable_variants.tsv is exactly the two flagged rows. However, the same public manifest explicitly expects 3. chr1_1387763_CCT_C is a frameshift_variant with AF 0.8255, illustrating the scope conflict: it is excluded when the AF condition applies to the whole OR expression but included under ordinary operator precedence where AF constrains only the ClinVar branch.",2 reportable rows under the fixed check's Boolean grouping; exact submitted subset and no flag mismatches; manifest count says 3.,"The rule-derived subset and the public expected count should agree, but the quoted public sources conflict between 2 and 3.",
verifier_v6_canary,health_medicine__healthcare_variant_annotation_pipeline,prep_verifier,0,unverifiable,8f6525fb49f1f996eda0c2bc4fcefc9b6e1e01503c0d4c7a3ca823b9aedd0d9e,runlog.required.json,deterministic,True,pass,run_log.json must be valid UTF-8 JSON containing a non-empty status string and integer annotated/reportable write counts.,"public task prompt, Output rules anchor for run_log.json","`run_log.json` must be valid UTF-8 JSON with at least these keys:
`{""status"": ""<any non-empty string>"", ""annotated_variants_written"": <int>, ""reportable_variants_written"": <int>}`",supported,"Public task prompt, Output rules: ""`run_log.json` must be valid UTF-8 JSON with at least these keys: `{""status"": ""<any non-empty string>"", ""annotated_variants_written"": <int>, ""reportable_variants_written"": <int>}`"".","Strict UTF-8 decoding and json.loads succeeded. Parsed object: `{""status"":""completed"",""annotated_variants_written"":50,""reportable_variants_written"":2}`. Reported Python/JSON value types were status=str, annotated_variants_written=int, reportable_variants_written=int.","Valid UTF-8 JSON object with non-empty status ""completed"" and integer counts 50 and 2.",run_log.json parses successfully and satisfies the stated key and type constraints.,
verifier_v6_canary,health_medicine__healthcare_variant_annotation_pipeline,prep_verifier,0,unverifiable,8f6525fb49f1f996eda0c2bc4fcefc9b6e1e01503c0d4c7a3ca823b9aedd0d9e,pipeline.python.implementation,deterministic,True,pass,"pipeline.py must be a non-empty, syntactically valid Python pipeline implementation.","public task prompt, Output rules anchor for pipeline.py",`pipeline.py` should be your solver-authored pipeline implementation,supported,"Public task prompt, Output rules: ""`pipeline.py` should be your solver-authored pipeline implementation"".","pipeline.py is a regular ASCII/UTF-8 file of 7,374 bytes. Python ast.parse completed without SyntaxError and found 22 top-level AST nodes, including imports, assignments, function definitions, and an executable `if __name__ == ""__main__"": main()` body.","Non-empty, syntactically valid Python implementation with executable statements.","pipeline.py is present, non-empty, and syntactically valid Python containing an implementation body.",
verifier_v6_canary,health_medicine__healthcare_variant_annotation_pipeline,prep_verifier,0,unverifiable,8f6525fb49f1f996eda0c2bc4fcefc9b6e1e01503c0d4c7a3ca823b9aedd0d9e,inputs.remain.unmodified,deterministic,True,pass,The visible input files must remain unmodified because the input directory is read-only source data.,"public task prompt, Output rules anchor ""Treat ... input as read-only source data""",Treat `/media/user/data/agenthle/health_medicine/healthcare_variant_annotation_pipeline/base/input` as read-only source data,supported,"Public task prompt, Output rules: ""Treat `/media/user/data/agenthle/health_medicine/healthcare_variant_annotation_pipeline/base/input` as read-only source data"".",`sha256sum` returned: variants_to_annotate.tsv=`13a8dc2b7ad10eea961de2c24e6dffb72e94a19e384dfefe5aa40b14349c14c3`; annotation_snapshots/vep_batch_responses.jsonl=`dae686557fef2e79ae4561c94a7a42226686bae83438aacaaf4a0c9db5248981`; source_manifest.json=`a9581f50a39ebd6cc96bd8a2bc6ab3a5d6bb3b538928a244ca223853353c62f7`; runtime_env/pyproject.toml=`08d2bab0141697ea3b22be372b55039e07862f79dd8abaec1fcb2ee5d2636467`; runtime_env/uv.lock=`40bdc04f238791048f3792d86e2dc6fa6253ec97aab638329a68412dd6765ad2`. Every value exactly matches the fixed expected hash.,All five public input SHA-256 hashes match.,All five public input files retain their pre-solver SHA-256 hashes.,
verifier_v6_canary,health_medicine__healthcare_variant_annotation_pipeline,verifier,0,unverifiable,d9e30a1b2df8a29b79b9fb416af49bd12f9e3ed22c44f87c81bf956739751f5f,outputs.files.and.schema,deterministic,True,pass,All four required output files must exist; both TSVs must be tab-separated with the exact ten-column header and permitted missing-value/domain encodings.,"public task prompt, anchors ""Write these files"" and ""Output rules""","Write these files under `/media/user/data/agenthle/health_medicine/healthcare_variant_annotation_pipeline/base/output`: - `annotated_variants.tsv` - `reportable_variants.tsv` - `pipeline.py` - `run_log.json`
`variant_id chrom pos ref alt gene consequence max_population_af clinvar_significance is_reportable`
Missing values: use `NA` for missing numeric fields ... and `not_reported` for missing categorical fields",supported,"Public task prompt, anchors ""Write these files"" and ""Output rules"": ""Write these files under `/media/user/data/agenthle/health_medicine/healthcare_variant_annotation_pipeline/base/output`: - `annotated_variants.tsv` - `reportable_variants.tsv` - `pipeline.py` - `run_log.json`""; exact header: ""variant_id chrom pos ref alt gene consequence max_population_af clinvar_significance is_reportable""; missing values: ""use `NA` for missing numeric fields ... and `not_reported` for missing categorical fields"".","`stat` identified all four snapshot paths as regular files. Sizes were annotated_variants.tsv=4107 bytes, reportable_variants.tsv=381 bytes, pipeline.py=7690 bytes, and run_log.json=100 bytes. Strict tab parsing found exact headers in both TSVs, 50 and 3 data rows respectively, exactly 10 fields in every row, and no empty or '.' cells. All max_population_af cells were numeric or NA.",Four required regular files; both TSV headers exact; field-length sets [10]; prohibited/empty cell count 0.,All files exist and both TSVs have the exact schema with no prohibited or empty value encodings.,
verifier_v6_canary,health_medicine__healthcare_variant_annotation_pipeline,verifier,0,unverifiable,d9e30a1b2df8a29b79b9fb416af49bd12f9e3ed22c44f87c81bf956739751f5f,annotated.input.identity.order,deterministic,True,pass,"The annotated table must contain all 50 staged variants exactly once and in staged order, retaining their input identity and locus fields.","public task prompt, job steps 2-3; input/source_manifest.json lines 8-11","Read the 50 staged variants in order.
""annotated_variants"": 50",supported,"Public task prompt, job step 2: ""Read the 50 staged variants in order."" input/source_manifest.json lines 8-11: `""annotated_variants"": 50`.","A row-by-row comparison of input/variants_to_annotate.tsv with snapshot annotated_variants.tsv found 50 input rows, 50 annotated rows, 50 unique annotated variant_id values, and zero mismatches across variant_id, chrom, pos, ref, and alt.","50 rows, 50 unique variant IDs, identity/order mismatch list [].",Exactly 50 annotated rows occur in the same order as the input and preserve all five staged variant fields.,
verifier_v6_canary,health_medicine__healthcare_variant_annotation_pipeline,verifier,0,unverifiable,d9e30a1b2df8a29b79b9fb416af49bd12f9e3ed22c44f87c81bf956739751f5f,annotation.af.clinvar,deterministic,True,unverifiable,"For every submitted ALT, max_population_af must be the maximum numeric ALT-specific frequency from all colocated variants, and ClinVar significance must use the manifest priority with the required missing encodings.","input/source_manifest.json lines 3 and 5; public task prompt, Output rules","""clinvar_significance"": ""For the submitted ALT allele, pick the highest-priority label from colocated_variants[*].clin_sig with priority pathogenic > likely_pathogenic > uncertain_significance > conflicting_classifications_of_pathogenicity > drug_response > risk_factor > association > likely_benign > benign.""
""max_population_af"": ""For the submitted ALT allele, take the maximum numeric value across all available frequency sources in VEP colocated variants.""",missing,"input/source_manifest.json line 3 states: `""clinvar_significance"": ""For the submitted ALT allele, pick the highest-priority label from colocated_variants[*].clin_sig with priority pathogenic > likely_pathogenic > uncertain_significance > conflicting_classifications_of_pathogenicity > drug_response > risk_factor > association > likely_benign > benign.""` Line 5 states: `""max_population_af"": ""For the submitted ALT allele, take the maximum numeric value across all available frequency sources in VEP colocated variants.""` However, the registered source_quote does not include the public task's `NA` and `not_reported` missing-encoding wording even though the criterion requirement expressly includes ""required missing encodings"".","Source mismatch prevents a pass under the verifier instructions: the registered quote directly supports ALT-specific AF calculation and ClinVar priority but not the criterion's missing-encoding requirement. As a non-dispositive technical observation, independent processing of all 50 JSONL records found AF mismatch list [] and ClinVar mismatch list [] against annotated_variants.tsv.","Zero computed AF mismatches and zero computed ClinVar mismatches, but the complete requirement is not directly supported by its registered source_quote.","Every annotated max_population_af and clinvar_significance equals the independently derived manifest result, including supported missing encodings.",
verifier_v6_canary,health_medicine__healthcare_variant_annotation_pipeline,verifier,0,unverifiable,d9e30a1b2df8a29b79b9fb416af49bd12f9e3ed22c44f87c81bf956739751f5f,annotation.gene.consequence.sample,public_evidence,True,pass,"Gene and consequence must come from the highest-priority coding consequence on a protein-coding transcript, with canonical transcripts preferred when consequence priority ties.",input/source_manifest.json line 4,"""gene_and_consequence"": ""Use the highest-priority coding consequence from a protein-coding transcript; prefer canonical transcripts when the consequence priority ties.""",supported,"input/source_manifest.json line 4: `""gene_and_consequence"": ""Use the highest-priority coding consequence from a protein-coding transcript; prefer canonical transcripts when the consequence priority ties.""`","Public JSONL transcript evidence and output comparisons: line 24, chr1_1046551_A_G: canonical ENST00000379370, AGRN, synonymous_variant, allele G; output AGRN/synonymous_variant. Line 14, chr1_979034_CGAA_C: canonical ENST00000433179, PERM1, inframe_deletion, normalized allele '-'; output PERM1/inframe_deletion. Line 16, chr1_979496_T_C: canonical ENST00000433179, PERM1, missense_variant, allele C; output PERM1/missense_variant. Line 32, chr1_1304573_A_G: ENST00000969101, ACAP3, missense_variant, allele G; output ACAP3/missense_variant. Line 27, chr1_1054900_C_T: canonical ENST00000379370, AGRN, synonymous_variant, allele T; output AGRN/synonymous_variant.",All five sampled output gene/consequence pairs equal the manifest-directed protein-coding transcript selections; canonical transcripts win the sampled consequence ties.,"For every sampled variant, the reported gene and consequence match the manifest-directed selection supported by its public VEP snapshot.",
verifier_v6_canary,health_medicine__healthcare_variant_annotation_pipeline,verifier,0,unverifiable,d9e30a1b2df8a29b79b9fb416af49bd12f9e3ed22c44f87c81bf956739751f5f,reportability.rule.and.subset,deterministic,True,unverifiable,"Every annotated is_reportable value must be lowercase yes or no according to the manifest rule, and the reportable table must contain exactly the reportable annotated rows; the public manifest expects three.","input/source_manifest.json lines 6 and 8-11; public task prompt, Output rules","""reportable"": ""Mark a variant reportable when the selected consequence is one of ['frameshift_variant', 'splice_acceptor_variant', 'splice_donor_variant', 'start_lost', 'stop_gained', 'stop_lost'] or the ClinVar label is pathogenic / likely_pathogenic, and the max population AF is missing or below 0.01.""
""reportable_variants"": 3
`is_reportable` must be `yes` or `no` (lowercase)",contradicted,"input/source_manifest.json line 6 states: `""reportable"": ""Mark a variant reportable when the selected consequence is one of ['frameshift_variant', 'splice_acceptor_variant', 'splice_donor_variant', 'start_lost', 'stop_gained', 'stop_lost'] or the ClinVar label is pathogenic / likely_pathogenic, and the max population AF is missing or below 0.01.""` Lines 8-11 also state `""reportable_variants"": 3`. Applying the criterion's stipulated global AF condition to the public data produces only two reportable variants, because chr1_1387763_CCT_C is a frameshift_variant but has max_population_af 0.8255. Thus the stated rule under the fixed check conflicts with the public expected count of three.","Independent evaluation using `(listed consequence OR pathogenic/likely_pathogenic) AND (AF missing OR AF < 0.01)` produced expected yes IDs chr1_1310876_CGGCTCTGGGTCACAGGT_C and chr1_1635982_G_GC only. annotated_variants.tsv line 45 instead marks chr1_1387763_CCT_C as yes despite AF 0.8255, and reportable_variants.tsv line 3 includes it. The submitted reportable TSV is otherwise exactly the three rows marked yes in the annotated TSV. Because the public rule-derived count conflicts with the public manifest count, neither interpretation is selected.","Global-AF interpretation: 2 reportable rows and one flag mismatch, chr1_1387763_CCT_C (observed yes, computed no). Submitted/manifest count: 3 rows.",All flags satisfy an unambiguous public Boolean rule and reportable_variants.tsv is the exact expected three-row subset.,
verifier_v6_canary,health_medicine__healthcare_variant_annotation_pipeline,verifier,0,unverifiable,d9e30a1b2df8a29b79b9fb416af49bd12f9e3ed22c44f87c81bf956739751f5f,runlog.required.json,deterministic,True,pass,run_log.json must be valid UTF-8 JSON containing a non-empty status string and integer annotated/reportable write counts.,"public task prompt, Output rules anchor for run_log.json","`run_log.json` must be valid UTF-8 JSON with at least these keys:
`{""status"": ""<any non-empty string>"", ""annotated_variants_written"": <int>, ""reportable_variants_written"": <int>}`",supported,"Public task prompt, Output rules: ""`run_log.json` must be valid UTF-8 JSON with at least these keys: `{""status"": ""<any non-empty string>"", ""annotated_variants_written"": <int>, ""reportable_variants_written"": <int>}`"".","run_log.json decoded with strict UTF-8 and parsed as a JSON object. Parsed value: `{""status"":""completed"",""annotated_variants_written"":50,""reportable_variants_written"":3}`. Runtime types were str, int, and int respectively.","status=""completed""; annotated_variants_written=50; reportable_variants_written=3.",run_log.json parses successfully and satisfies the stated key and type constraints.,
verifier_v6_canary,health_medicine__healthcare_variant_annotation_pipeline,verifier,0,unverifiable,d9e30a1b2df8a29b79b9fb416af49bd12f9e3ed22c44f87c81bf956739751f5f,pipeline.python.implementation,deterministic,True,pass,"pipeline.py must be a non-empty, syntactically valid Python pipeline implementation.","public task prompt, Output rules anchor for pipeline.py",`pipeline.py` should be your solver-authored pipeline implementation,supported,"Public task prompt, Output rules: ""`pipeline.py` should be your solver-authored pipeline implementation"".","pipeline.py is a 7690-byte regular UTF-8/ASCII Python file. Python ast.parse completed without SyntaxError and returned 21 top-level statements, including imports, assignments, six FunctionDef nodes, and an executable `if __name__ == ""__main__""` body.",Non-empty syntactically valid Python with executable implementation statements.,"pipeline.py is present, non-empty, and syntactically valid Python containing an implementation body.",
verifier_v6_canary,health_medicine__healthcare_variant_annotation_pipeline,verifier,0,unverifiable,d9e30a1b2df8a29b79b9fb416af49bd12f9e3ed22c44f87c81bf956739751f5f,inputs.remain.unmodified,deterministic,True,pass,The visible input files must remain unmodified because the input directory is read-only source data.,"public task prompt, Output rules anchor ""Treat ... input as read-only source data""",Treat `/media/user/data/agenthle/health_medicine/healthcare_variant_annotation_pipeline/base/input` as read-only source data,supported,"Public task prompt, Output rules: ""Treat `/media/user/data/agenthle/health_medicine/healthcare_variant_annotation_pipeline/base/input` as read-only source data"".",Computed SHA-256 values: variants_to_annotate.tsv=13a8dc2b7ad10eea961de2c24e6dffb72e94a19e384dfefe5aa40b14349c14c3; annotation_snapshots/vep_batch_responses.jsonl=dae686557fef2e79ae4561c94a7a42226686bae83438aacaaf4a0c9db5248981; source_manifest.json=a9581f50a39ebd6cc96bd8a2bc6ab3a5d6bb3b538928a244ca223853353c62f7; runtime_env/pyproject.toml=08d2bab0141697ea3b22be372b55039e07862f79dd8abaec1fcb2ee5d2636467; runtime_env/uv.lock=40bdc04f238791048f3792d86e2dc6fa6253ec97aab638329a68412dd6765ad2. Each equals its registered expected hash.,All five observed SHA-256 hashes exactly match the fixed-spec values.,All five public input files retain their pre-solver SHA-256 hashes.,
