endpoint,task,arm,iteration,overall,snapshot_sha256,id,type,blocking,status,requirement,source,source_quote,source_status,source_evidence,evidence,observed,expected,repair_hint
prep_v10_verifier_v10_full,business_finance__bpmn_category_governance_restructuring_l3,prep_verifier,0,unverifiable,debef5bc8d96f7587847facb138e0dd241634e4bec71c8c5ff97de60fcce18d9,bundle.bpmn.anchors,deterministic,True,unverifiable,"The five required deliverables must exist; the BPMN must be well-formed, use the fixed process key, preserve the named original anchors, and leave the anchored logistics lane/task notified-only and unmodified.","input/task_prompt.md lines 35-42, 227-235, 239-246; input/starter_project/business_rules_L3.md lines 71-81, 190-200","preserve the following anchored elements exactly (same IDs):
- `team_drafts_initial_plan` (start-side anchor)
- `team_executes_plan` (end-side anchor)
- Lane `logistics_lane` and task `logistics_capacity_confirmation` (notified-only — must NOT be modified);
`<bpmn:process id=""zMBCategoryGovernance_modified_L3"" ...>` exactly.",ambiguous,"The quoted anchor wording exists at input/task_prompt.md lines 38-42: ""preserve the following anchored elements exactly (same IDs):"" followed by team_drafts_initial_plan, team_executes_plan, logistics_lane, and logistics_capacity_confirmation, with logistics ""notified-only — must NOT be modified""; the fixed key appears at line 42 and input/starter_project/business_rules_L3.md line 200. However, the registered source_quote does not state the five-deliverable existence requirement, XML well-formedness/executable-process cardinality, canonical element comparison, or the full routing scan imposed by the check. The public wording also describes the two team-task anchors in terms of preserved IDs, not canonical element identity. Therefore the complete registered criterion is stronger than its source_quote.","All five required files are present, and lxml parsed modified_process.bpmn20.xml with one executable process whose ID is zMBCategoryGovernance_modified_L3. All four anchor IDs exist. Nevertheless, canonical comparison against input/starter_project/original_process.bpmn20.xml returned false for logistics_lane and logistics_capacity_confirmation: their documentation changed, logistics_capacity_confirmation lost flowable:candidateGroups=""logistics"", and form-property metadata changed. No rejected symlinks were listed.",5/5 files present; XML parse succeeds; one executable fixed-key process; all anchor IDs present; both logistics anchor elements differ canonically from the originals.,All required files exist; BPMN parsing succeeds; the process key and all anchors are present; the logistics anchor content is unchanged and remains outside the restructured decision flow.,
prep_v10_verifier_v10_full,business_finance__bpmn_category_governance_restructuring_l3,prep_verifier,0,unverifiable,debef5bc8d96f7587847facb138e0dd241634e4bec71c8c5ff97de60fcce18d9,bpmn.gateway.topology,deterministic,True,unverifiable,"The BPMN must implement structurally sound peer-review fan-out and convergence, defaults on new exclusive gateways, reachable anchor-to-decision-to-execution flow, terminating escalation paths, and separate outcome and retry routing.","input/task_prompt.md lines 57-90; input/starter_project/business_rules_L3.md lines 154-165, 183-186, 211-230","Each peer-topic userTask must trace back to a `parallelGateway` (the review split) within two hops, crossing only gateway nodes — no intermediate userTask.
Every `<bpmn:parallelGateway>` must be either a pure split (1 incoming, >=2 outgoing) or a pure join (>=2 incoming, 1 outgoing).
Every new exclusive gateway must define a `default` attribute pointing to exactly one outgoing sequence flow that has NO condition expression.",ambiguous,"The three quoted excerpts exist at input/task_prompt.md lines 61-64 and 68-81 and input/starter_project/business_rules_L3.md lines 221 and 228: peer-topic tasks must trace to a parallel split within two gateway-only hops, parallel gateways must be pure splits or joins, and exclusive-gateway defaults must be conditionless. The source_quote does not include the registered check's additional requirements concerning the exact five fragments, direct gw_peer_available targeting, branch convergence and arity, the complete anchor-to-decision chain, termination from senior escalation, or distinct outcome/retry gateways. Those additional restrictions therefore are not fully entailed by the quote.","Static XML inspection found five peer-topic tasks plus coordination_review_task directly downstream of gw_parallel_review_split; gw_parallel_review_split has arity 1-in/6-out and gw_parallel_review_join has 6-in/1-out. All 13 exclusive gateways declare a conditionless default and at least one conditioned sibling. The graph contains team_drafts_initial_plan, team_joint_mature_plan_preparation, temporary_unified_decision, team_executes_plan, gw_decision_outcome, and distinct gw_joint_plan_retry elements.","The directly quoted fan-out, pure-parallel, and default-flow properties are structurally represented, but the stronger combined topology criterion cannot be adjudicated from its incomplete quote.","All graph, arity, reachability, termination, gateway-default, and separation-of-concerns checks pass with no dead ends or malformed parallel synchronization.",
prep_v10_verifier_v10_full,business_finance__bpmn_category_governance_restructuring_l3,prep_verifier,0,unverifiable,debef5bc8d96f7587847facb138e0dd241634e4bec71c8c5ff97de60fcce18d9,bpmn.governance.disruptions,deterministic,True,unverifiable,"The model must contain the required multi-factor decision, peer-unavailable fallback, bounded three-attempt loop, compliance-crisis handling with brand-risk precedence and latch, a 48-hour boundary timer, bounded critical-tier senior escalation, rationale capture, and a distinct terminal escalation end.","input/starter_project/business_rules_L3.md lines 48-58, 113-150, 169-186, 248-298","At least one gateway in the modified process must reference four or more of the following factors in its outgoing conditions
A `<bpmn:boundaryEvent>` with `<bpmn:timerEventDefinition><bpmn:timeDuration>PT48H</bpmn:timeDuration></bpmn:timerEventDefinition>` must be attached to the unified decision
After 3 failed iterations, the default flow must escalate to the terminal end event.",ambiguous,"The quoted excerpts exist at input/starter_project/business_rules_L3.md lines 51, 116, and 150: a gateway must reference at least four listed factors, a PT48H boundary timer must be attached to the unified decision or equivalent review, and the default after three failed iterations must reach the terminal end. The source_quote omits the registered criterion's peer-unavailable bypass, compliance subprocess details, explicit writable latch, brand-risk precedence on every crisis path, critical-tier senior ratio, writable rationale checks, and distinct end-event requirements. The full requirement/check is therefore stronger than the quote.","Observed BPMN elements include gw_multi_factor with inventoryOk, marginOk, aovOk, salesOk, brandRiskOk, and platformRiskOk; decision_48h_timer attached to temporary_unified_decision with PT48H; gw_joint_plan_retry with ${jointPlanAttempt < 3} and a default to escalation_final_end; compliance_subprocess containing emergency_delist_task and brand_risk_reassessment_task; a writable complianceHandled property; and distinct main_end and escalation_final_end events.","The artifact visibly models the quoted factor, timer, and bounded-retry features, plus several additional disruption controls, but the complete stronger criterion is not source-verifiable.","All four disruptions and their safeguards are concretely represented in executable control flow, with bounded retries/escalation, synchronous brand-risk precedence, an explicit latch, PT48H timing, and writable rationales.",
prep_v10_verifier_v10_full,business_finance__bpmn_category_governance_restructuring_l3,prep_verifier,0,unverifiable,debef5bc8d96f7587847facb138e0dd241634e4bec71c8c5ff97de60fcce18d9,bpmn.dataflow.tasks,deterministic,True,unverifiable,"New manual work must be userTasks with documentation and typed form properties; each new task input must be produced by a topological predecessor, outputs must be consumed downstream, and gateway/assignee expressions must not reference unavailable variables.","input/task_prompt.md lines 44-50, 91-103, 156-162; public task prompt, Data Flow Topology Rule and Runtime Notes","Every new task's `in_*` form property must have a matching `out_*` producer on a **topological predecessor** in the sequence-flow graph.
Every writable `out_<var>` formProperty produced by any task must be referenced at least once downstream
Every variable referenced in a gateway condition (`${varName == ...}`) must be guaranteed to exist as a process variable when that gateway is evaluated.",ambiguous,"The quoted data-flow statements exist at input/task_prompt.md lines 100-103, lines 158-160, and the public task's Data Flow Topology Rule: each new in_* needs a topological predecessor out_* producer, every writable out_* must be consumed downstream, and gateway variables must exist before evaluation. The source_quote does not entail all other registered checks, including mandatory userTask classification, non-empty documentation, form-property type/flag validation, assignee-variable proof, and the shadow-task scenario-coverage allowlist. Consequently the complete criterion is stronger than the quote.","Static form-property inspection found potential mismatches that would matter under the stronger check: brand_risk_reassessment_task consumes in_delist_rationale while emergency_delist_task produces out_rationale, and team_joint_mature_plan_preparation consumes in_brandRiskReassessed although the subprocess task produces brandRiskReassessed. The execution-feedback condition references out_expedited_decision even on the ordinary approval path where senior_lead_expedited_decision need not execute. Five peer review tasks and coordination_review_task have no formProperty elements. These observations cannot be converted to a fail because the registered quote does not fully support the whole operational criterion.","All 16 user tasks have documentation, but several new tasks lack form properties and multiple in/out names or conditional-path variables appear not to have guaranteed matching predecessor production.","No untyped or undocumented new manual task, missing topological input producer, dangling output, shadow task, or possibly undefined expression variable is found.",
prep_v10_verifier_v10_full,business_finance__bpmn_category_governance_restructuring_l3,prep_verifier,0,unverifiable,debef5bc8d96f7587847facb138e0dd241634e4bec71c8c5ff97de60fcce18d9,bpmn.roles.authorization,deterministic,True,unverifiable,"Execution, coordination, and unified decision authority must be split across at least three roles, execution and unified decision assignees must differ, and all explicit organizational authorization boundaries must hold.",input/starter_project/business_rules_L3.md lines 20-30; input/starter_project/org_hierarchy.json keys assignment_constraints and authorization_constraints,"Execution + coordination + decision must be split across at least three distinct roles.
`peerCategoryOwner_Beauty` may not be the flowable:assignee of temporary_unified_decision.
`mbTeamLead` may not simultaneously be the assignee of all three of {team_drafts_initial_plan, team_joint_mature_plan_preparation, team_executes_plan}.",ambiguous,"The quoted role restrictions exist at input/starter_project/business_rules_L3.md line 23 and input/task_prompt.md lines 148-154: execution, coordination, and decision must use at least three roles; peerCategoryOwner_Beauty may not decide temporary_unified_decision; and mbTeamLead may not hold all three named planning/execution tasks. The quote does not support every additional registered check, notably mandatory distinct assignees between temporary_unified_decision and senior_lead_expedited_decision, compliance-subprocess writable-output classification, lane-membership interpretation, or the peer standardized-task whitelist. The criterion as a whole is therefore stronger than its quote.","Observed assignments include team_executes_plan=${mbTeamLead}, coordination_review_task=${mbMerchantOpsLead}, temporary_unified_decision=${interimCommitteeChair}, senior_lead_expedited_decision=${zSeniorLead}, and peer review tasks=${peerCategoryOwner_Beauty}. team_joint_mature_plan_preparation is assigned ${mbBusinessAnalyst}, so mbTeamLead does not hold all three planning/execution tasks. Compliance tasks are assigned complianceOfficer or mbBusinessAnalyst; no inspected complianceOfficer task writes a property containing decision, outcome, approval, rejection, or tier.",At least four distinct role identifiers divide the relevant work; execution and unified-decision assignees differ; the peer owner is not the unified decision assignee.,"The BPMN satisfies all stated separation-of-duty, conflict-of-interest, peer-scope, and compliance-inspector authorization constraints.",
prep_v10_verifier_v10_full,business_finance__bpmn_category_governance_restructuring_l3,prep_verifier,0,unverifiable,debef5bc8d96f7587847facb138e0dd241634e4bec71c8c5ff97de60fcce18d9,artifacts.compliance.binding,deterministic,True,unverifiable,The structural and rule-compliance JSON artifacts must have complete required key sets and bind every claimed modification/rule to BPMN IDs that actually exist; the rule artifact must include a conflict-resolving priority_chain consistent with the BPMN.,"input/task_prompt.md lines 111-143, 219-225","`structural_changes.json` with top-level `modifications` map and keys `modification_1`..`modification_18`.
`business_rules_compliance.json` with top-level `rules` map and keys `rule_1`..`rule_30`, including sub-rules `rule_6a`, `rule_8a`, `rule_14a`, `rule_16a`.
Every `rule_N` entry must declare a non-empty `priority` field",ambiguous,"The quoted schema statements exist at input/task_prompt.md lines 116-123 and 221-223: structural_changes.json requires modification_1 through modification_18, business_rules_compliance.json requires the rule keys including sub-rules, and every rule entry requires a non-empty priority. The source_quote does not include the registered check's BPMN-ID binding rules, elements_removed absence semantics, required priority_chain conflict pairs, or comparison of that chain with assignees, routing ratios, compliance flow, and kill switches. Thus the complete check is stronger than the quote.","Both files parse. structural_changes.json contains exactly 18 modification keys. business_rules_compliance.json contains 34 required rule/sub-rule keys, and its priority_chain is [rule_2, rule_3, rule_29, rule_11, rule_27, rule_14, rule_7, rule_28, rule_17]. Automated ID scanning found at least one existing BPMN reference for every modification and every rule except rule_21 under the scanner's element-ID pattern; rule_21 instead concerns the process key itself.","Required key sets and priorities are present, and a priority chain addressing the three listed pairs exists, but the complete binding and conflict-resolution criterion lacks full support in its source_quote.","Both artifacts parse, contain every mandatory entry, contain no unbound structural claims, and have a priority chain whose conflict resolutions agree with the BPMN.",
prep_v10_verifier_v10_full,business_finance__bpmn_category_governance_restructuring_l3,prep_verifier,0,unverifiable,debef5bc8d96f7587847facb138e0dd241634e4bec71c8c5ff97de60fcce18d9,tests.manifest.runtime,deterministic,True,unverifiable,"The modified definition must deploy to Flowable 6.5.0 and pass at least 95% of the 60 public scenarios, including all five anti-gaming scenarios; test_results.json must exactly and arithmetically summarize those runs.","input/task_prompt.md lines 26, 184-217, 239-245; input/starter_project/test_scenarios_L3.json keys process_definition_key and scenarios","Runtime must pass >=95% AND the 5 anti_gaming scenarios are mandatory 5/5 regardless of the percentage gate.
`scenarios` must contain exactly 60 entries, one per scenario in the manifest.
`pass_rate` must equal `passed_scenarios / total_scenarios`
`scenarios_summary` per-category totals must be consistent with the `scenarios` list.",ambiguous,"The quoted runtime-summary requirements exist at input/task_prompt.md lines 26 and 215-217: at least 95% plus mandatory 5/5 anti-gaming, exactly 60 scenario entries, arithmetic pass_rate equality, and consistent category summaries. The source_quote does not support the registered operational check's deployment to Flowable 6.5.0, preservation of the original definition, exact runtime-driving procedure, role-variable injection, task completion protocol, or end-event observations. Therefore the complete criterion is stronger than the quote.","curl to http://localhost:8080/flowable-task/process-api/repository/process-definitions?key=zMBCategoryGovernance_modified_L3 failed with connection refused (HTTP 000). deployment_log.json explicitly reports deployed=false because Docker was unavailable, and test_results.json says its validation method was static manifest-path validation with no live execution. Independent JSON recomputation found 60 unique manifest-matching IDs, no category mismatches, declared/recomputed passed=60, pass_rate=1.0, consistent category summaries, and G01-G05 all marked true. Those claims are not observed runtime results.","The manifest summary is internally arithmetically consistent, but no Flowable deployment or runtime scenario execution was available; the artifact itself records deployed=false.",Deployment succeeds under the fixed key; at least 57 of 60 scenarios pass; G01-G05 all pass; and test_results.json contains one accurate entry per manifest scenario with internally correct totals and summaries.,
prep_v10_verifier_v10_full,business_finance__bpmn_category_governance_restructuring_l3,prep_verifier,0,unverifiable,debef5bc8d96f7587847facb138e0dd241634e4bec71c8c5ff97de60fcce18d9,design.decisions.audit,deterministic,True,pass,"design_decisions.md must provide a dedicated audit-trail section for each of the 18 modifications, including the chosen approach, at least two distinct rejected alternatives, rule-citing rationale, and a one-sentence trade-off.",input/task_prompt.md lines 140-143,"each of the 18 modifications has a dedicated section with `chosen_approach`, ≥2 distinct `rejected_alternatives`, `rationale` citing ≥1 valid rule_ID, and a one-sentence `trade-off`.",supported,"input/task_prompt.md lines 140-143 states exactly: ""each of the 18 modifications has a dedicated section with `chosen_approach`, ≥2 distinct `rejected_alternatives`, `rationale` citing ≥1 valid rule_ID, and a one-sentence `trade-off`."" This directly supports the registered requirement and field checks.","Markdown parsing found 18 headings, Modification 1 through Modification 18. Every section has a non-empty chosen_approach, two numbered and textually distinct rejected alternatives, a rationale citing a valid rule ID, and exactly one trade-off sentence. All backtick-delimited BPMN IDs cited in chosen approaches were found in modified_process.bpmn20.xml; no invalid cited IDs were detected.","18/18 sections complete; each has 1 chosen approach, 2 distinct alternatives, at least 1 valid rule citation, 1 trade-off sentence, and only existing cited BPMN IDs.","All 18 modification sections are complete, non-duplicative in their rejected alternatives, rule-grounded, and refer only to actual BPMN elements when IDs are cited.",
prep_v10_verifier_v10_full,business_finance__bpmn_category_governance_restructuring_l3,verifier,0,unverifiable,191a32d253f03577a1258f35d91b03e263dd9688afe900134eb057f1849a1090,bundle.bpmn.anchors,deterministic,True,unverifiable,"The five required deliverables must exist; the BPMN must be well-formed, use the fixed process key, preserve the named original anchors, and leave the anchored logistics lane/task notified-only and unmodified.","input/task_prompt.md lines 35-42, 227-235, 239-246; input/starter_project/business_rules_L3.md lines 71-81, 190-200","preserve the following anchored elements exactly (same IDs):
- `team_drafts_initial_plan` (start-side anchor)
- `team_executes_plan` (end-side anchor)
- Lane `logistics_lane` and task `logistics_capacity_confirmation` (notified-only — must NOT be modified);
`<bpmn:process id=""zMBCategoryGovernance_modified_L3"" ...>` exactly.",ambiguous,"input/task_prompt.md lines 38-42 states: ""preserve the following anchored elements exactly (same IDs)"" and identifies team_drafts_initial_plan, team_executes_plan, logistics_lane, and logistics_capacity_confirmation, with logistics ""notified-only — must NOT be modified""; line 42 requires process key zMBCategoryGovernance_modified_L3. business_rules_L3.md lines 193 and 200 likewise require the anchor IDs and exact process key. However, the registered source_quote does not state that all five deliverables must exist, that the XML must contain exactly one executable process, or the registered canonicalization procedure. Those portions of requirement/check/expected are therefore stronger than the quote.","Operational inspection found all five required files and well-formed XML with one executable process having ID zMBCategoryGovernance_modified_L3. All four anchor IDs exist. However, canonical XML comparison against original_process.bpmn20.xml found both logistics elements changed: logistics_lane changed its name from ""Logistics Coordinator (Cainiao)"" to ""Logistics Coordinator (Notified Only)"" and lost its original documentation; logistics_capacity_confirmation lost flowable:candidateGroups=""logistics"" and changed documentation and form-property metadata. No sequence flow in the submitted BPMN targets the logistics task. Because the registered criterion contains restrictions absent from its source_quote, these observations cannot produce pass or fail.",5/5 required files present; XML parses; process key correct; anchors present; logistics_lane canonical equality=false; logistics_capacity_confirmation canonical equality=false.,All required files exist; BPMN parsing succeeds; the process key and anchors are present; logistics content is unchanged and outside the restructured decision flow.,
prep_v10_verifier_v10_full,business_finance__bpmn_category_governance_restructuring_l3,verifier,0,unverifiable,191a32d253f03577a1258f35d91b03e263dd9688afe900134eb057f1849a1090,bpmn.gateway.topology,deterministic,True,unverifiable,"The BPMN must implement structurally sound peer-review fan-out and convergence, defaults on new exclusive gateways, reachable anchor-to-decision-to-execution flow, terminating escalation paths, and separate outcome and retry routing.","input/task_prompt.md lines 57-90; input/starter_project/business_rules_L3.md lines 154-165, 183-186, 211-230","Each peer-topic userTask must trace back to a `parallelGateway` (the review split) within two hops, crossing only gateway nodes — no intermediate userTask.
Every `<bpmn:parallelGateway>` must be either a pure split (1 incoming, >=2 outgoing) or a pure join (>=2 incoming, 1 outgoing).
Every new exclusive gateway must define a `default` attribute pointing to exactly one outgoing sequence flow that has NO condition expression.",ambiguous,"input/task_prompt.md lines 61-63 requires each peer-topic task to trace to a parallelGateway within two gateway-only hops; business_rules_L3.md lines 221 and 228 require immediate fan-out and pure parallel gateways; task_prompt.md lines 78-81 requires a conditionless declared default with a conditioned sibling. The registered source_quote supports those three controls, but it omits the criterion's additional exact reachability chain, all-path senior-escalation termination, decision/retry gateway separation, branch-to-join convergence, and asymmetric-join rejection conditions.","Graph inspection found gw_parallel_review_split with arity 1-in/5-out and gw_parallel_review_join with 5-in/1-out; each peer-topic task is directly downstream of the split, and gw_peer_available's conditioned true flow directly targets the split. All 11 exclusive gateways declare conditionless defaults and conditioned siblings. However, team_drafts_initial_plan cannot reach team_joint_mature_plan_preparation because compliance_signal_check has no outgoing sequence flow to gw_compliance_crisis. The BPMN also uses three bpmn:complexGateway merge nodes between review branches and the parallel join. These operational findings cannot decide the registered criterion because its source_quote does not support all imposed restrictions.",Parallel split/join arity is 1/5 and 5/1; gateway defaults structurally present; anchor-to-joint-plan reachability=false.,"All graph, arity, reachability, termination, gateway-default, and separation checks pass.",
prep_v10_verifier_v10_full,business_finance__bpmn_category_governance_restructuring_l3,verifier,0,unverifiable,191a32d253f03577a1258f35d91b03e263dd9688afe900134eb057f1849a1090,bpmn.governance.disruptions,deterministic,True,unverifiable,"The model must contain the required multi-factor decision, peer-unavailable fallback, bounded three-attempt loop, compliance-crisis handling with brand-risk precedence and latch, a 48-hour boundary timer, bounded critical-tier senior escalation, rationale capture, and a distinct terminal escalation end.","input/starter_project/business_rules_L3.md lines 48-58, 113-150, 169-186, 248-298","At least one gateway in the modified process must reference four or more of the following factors in its outgoing conditions
A `<bpmn:boundaryEvent>` with `<bpmn:timerEventDefinition><bpmn:timeDuration>PT48H</bpmn:timeDuration></bpmn:timerEventDefinition>` must be attached to the unified decision
After 3 failed iterations, the default flow must escalate to the terminal end event.",ambiguous,"business_rules_L3.md lines 51, 116, and 150 state respectively that a gateway must reference at least four allowed factors, a PT48H timer boundary must be attached to unified decision or equivalent review, and after three failed iterations the default must escalate to the terminal end event. The source_quote contains those excerpts, but it does not directly support the registered criterion's peer-unavailable bypass, compliance latch and brand-risk all-path precedence checks, critical-tier ratio calculation, override-rationale coverage, or the precise allowed-equivalent discovery rules.","The BPMN contains a six-factor condition on gw_multi_factor_judgment, boundary_48h_sla attached to temporary_unified_decision with PT48H, gw_joint_plan_retry with ${jointPlanAttempt < 3} and default flow to escalation_final_end, a peer fallback, compliance_subprocess with emergency_delist_task followed by brand_risk_reassessment_task, and writable complianceHandled/out_rationale properties. The compliance gateway is nevertheless unreachable from compliance_signal_check because no connecting sequence flow exists. Source ambiguity prevents a pass or fail.",Six allowed factors found; PT48H timer found; retry counter and terminal end found; compliance entry disconnected.,"All disruptions and safeguards are represented in executable flow with bounded retries/escalation, brand-risk precedence, latch, timer, and rationales.",
prep_v10_verifier_v10_full,business_finance__bpmn_category_governance_restructuring_l3,verifier,0,unverifiable,191a32d253f03577a1258f35d91b03e263dd9688afe900134eb057f1849a1090,bpmn.dataflow.tasks,deterministic,True,unverifiable,"New manual work must be userTasks with documentation and typed form properties; each new task input must be produced by a topological predecessor, outputs must be consumed downstream, and gateway/assignee expressions must not reference unavailable variables.","input/task_prompt.md lines 44-50, 91-103, 156-162; public task prompt, Data Flow Topology Rule and Runtime Notes","Every new task's `in_*` form property must have a matching `out_*` producer on a **topological predecessor** in the sequence-flow graph.
Every writable `out_<var>` formProperty produced by any task must be referenced at least once downstream
Every variable referenced in a gateway condition (`${varName == ...}`) must be guaranteed to exist as a process variable when that gateway is evaluated.",ambiguous,"task_prompt.md lines 100-103 requires writable out_* values to be consumed downstream; lines 158-162 requires gateway variables to exist when evaluated; the public Data Flow Topology Rule requires each new task in_* property to have an out_* producer on a topological predecessor. The source_quote supports these three data-flow propositions, but not the criterion's additional typed-form metadata rules, documentation checks, all-new-manual-node classification, assignee-variable proof, or shadow-task allowlist/scenario-coverage enforcement.","All 15 user tasks have non-empty documentation and typed form properties. Reverse graph checks found failures including emergency_delist_task.in_coordination_status with no reachable predecessor producer, team_joint_mature_plan_preparation.in_initial_draft and in_merchant_candidates with no reachable predecessor producers, and in_brandRiskReassessed with no matching out_brandRiskReassessed producer. The five peer review tasks are neither named in any manifest task_outputs map nor in the public shadow-task allowlist. logistics_capacity_confirmation.out_capacity_ok is dangling. These findings cannot produce fail because the complete registered criterion is not entailed by its source_quote.",Multiple topological-input failures; one dangling anchored output; five uncovered peer userTasks; task documentation/types otherwise present.,"No undocumented/untyped task, missing topological producer, dangling output, shadow task, or undefined expression variable.",
prep_v10_verifier_v10_full,business_finance__bpmn_category_governance_restructuring_l3,verifier,0,unverifiable,191a32d253f03577a1258f35d91b03e263dd9688afe900134eb057f1849a1090,bpmn.roles.authorization,deterministic,True,unverifiable,"Execution, coordination, and unified decision authority must be split across at least three roles, execution and unified decision assignees must differ, and all explicit organizational authorization boundaries must hold.",input/starter_project/business_rules_L3.md lines 20-30; input/starter_project/org_hierarchy.json keys assignment_constraints and authorization_constraints,"Execution + coordination + decision must be split across at least three distinct roles.
`peerCategoryOwner_Beauty` may not be the flowable:assignee of temporary_unified_decision.
`mbTeamLead` may not simultaneously be the assignee of all three of {team_drafts_initial_plan, team_joint_mature_plan_preparation, team_executes_plan}.",ambiguous,"business_rules_L3.md line 23 states: ""Execution + coordination + decision must be split across at least three distinct roles."" org_hierarchy.json authorization_constraints states that peerCategoryOwner_Beauty may not be the assignee of temporary_unified_decision and mbTeamLead may not hold all three specified planning/execution tasks. The source_quote contains those requirements, but it omits the registered checks requiring temporary_unified_decision and senior_lead_expedited_decision to differ, compliance-subprocess decision-output inspection, execution-versus-decision comparison, and peer-owner standardized-task whitelist enforcement.","Observed assignees include ${mbTeamLead} for execution, ${mbMerchantOpsLead} for coordination, ${mbBusinessAnalyst} for mature-plan preparation, ${interimCommitteeChair} for unified decision, and ${zSeniorLead} for expedited decision. temporary_unified_decision is not assigned to peerCategoryOwner_Beauty, and mbTeamLead does not hold team_joint_mature_plan_preparation. No complianceOfficer-assigned subprocess task writes a decision/outcome/approval/rejection/tier output. The additional checks remain unsupported by the registered quote.",At least five distinct role identifiers; execution and unified-decision assignees differ; unified and senior assignees differ; quoted prohibitions satisfied.,"All separation-of-duty, conflict-of-interest, peer-scope, and compliance-inspector constraints hold.",
prep_v10_verifier_v10_full,business_finance__bpmn_category_governance_restructuring_l3,verifier,0,unverifiable,191a32d253f03577a1258f35d91b03e263dd9688afe900134eb057f1849a1090,artifacts.compliance.binding,deterministic,True,unverifiable,The structural and rule-compliance JSON artifacts must have complete required key sets and bind every claimed modification/rule to BPMN IDs that actually exist; the rule artifact must include a conflict-resolving priority_chain consistent with the BPMN.,"input/task_prompt.md lines 111-143, 219-225","`structural_changes.json` with top-level `modifications` map and keys `modification_1`..`modification_18`.
`business_rules_compliance.json` with top-level `rules` map and keys `rule_1`..`rule_30`, including sub-rules `rule_6a`, `rule_8a`, `rule_14a`, `rule_16a`.
Every `rule_N` entry must declare a non-empty `priority` field",ambiguous,"task_prompt.md lines 116-125 and 222-225 specify the modification/rule maps, required keys, non-empty priorities, and binding of entries to BPMN IDs. The registered source_quote includes only the required key sets and non-empty priority statement; it omits the criterion's BPMN-ID binding semantics, removed-ID test, priority_chain conflict-pair ordering, and comparison of that chain with actual BPMN routing and assignees.","Both JSON files parse. structural_changes.json contains exactly modification_1 through modification_18, and business_rules_compliance.json contains rule_1 through rule_30 plus rule_6a, rule_8a, rule_14a, and rule_16a. Every rule has a non-empty priority and cites an existing BPMN ID; every modification references an existing ID. priority_chain orders rule_29 before rule_11, rule_27 before rule_14, and rule_7 before rule_28. Because binding and conflict-resolution checks are not fully present in source_quote, the criterion cannot be passed.",18 modification keys; 34 rule keys including four sub-rules; priorities and existing-ID citations present; all three conflict pairs represented in order.,"Complete parsing, mandatory entries, valid BPMN bindings, and BPMN-consistent priority chain.",
prep_v10_verifier_v10_full,business_finance__bpmn_category_governance_restructuring_l3,verifier,0,unverifiable,191a32d253f03577a1258f35d91b03e263dd9688afe900134eb057f1849a1090,tests.manifest.runtime,deterministic,True,unverifiable,"The modified definition must deploy to Flowable 6.5.0 and pass at least 95% of the 60 public scenarios, including all five anti-gaming scenarios; test_results.json must exactly and arithmetically summarize those runs.","input/task_prompt.md lines 26, 184-217, 239-245; input/starter_project/test_scenarios_L3.json keys process_definition_key and scenarios","Runtime must pass >=95% AND the 5 anti_gaming scenarios are mandatory 5/5 regardless of the percentage gate.
`scenarios` must contain exactly 60 entries, one per scenario in the manifest.
`pass_rate` must equal `passed_scenarios / total_scenarios`
`scenarios_summary` per-category totals must be consistent with the `scenarios` list.",ambiguous,"task_prompt.md lines 26 and 215-217 states that runtime must pass at least 95%, anti-gaming scenarios must be 5/5, scenarios must contain exactly 60 entries, pass_rate must equal passed_scenarios/total_scenarios, and category summaries must be consistent. The source_quote contains those statements but does not directly support the registered requirement to independently deploy specifically to Flowable 6.5.0, preserve the original definition, execute each task_outputs interaction, or compare every claimed pass against newly observed runtime outcomes.","test_results.json contains the same 60 IDs and categories as test_scenarios_L3.json, claims 60 passes, has pass_rate 1.0, internally consistent category totals, and claims G01-G05 all passed. Live verification could not run: curl to localhost:8080 returned connection refused with HTTP 000 and exit 7; docker info failed because the Docker daemon was unavailable. deployment_log.json also records deployed=false and describes validation as local structural/routing assessment rather than runtime execution.","Manifest summary internally consistent at 60/60, but no deployment or independently observed scenario run; REST unavailable and Docker daemon unavailable.","Deployment succeeds, at least 57/60 observed runtime scenarios pass, G01-G05 pass, and test_results.json exactly records those runs.",
prep_v10_verifier_v10_full,business_finance__bpmn_category_governance_restructuring_l3,verifier,0,unverifiable,191a32d253f03577a1258f35d91b03e263dd9688afe900134eb057f1849a1090,design.decisions.audit,deterministic,True,unverifiable,"design_decisions.md must provide a dedicated audit-trail section for each of the 18 modifications, including the chosen approach, at least two distinct rejected alternatives, rule-citing rationale, and a one-sentence trade-off.",input/task_prompt.md lines 140-143,"each of the 18 modifications has a dedicated section with `chosen_approach`, ≥2 distinct `rejected_alternatives`, `rationale` citing ≥1 valid rule_ID, and a one-sentence `trade-off`.",ambiguous,"task_prompt.md lines 140-143 states: ""each of the 18 modifications has a dedicated section with chosen_approach, ≥2 distinct rejected_alternatives, rationale citing ≥1 valid rule_ID, and a one-sentence trade-off."" This supports the section and field requirements. It does not directly support the registered check's additional requirement to interpret identifiers in chosen approaches and cross-check every such identifier against the produced BPMN, nor the expected cross-section non-duplication condition.","design_decisions.md lines 3-109 contain 18 dedicated Modification sections. Each has a non-empty chosen_approach, two textually distinct alternatives within the section, a rationale citing a valid rule ID, and one trade-off sentence. Each backticked BPMN ID in chosen_approach exists. However, the same pair of generic rejected alternatives and the same trade-off are repeated in all 18 sections. The registered quote does not establish a cross-section uniqueness restriction, so that repetition cannot be failed, while the stronger cross-check prevents a supported pass.",18/18 sections have all four fields; 18/18 have two within-section distinct alternatives and one trade-off sentence; chosen BPMN IDs exist; alternatives are duplicated across all sections.,"All 18 sections are complete, alternatives satisfy the supported distinctness rule, rationales cite valid rules, and any cited BPMN IDs are valid.",
prep_v10_verifier_v10_full,business_finance__bpmn_supply_disruption_l3,prep_verifier,0,fail,af893f6d6778e63d2e96c792cabf41f1d2e4359c4e868428a5596151f58e3b84,bundle.schema.consistency,deterministic,True,unverifiable,"The four required output files must exist. The two compliance reports must contain all required numbered keys and reference only elements, variables, assignments, and conditions present in the modified BPMN.","input/task_prompt.md lines 71-76, 120-164, 166-175; input/starter_project/disruption_scenario_L3.md lines 154-163","Produce: 1. `structural_changes.json` with top-level `modifications` map and keys `modification_1`..`modification_18`
Keys: `rule_1` through `rule_22` (including `rule_8a`). Each rule's `enforced_by` elements must reference actual BPMN node IDs.
Any mismatch between the compliance documentation and the deployed BPMN XML constitutes a validation failure.",ambiguous,"input/task_prompt.md lines 71-76 states: “Produce: 1. `structural_changes.json` with top-level `modifications` map and keys `modification_1`..`modification_18`” and requires `business_rules_compliance.json` keys `rule_1`..`rule_22` including `rule_8a`; disruption_scenario_L3.md lines 154-163 states that documentation must be structurally consistent with the BPMN. However, the registered source_quote does not state the complete four-file existence requirement or fully entail comparison of every reported variable, assignment, sequence relationship, and threshold.","All four required files exist in /tmp/ale-verifier-d5585137c327/snapshot-0 and parse successfully. structural_changes.json has exactly modification_1..modification_18; business_rules_compliance.json has rule_1..rule_22 plus rule_8a; all referenced node IDs resolve. A stronger cross-check finds modification_10 reports assigned_to “qualityAssuranceLead + supplyChainLead”, while task_gradeBWaiver has flowable:assignee=""${qualityAssuranceLead}"" and candidateGroups=""quality,supplychain"".","Four files present and JSON key sets complete, but at least one reported assignment does not literally match the BPMN assignment.","All required files exist, required key sets are complete, and every machine-checkable compliance claim agrees with the BPMN.",
prep_v10_verifier_v10_full,business_finance__bpmn_supply_disruption_l3,prep_verifier,0,fail,af893f6d6778e63d2e96c792cabf41f1d2e4359c4e868428a5596151f58e3b84,bpmn.identity.anchors,deterministic,True,fail,"The modified artifact must be parseable BPMN 2.0, use process definition key monthlyProductionScheduling_modified_L3, and preserve the original anchored elements and their IDs while retaining coherent references.",input/task_prompt.md lines 32-36; input/starter_project/disruption_scenario_L3.md lines 136-143; input/starter_project/original_process.bpmn20.xml line 12 and element IDs throughout,"preserve all original elements and IDs,
use process definition key **`monthlyProductionScheduling_modified_L3`**,
Be a valid BPMN 2.0 XML deployable to the running Flowable 6.5.0 instance",supported,"input/task_prompt.md lines 34-36 states: “preserve all original elements and IDs” and “use process definition key `monthlyProductionScheduling_modified_L3`”; disruption_scenario_L3.md lines 138-143 requires valid BPMN 2.0 deployable to Flowable 6.5.0. The original process is declared at original_process.bpmn20.xml line 12, with anchored IDs throughout that file.","Namespace-aware lxml parsing found one executable process: ('monthlyProductionScheduling_modified_L3','true'). All 11 original anchored flow nodes remain with their original types: startEvent, task_salesDemand, task_productionSchedule, task_skuSequencing, task_capacityConfirmation, task_monthlyPlanConfirmation, task_procurementExecution, task_factoryExecution, gw_parallel_split, gw_parallel_join, and endEvent. Reference validation found a dangling BPMN-DI reference: BPMNPlane_original has bpmnElement=""monthlyProductionScheduling_original"", but that process ID is absent from the modified XML. Sequence-flow, boundary-event, lane, and gateway-default references otherwise resolved.","Required process key and original flow-node anchors are preserved, but BPMNPlane_original still references the removed original process ID monthlyProductionScheduling_original.","Parseable executable BPMN with process ID monthlyProductionScheduling_modified_L3, all original anchored nodes retained, and no dangling structural or BPMN-DI references.","Change BPMNPlane_original/@bpmnElement from monthlyProductionScheduling_original to monthlyProductionScheduling_modified_L3, or provide a coherent BPMN plane referencing the modified process."
prep_v10_verifier_v10_full,business_finance__bpmn_supply_disruption_l3,prep_verifier,0,fail,af893f6d6778e63d2e96c792cabf41f1d2e4359c4e868428a5596151f58e3b84,bpmn.task.gateway.dataflow,deterministic,True,unverifiable,"Every newly added task must be a documented userTask with typed form properties; every new in_* property must have a matching out_* producer on a topological predecessor. New exclusive gateways must have unconditioned defaults, and gateway and assignee expressions may reference only variables available before evaluation.","input/task_prompt.md lines 37-53, 93-95","keep all new task nodes as `userTask` (no custom Java delegates),
Every new task's `in_*` variable must have a producer (`out_*`) on a task that is a graph predecessor via sequence flows.
Default flows on exclusive gateways must **not** have condition expressions",ambiguous,"input/task_prompt.md lines 38-39 and 52 state: “keep all new task nodes as `userTask`”, every new task input needs a matching topological predecessor output, and exclusive-gateway default flows must not have conditions. The registered quote does not entail all additional checks for nonempty documentation, typed properties, `${...}` syntax on every non-default expression, or initialization of every assignee and gateway variable.","Model subtraction found 13 new tasks, all userTask elements with nonempty documentation and typed formProperty declarations. Reverse graph traversal found a predecessor out_X producer for every new in_X property. All new exclusive gateways declare unconditioned defaults, and all 17 non-default conditions use `${...}`. Role assignee variables are expressions such as ${procurementLead}; their runtime availability depends on process-start variables as directed by the public runtime notes rather than BPMN declarations.","The submitted BPMN satisfies the executable structural data-flow checks performed, but the quote does not support the entire registered criterion.","All new tasks are documented typed userTasks, topological producer-consumer chains are complete, expressions use available variables, and exclusive defaults are unconditioned.",
prep_v10_verifier_v10_full,business_finance__bpmn_supply_disruption_l3,prep_verifier,0,fail,af893f6d6778e63d2e96c792cabf41f1d2e4359c4e868428a5596151f58e3b84,compound.disruption.topology,deterministic,True,unverifiable,"The graph must place procurement availability and sourcing resolution before mandatory quality inspection, and quality inspection before capacity assessment. Supply failure, quality rejection, and capacity infeasibility must be able to converge into one adjustment path. Successful exception handling must return through capacity validation and the main completion flow, while last-resort escalation terminates separately.","input/starter_project/business_rules_L3.md lines 13-19, 25-27, 49-51; input/task_prompt.md lines 37-41","The quality inspection step must occur AFTER sourcing resolution and BEFORE capacity assessment.
The process cannot treat these as separate, sequential issues — they may overlap in any combination of two or three.
route last-resort escalation to a separate terminal end event",ambiguous,"business_rules_L3.md lines 17 and 25 and task_prompt.md lines 40-41 support overlapping triggers, quality after sourcing and before capacity, successful rejoin, and separate terminal escalation. The registered source_quote does not fully entail the stronger checks requiring the precise anchored path, a single nonduplicated mix proposal, return specifically through the existing capacity node, or absence of every path from escalation back to adjustment.","Graph inspection shows task_skuSequencing -> task_procurementAvailability -> gw_supplyRisk; sourcing paths subsequently enter task_qualityInspection before task_capacityConfirmation. Sourcing failure, Grade C/default quality rejection, waiver rejection, finance rejection, expedited rejection, and initial capacity infeasibility enter gw_adjustmentMerge -> task_productMixAdjustment. Approved director review returns to task_capacityConfirmation. task_executiveEscalation leads only to endEvent_escalated.","The graph visibly implements convergence, quality-before-capacity, capacity revalidation, normal rejoin, and a separate escalation end, but the registered source_quote only supports part of the exact operational check.",Compound triggers converge on one adjustment path; quality gates capacity; successful exceptions revalidate and rejoin; escalation terminates separately.,
prep_v10_verifier_v10_full,business_finance__bpmn_supply_disruption_l3,prep_verifier,0,fail,af893f6d6778e63d2e96c792cabf41f1d2e4359c4e868428a5596151f58e3b84,quality.cost.timer.controls,deterministic,True,unverifiable,"Quality routing must distinguish Grades A, B, and C; Grade B requires joint QA and Supply Chain approval and Grade C behaves as sourcing failure. Quality inspection must have an interrupting 48-hour timer leading promptly to an expedited decision. Cost variance must be routed with numeric thresholds above 15% for Finance review and above 25% for Executive escalation, and high-risk expedited processing must be blocked unless an executive waiver exists.","input/starter_project/business_rules_L3.md lines 25-30, 36-40, 70-72","Materials are classified into three grades: Grade A... Grade B... Grade C...
The timer is interrupting — the original inspection task is cancelled and replaced by the expedited decision task.
variance exceeding 15% triggers Finance Controller review, variance exceeding 25% triggers Executive escalation.",ambiguous,"business_rules_L3.md lines 25-30, 36-40, and 70-72 state the A/B/C classifications, interrupting timer behavior, Grade B joint sign-off, high-risk expedited conflict, and numeric 15%/25% tiers. The registered source_quote itself only includes classification fragments, interrupting behavior, and cost thresholds; it omits the 48-hour value, two-step limit, joint affirmative decisions, and executive-waiver conflict, so it does not entail the full registered check.","The BPMN has distinct grade conditions for A and B with default rejection/C routing; boundary_quality48h is interrupting, attached to task_qualityInspection, has PT48H, and directly targets task_expeditedQualityDecision. Numeric conditions are cost_variance_pct > 15 and > 25. However, Grade B uses one task with one out_waiver_approved boolean, assignee ${qualityAssuranceLead}, and candidateGroups quality,supplychain rather than separate affirmative QA and Supply Chain Lead verdicts. The high-risk expedited condition references executive_waiver_granted, but no executive waiver task produces that variable; task_procurementAvailability declares out_executive_waiver_granted.","Timer and numeric cost tiers are present, but joint Grade B approval is represented by one verdict and executive waiver is not produced by an executive waiver decision task.","Distinct A/B/C routing, genuine joint Grade B approval, PT48H interrupting prompt escalation, numeric 15%/25% tiers, and executive-waiver-controlled high-risk expedited processing.",
prep_v10_verifier_v10_full,business_finance__bpmn_supply_disruption_l3,prep_verifier,0,fail,af893f6d6778e63d2e96c792cabf41f1d2e4359c4e868428a5596151f58e3b84,adjustment.governance.loop,deterministic,True,unverifiable,"Mix adjustment must be pre-validated, quantitatively constrained to exactly 100%, reviewed independently in parallel by Supply Chain and Sales directors, and revalidated through capacity. Failed pre-validation must use a bounded counter and escalate after the maximum; a second capacity failure after an approved adjustment must escalate rather than repeat adjustment.","input/starter_project/business_rules_L3.md lines 14, 16, 18-19, 39; input/starter_project/disruption_scenario_L3.md lines 165-181","Adjusted product mix percentages must sum to exactly 100%.
A loop counter variable must be maintained, incremented on each iteration of the mix revision cycle.
The parallel split gateway and parallel join gateway must be structurally paired",ambiguous,"business_rules_L3.md lines 14, 16, 18-19 and disruption_scenario_L3.md lines 165-181 support exact 100%, a maintained retry counter, paired parallel review, pre-validation, capacity revalidation, and second-failure escalation. The registered source_quote only states exact 100%, counter maintenance, and structural pairing; it does not entail all stronger checks for balanced reductions/increases, exact task ordering, both verdict conditions, and second capacity failure routing.","task_productMixAdjustment precedes task_mixPreValidation and outputs three numeric SKU percentages plus mix_total_pct. gw_mixValidation accepts only validation_result='passes' and mix_total_pct==100, retries while mix_retry_count<3, and otherwise escalates. Paired parallel gateways enclose task_scDirectorReview and task_salesDirectorReview; downstream approval requires feasibility_verdict='approved' and market_response='accepted'. Approved review returns to task_capacityConfirmation, and adjusted-plan capacity failure escalates. No expression enforces that total reductions equal total increases, and the model contains no automatic increment operation for mix_retry_count; it is merely a user-task output.","Exact-total gating, bounded numeric threshold, paired reviews, and revalidation routing are present; balanced delta enforcement and explicit counter increment semantics are absent.",Only balanced 100% mixes pass pre-validation; retries increment and are bounded; both independent reviews approve; adjustment is capacity-revalidated; repeated infeasibility escalates.,
prep_v10_verifier_v10_full,business_finance__bpmn_supply_disruption_l3,prep_verifier,0,fail,af893f6d6778e63d2e96c792cabf41f1d2e4359c4e868428a5596151f58e3b84,roles.restrictions.traceability,deterministic,True,fail,"New tasks must be assigned consistently with the authoritative organizational authority. Grade B restrictions must propagate to both mix adjustment and procurement execution, and every waiver, expedited quality decision, and executive escalation must output a rationale or justification.","input/task_prompt.md lines 26-30, 44-45; input/starter_project/business_rules_L3.md lines 26, 28, 36-41, 53-64; input/starter_project/org_hierarchy.json keys group_policy, joint_decisions.product_mix_review, roles","`org_hierarchy.json` is authoritative for role/authority assignment.
Material restrictions from Grade B conditional acceptance must propagate to BOTH the product mix adjustment task AND procurement execution.
Every manual override decision... must produce a rationale or justification output variable",supported,"input/task_prompt.md lines 26-30 says “`org_hierarchy.json` is authoritative for role/authority assignment.” business_rules_L3.md lines 37 and 41 require Grade B restrictions to propagate to both mix adjustment and procurement execution and every manual override to produce rationale. disruption_scenario_L3.md lines 194-202 identifies waiver, expedited decision, and executive escalation rationale outputs.","Most task assignments match org_hierarchy.json conventions: procurementLead/procurement, qualityAssuranceLead/quality, financeController/finance, supplyChainDirector/supplychain_mgmt, and salesDirector/sales_mgmt. Grade B approval is not structurally joint: task_gradeBWaiver is assigned only to ${qualityAssuranceLead} and emits one waiver_approved verdict, despite candidateGroups=""quality,supplychain"". task_executiveCostEscalation and task_executiveEscalation use ${executiveSponsor}, but executiveSponsor is not a role_id in org_hierarchy.json. Restriction data is topologically traceable from task_documentRestrictions to task_productMixAdjustment and to task_procurementExecution, which declares in_material_restrictions. Waiver, expedited, executive-cost, and terminal escalation tasks declare rationale outputs.","Restriction propagation and rationale outputs are present, but Grade B does not require two independently completed authorized decisions, and executiveSponsor is absent from the authoritative role list.","Every new task follows authoritative role authority and group conventions, Grade B restrictions reach both required consumers, and override tasks produce rationale.","Model separate QA Lead and Supply Chain Lead Grade B approval verdicts, require both affirmatively downstream, and use an executive role explicitly defined by the authoritative organization data or document the authorized CEO mapping without inventing an undeclared role ID."
prep_v10_verifier_v10_full,business_finance__bpmn_supply_disruption_l3,prep_verifier,0,fail,af893f6d6778e63d2e96c792cabf41f1d2e4359c4e868428a5596151f58e3b84,scenario.results.integrity,deterministic,True,unverifiable,"test_results.json must use the required process key and scenarios array, report all 67 public scenarios with boolean pass fields, and keep reported execution paths consistent with actual BPMN node IDs and graph reachability.","input/task_prompt.md lines 66-69, 99-118; input/starter_project/test_scenarios_L3.json keys process_definition_key and scenarios","""process_definition_key"": ""monthlyProductionScheduling_modified_L3"",
""total_scenarios"": 67,
Each scenario entry **must** include a boolean `""pass""` field. Use the top-level key `""scenarios""` for the array.",ambiguous,"input/task_prompt.md lines 103-118 specifies process_definition_key monthlyProductionScheduling_modified_L3, total_scenarios 67, top-level scenarios, and a boolean pass field. The registered source_quote does not entail exact S01-S67 identity coverage, all additional per-entry field types, path-length equality, consecutive graph reachability, or endpoint classification.","test_results.json parses with the required process key, total_scenarios=67, 67 unique entries S01-S67, boolean pass=true on all entries, descriptions, actual_path arrays, ended booleans, and integer steps_executed equal to path lengths. Stronger graph validation found 53 paths with issues: many list parallel siblings task_procurementExecution then task_factoryExecution even though neither is reachable from the other; S19 contains nonexistent path entries deployment_static_validation and monthlyProductionScheduling_original. Endpoint counts were 50 endEvent, 16 endEvent_escalated, and one monthlyProductionScheduling_modified_L3.","Schema counts and pass flags are complete, but many claimed linear paths are not directed graph paths and S19 references non-node identifiers.",All 67 public scenarios are reported once with correctly typed fields and graph-consistent paths ending at the appropriate normal or escalation endpoint.,
prep_v10_verifier_v10_full,business_finance__bpmn_supply_disruption_l3,verifier,0,fail,2b6b396ac9e4ef4e7967761b688a1f206d950ed4f5e59ff47a5b70a4bd7a0151,bundle.schema.consistency,deterministic,True,unverifiable,"The four required output files must exist. The two compliance reports must contain all required numbered keys and reference only elements, variables, assignments, and conditions present in the modified BPMN.","input/task_prompt.md lines 71-76, 120-164, 166-175; input/starter_project/disruption_scenario_L3.md lines 154-163","Produce: 1. `structural_changes.json` with top-level `modifications` map and keys `modification_1`..`modification_18`
Keys: `rule_1` through `rule_22` (including `rule_8a`). Each rule's `enforced_by` elements must reference actual BPMN node IDs.
Any mismatch between the compliance documentation and the deployed BPMN XML constitutes a validation failure.",ambiguous,"Located in input/task_prompt.md lines 71-76: “Produce: 1. `structural_changes.json` with top-level `modifications` map and keys `modification_1`..`modification_18`” and “`business_rules_compliance.json` with top-level `rules` map and keys `rule_1`..`rule_22` (including `rule_8a`)”; lines 120-164 state that each modification/rule must reference actual BPMN IDs; input/starter_project/disruption_scenario_L3.md lines 154-163 state: “Any mismatch between the compliance documentation and the deployed BPMN XML constitutes a validation failure.” However, the registered source_quote does not state the complete four-file existence requirement or support requiring exactly those keys with no additional keys, so the registered check is stronger than its quote.","Operational inspection found all four required files and valid JSON parsing. structural_changes.json has modification_1 through modification_18, and business_rules_compliance.json has rule_1 through rule_22 including rule_8a. All enforced_by IDs resolve. A machine-checkable inconsistency was also observed: structural_changes.json modification_18 labels `material_restrictions` as `key_output_variable` for task_procurementExecution, while the BPMN declares only `in_material_restrictions` on that task. Because source_status is ambiguous, this cannot be converted to fail.",Four required files exist and parse; numbered key sets are present; at least one compliance-to-BPMN variable-direction mismatch exists in modification_18.,"All required files exist, both JSON documents satisfy their required top-level structures and key sets, and every machine-checkable compliance claim agrees with the BPMN.",
prep_v10_verifier_v10_full,business_finance__bpmn_supply_disruption_l3,verifier,0,fail,2b6b396ac9e4ef4e7967761b688a1f206d950ed4f5e59ff47a5b70a4bd7a0151,bpmn.identity.anchors,deterministic,True,fail,"The modified artifact must be parseable BPMN 2.0, use process definition key monthlyProductionScheduling_modified_L3, and preserve the original anchored elements and their IDs while retaining coherent references.",input/task_prompt.md lines 32-36; input/starter_project/disruption_scenario_L3.md lines 136-143; input/starter_project/original_process.bpmn20.xml line 12 and element IDs throughout,"preserve all original elements and IDs,
use process definition key **`monthlyProductionScheduling_modified_L3`**,
Be a valid BPMN 2.0 XML deployable to the running Flowable 6.5.0 instance",supported,"input/task_prompt.md lines 32-36 states: “preserve all original elements and IDs,” “use process definition key **`monthlyProductionScheduling_modified_L3`**,” and the disruption scenario requirement at input/starter_project/disruption_scenario_L3.md lines 136-143 says: “Be a valid BPMN 2.0 XML deployable to the running Flowable 6.5.0 instance.” These excerpts directly support identity preservation, the process key, and coherent BPMN references.","Namespace-aware ElementTree parsing succeeded. The executable process is id=`monthlyProductionScheduling_modified_L3`, and comparison with original_process.bpmn20.xml found all 29 original anchored process nodes with unchanged BPMN element types. Reference validation found a dangling BPMN-DI reference: element `BPMNPlane_original` has `bpmnElement=""monthlyProductionScheduling_original""`, but no such ID exists in the modified document. A global id-attribute scan also found repeated IDs, including `schema`, `in_sku_demand`, `in_delivery_rhythm`, `in_production_schedule`, `in_line_schedule`, `in_material_grade`, `in_material_restrictions`, `out_resolution_status`, and others.","Correct executable process key and preserved original flow nodes, but one dangling BPMN-DI bpmnElement reference and multiple repeated id attributes.","The BPMN parses, has the required executable process key, retains every original anchored flow node and ID, has no duplicate IDs, and has no dangling structural references.","Update `BPMNPlane_original/@bpmnElement` to the existing modified process ID (or otherwise make it reference a real BPMN element), and make repeated id attributes unique while preserving required anchored element IDs."
prep_v10_verifier_v10_full,business_finance__bpmn_supply_disruption_l3,verifier,0,fail,2b6b396ac9e4ef4e7967761b688a1f206d950ed4f5e59ff47a5b70a4bd7a0151,bpmn.task.gateway.dataflow,deterministic,True,unverifiable,"Every newly added task must be a documented userTask with typed form properties; every new in_* property must have a matching out_* producer on a topological predecessor. New exclusive gateways must have unconditioned defaults, and gateway and assignee expressions may reference only variables available before evaluation.","input/task_prompt.md lines 37-53, 93-95","keep all new task nodes as `userTask` (no custom Java delegates),
Every new task's `in_*` variable must have a producer (`out_*`) on a task that is a graph predecessor via sequence flows.
Default flows on exclusive gateways must **not** have condition expressions",ambiguous,"input/task_prompt.md lines 37-53 contains the quoted requirements: “keep all new task nodes as `userTask`,” “Every new task's `in_*` variable must have a producer (`out_*`) on a task that is a graph predecessor via sequence flows,” and “Default flows on exclusive gateways must **not** have condition expressions.” The same public section separately requires typed form data, `${...}` routing, and documentation, and lines 55-64 discuss undefined-variable safety. Those additional requirements are not included in the registered source_quote, so the quote does not entail the entire registered criterion and check.","Operational inspection identified 14 new tasks; all are userTask elements with nonempty documentation and typed formProperty declarations. Reverse graph reachability found zero unmatched new-task in_* properties. Every inspected new exclusive gateway has a declared default whose sequence flow has no conditionExpression. These observations cannot yield pass because the registered source quote omits some enforced restrictions, especially documentation, typing, `${...}` exactness, and complete variable-initialization semantics.",14 new userTasks; no documentation/type failures; no unmatched topological inputs; exclusive-gateway defaults are unconditioned.,"All new manual work is documented userTask work, typed topological producer-consumer chains are complete, and no gateway or assignee can encounter an undefined variable; exclusive-gateway defaults are unconditioned.",
prep_v10_verifier_v10_full,business_finance__bpmn_supply_disruption_l3,verifier,0,fail,2b6b396ac9e4ef4e7967761b688a1f206d950ed4f5e59ff47a5b70a4bd7a0151,compound.disruption.topology,deterministic,True,unverifiable,"The graph must place procurement availability and sourcing resolution before mandatory quality inspection, and quality inspection before capacity assessment. Supply failure, quality rejection, and capacity infeasibility must be able to converge into one adjustment path. Successful exception handling must return through capacity validation and the main completion flow, while last-resort escalation terminates separately.","input/starter_project/business_rules_L3.md lines 13-19, 25-27, 49-51; input/task_prompt.md lines 37-41","The quality inspection step must occur AFTER sourcing resolution and BEFORE capacity assessment.
The process cannot treat these as separate, sequential issues — they may overlap in any combination of two or three.
route last-resort escalation to a separate terminal end event",ambiguous,"input/starter_project/business_rules_L3.md lines 25-27 states: “The quality inspection step must occur AFTER sourcing resolution and BEFORE capacity assessment”; lines 13-19 state overlapping triggers “may overlap in any combination of two or three”; input/task_prompt.md lines 37-41 requires a separate terminal escalation and successful-path rejoin. The registered source_quote only includes ordering, overlap, and separate terminal escalation, but its requirement/check additionally mandates specific convergence behavior, no duplicated mix proposal, revalidation through the existing capacity node, and detailed path properties not fully entailed by those quoted excerpts.","Graph checks found paths task_skuSequencing→task_procurementAvailability, task_alternativeSourcing→task_qualityInspection, task_qualityInspection→task_capacityConfirmation, gw_adjustmentMerge→task_productMixAdjustment, gw_jointApproval→task_capacityConfirmation, and task_executiveEscalation→endEvent_escalated. There is no path from endEvent_escalated back to adjustment. Because the source quote is incomplete for the full operational check, the criterion is unverifiable.","Core procurement/quality/capacity order, adjustment merge, capacity rejoin, and separate escalation terminal are present in graph reachability.",The compound triggers are all represented and can converge on a single adjustment path; quality always gates capacity; successful exception paths revalidate and rejoin normal completion; escalation is terminal and separate.,
prep_v10_verifier_v10_full,business_finance__bpmn_supply_disruption_l3,verifier,0,fail,2b6b396ac9e4ef4e7967761b688a1f206d950ed4f5e59ff47a5b70a4bd7a0151,quality.cost.timer.controls,deterministic,True,unverifiable,"Quality routing must distinguish Grades A, B, and C; Grade B requires joint QA and Supply Chain approval and Grade C behaves as sourcing failure. Quality inspection must have an interrupting 48-hour timer leading promptly to an expedited decision. Cost variance must be routed with numeric thresholds above 15% for Finance review and above 25% for Executive escalation, and high-risk expedited processing must be blocked unless an executive waiver exists.","input/starter_project/business_rules_L3.md lines 25-30, 36-40, 70-72","Materials are classified into three grades: Grade A... Grade B... Grade C...
The timer is interrupting — the original inspection task is cancelled and replaced by the expedited decision task.
variance exceeding 15% triggers Finance Controller review, variance exceeding 25% triggers Executive escalation.",ambiguous,"input/starter_project/business_rules_L3.md lines 25-30 states the A/B/C classifications and interrupting timer behavior; lines 36-40 and 70-72 state that variance exceeding 15% triggers Finance Controller review and exceeding 25% triggers Executive escalation. The registered quote does not include the complete joint Grade-B approval rule, exact PT48H duration, two-step timer bound, supplier-risk waiver conflict, or the full <=15/>15-to-<=25/>25 tier partition required by the registered check.","BPMN inspection found boundary_qualityTimeout attached to task_qualityInspection with cancelActivity=`true` and timeDuration `PT48H`; its path goes directly to task_expeditedQualityDecision. gw_qualityGrade has explicit A and B conditions with a default failure route. gw_costTier uses `${cost_variance_pct > 25}`, `${cost_variance_pct > 15 && cost_variance_pct <= 25}`, and an unconditioned default. gw_expeditedDecision conditions expedited acceptance on non-high risk or executive waiver. The Grade-B implementation is one task, task_qualityWaiver, assigned to QA with candidateGroups `quality,supplychain` and candidateUsers `${supplyChainLead}`, rather than two independently affirmative verdict outputs. Source ambiguity prevents a deterministic result.","PT48H interrupting timer, direct expedited task, numeric 15%/25% cost branches, A/B/default quality routing, and risk/waiver condition are present; Grade-B joint approval is modeled as a single completable task.","Grade, waiver, timeout, supplier-risk conflict, and cost-tier branches match the stated controls, including PT48H interruption, prompt expedited handling, and numeric 15%/25% thresholds.",
prep_v10_verifier_v10_full,business_finance__bpmn_supply_disruption_l3,verifier,0,fail,2b6b396ac9e4ef4e7967761b688a1f206d950ed4f5e59ff47a5b70a4bd7a0151,adjustment.governance.loop,deterministic,True,unverifiable,"Mix adjustment must be pre-validated, quantitatively constrained to exactly 100%, reviewed independently in parallel by Supply Chain and Sales directors, and revalidated through capacity. Failed pre-validation must use a bounded counter and escalate after the maximum; a second capacity failure after an approved adjustment must escalate rather than repeat adjustment.","input/starter_project/business_rules_L3.md lines 14, 16, 18-19, 39; input/starter_project/disruption_scenario_L3.md lines 165-181","Adjusted product mix percentages must sum to exactly 100%.
A loop counter variable must be maintained, incremented on each iteration of the mix revision cycle.
The parallel split gateway and parallel join gateway must be structurally paired",ambiguous,"input/starter_project/business_rules_L3.md states: “Adjusted product mix percentages must sum to exactly 100%.” input/starter_project/disruption_scenario_L3.md lines 165-181 states: “A loop counter variable must be maintained, incremented on each iteration of the mix revision cycle” and “The parallel split gateway and parallel join gateway must be structurally paired.” These quotations do not fully entail the registered requirements for balanced reductions/increases, pre-validation ordering, two specific independent director verdicts, revalidation through the original capacity task, or mandatory escalation upon a second capacity failure.","The BPMN declares numeric out_sku_a_percentage, out_sku_b_percentage, out_sku_c_percentage, and out_mix_total_percentage on task_productMixAdjustment. task_productMixAdjustment precedes task_mixCapacityPrecheck. gw_mixValidation accepts `${validation_result == 'passes' && mix_total_percentage == 100}`; gw_retryLimit loops for `${adjustment_attempt_count < 3}` and otherwise escalates. A paired parallel split/join surrounds task_scDirectorReview and task_salesDirectorReview, which output feasibility_verdict and market_response; downstream approval requires both. Approved review routes to task_capacityConfirmation, and gw_revalidationGuard escalates when `${plan_adjusted == true}`. The quote nevertheless does not support every registered restriction.","Numeric SKU outputs, exact-100 check, bounded counter branch, paired parallel reviews, joint verdict condition, capacity revalidation, and revalidation escalation are structurally present.","Only pre-validated, balanced 100% mixes reach paired parallel review; both verdicts are consumed; retries are bounded; approved changes are capacity-revalidated; repeated infeasibility escalates.",
prep_v10_verifier_v10_full,business_finance__bpmn_supply_disruption_l3,verifier,0,fail,2b6b396ac9e4ef4e7967761b688a1f206d950ed4f5e59ff47a5b70a4bd7a0151,roles.restrictions.traceability,deterministic,True,fail,"New tasks must be assigned consistently with the authoritative organizational authority. Grade B restrictions must propagate to both mix adjustment and procurement execution, and every waiver, expedited quality decision, and executive escalation must output a rationale or justification.","input/task_prompt.md lines 26-30, 44-45; input/starter_project/business_rules_L3.md lines 26, 28, 36-41, 53-64; input/starter_project/org_hierarchy.json keys group_policy, joint_decisions.product_mix_review, roles","`org_hierarchy.json` is authoritative for role/authority assignment.
Material restrictions from Grade B conditional acceptance must propagate to BOTH the product mix adjustment task AND procurement execution.
Every manual override decision... must produce a rationale or justification output variable",supported,"input/task_prompt.md lines 26-30 states: “`org_hierarchy.json` is authoritative for role/authority assignment.” input/starter_project/business_rules_L3.md states: “Material restrictions from Grade B conditional acceptance must propagate to BOTH the product mix adjustment task AND procurement execution” and “Every manual override decision... must produce a rationale or justification output variable.” org_hierarchy.json group_policy states: “directors use management-level groups (suffix _mgmt); executive decisions use the executive group,” with convention `{department}[_mgmt] for directors, {department} for leads/operational`.","Director tasks violate the authoritative group convention: task_productMixAdjustment and task_scDirectorReview are assigned `${supplyChainDirector}` but use candidateGroups=`management`; task_salesDirectorReview is assigned `${salesDirector}` but also uses candidateGroups=`management`. The public convention requires department-specific management groups with `_mgmt`, not the generic `management` group. Grade-B restrictions are declared as out_material_restrictions upstream and as in_material_restrictions on both task_productMixAdjustment and original task_procurementExecution, with graph paths between producer and consumers. Audit outputs exist: task_qualityWaiver has out_waiver_rationale, task_expeditedQualityDecision has out_expedited_rationale, task_executiveWaiver has out_executive_waiver_rationale, and task_executiveEscalation has out_escalation_rationale.","Restriction propagation and rationale outputs are present, but all three director-function tasks use the nonconforming generic candidate group `management`.","Assignments and groups conform to the authoritative role model, both downstream consumers receive Grade B restrictions through topological producer chains, and all three override classes produce audit rationale.","Replace generic `management` candidate groups with department-specific `_mgmt` groups consistent with org_hierarchy.json, e.g. supply-chain management for Supply Chain Director work and sales management for Sales Director work."
prep_v10_verifier_v10_full,business_finance__bpmn_supply_disruption_l3,verifier,0,fail,2b6b396ac9e4ef4e7967761b688a1f206d950ed4f5e59ff47a5b70a4bd7a0151,scenario.results.integrity,deterministic,True,unverifiable,"test_results.json must use the required process key and scenarios array, report all 67 public scenarios with boolean pass fields, and keep reported execution paths consistent with actual BPMN node IDs and graph reachability.","input/task_prompt.md lines 66-69, 99-118; input/starter_project/test_scenarios_L3.json keys process_definition_key and scenarios","""process_definition_key"": ""monthlyProductionScheduling_modified_L3"",
""total_scenarios"": 67,
Each scenario entry **must** include a boolean `""pass""` field. Use the top-level key `""scenarios""` for the array.",ambiguous,"input/task_prompt.md lines 99-118 provides: `""process_definition_key"": ""monthlyProductionScheduling_modified_L3""`, `""total_scenarios"": 67`, and states: “Each scenario entry **must** include a boolean `""pass""` field. Use the top-level key `""scenarios""` for the array.” The registered requirement/check additionally demands exactly one S01-S67 entry, all detailed field types, path-length equality, graph reachability between path entries, and endpoint-specific semantics; those restrictions are not all directly supported by the registered source_quote.","test_results.json parses and contains process_definition_key monthlyProductionScheduling_modified_L3, total_scenarios 67, and 67 unique entries covering S01-S67. All entries have correctly typed description, pass, actual_path, ended, and steps_executed fields; all pass values are true and every steps_executed value equals path length. However, 55 reported paths contain a structurally impossible consecutive transition from task_procurementExecution to task_factoryExecution: the two tasks are parallel branches, so task_factoryExecution is not forward-reachable from task_procurementExecution. Endpoint counts are 55 normal endEvent and 12 endEvent_escalated. Source ambiguity prevents recording this as fail.","Complete and correctly typed 67-scenario container, but 55 actual_path arrays claim an unreachable ordering between parallel tasks.","All 67 scenarios are reported once in the exact required container, all report pass=true with correctly typed fields, and their claimed paths and endpoints are structurally possible in the submitted BPMN.",
prep_v10_verifier_v10_full,business_finance__digital_marketing_ab_test_analysis_1,prep_verifier,0,unverifiable,ff53f5cb0a894e1643b44d0c7661845d3636406b3598d3dc004583c31f4e93ac,outputs.exact.files,deterministic,True,pass,The output directory must contain exactly the three requested deliverables with the specified filenames.,"public task prompt, anchor: ""Write exactly these outputs""",Write exactly these outputs under `/media/user/data/agenthle/business_finance/digital_marketing_ab_test_analysis_1/base/output`:,supported,"Public task prompt, anchor “Write exactly these outputs”: “Write exactly these outputs under `/media/user/data/agenthle/business_finance/digital_marketing_ab_test_analysis_1/base/output`:” followed by the three named deliverables.","`find /tmp/ale-verifier-b204311b4eed/snapshot-0 -maxdepth 3 -printf '%y %p\n'` showed exactly three regular files: experiment_report.md, experiment_results.tsv, and randomization_assignment.csv. The rejected-symlink receipt was empty.",Exactly 3 regular files with the requested names and no additional snapshot files.,All three requested files exist and there are no additional output files.,
prep_v10_verifier_v10_full,business_finance__digital_marketing_ab_test_analysis_1,prep_verifier,0,unverifiable,ff53f5cb0a894e1643b44d0c7661845d3636406b3598d3dc004583c31f4e93ac,randomization.schema.and.srm,deterministic,True,unverifiable,"randomization_assignment.csv must have columns metric,value, one row for each required metric, arm counts and treatment/control ratio from every raw-results row, and a valid chi-squared SRM result without exclusion filtering.","public task prompt, output 1","`randomization_assignment.csv` — CSV with columns `metric,value`.
Required rows (one per metric): `n_control`, `n_treatment`, `ratio` (treatment/control ratio), `srm_chi2`, `srm_pvalue`, `srm_pass`.
Compute the sample-ratio mismatch (SRM) chi-squared test over the **full** `experiment_results_raw.csv` population",ambiguous,"Public task prompt, output 1 states: “`randomization_assignment.csv` — CSV with columns `metric,value`.”; “Required rows (one per metric): `n_control`, `n_treatment`, `ratio` (treatment/control ratio), `srm_chi2`, `srm_pvalue`, `srm_pass`.”; and “Compute the sample-ratio mismatch (SRM) chi-squared test over the **full** `experiment_results_raw.csv` population”. These excerpts do not state the expected randomization allocation for the SRM test, while the registered check specifically imposes equal allocation and one degree of freedom. They also do not explicitly prohibit additional metric rows.","Operational recomputation nevertheless found 4,409 control and 4,409 treatment rows in all 8,818 raw records. The artifact has header `metric,value`, the six named metrics once each, ratio 1.0, chi-square 0.0, p-value 1.0, and srm_pass=True. Because equal expected allocation is not established by the quoted public source, this cannot be converted into a pass.","Artifact: n_control=4409, n_treatment=4409, ratio=1.0, srm_chi2=0.0, srm_pvalue=1.0, srm_pass=True; full raw-file counts are 4409 and 4409.","Exact six-row schema and an equal-allocation Pearson SRM calculation over every raw row, with pass defined as p-value at least 0.05.",
prep_v10_verifier_v10_full,business_finance__digital_marketing_ab_test_analysis_1,prep_verifier,0,unverifiable,ff53f5cb0a894e1643b44d0c7661845d3636406b3598d3dc004583c31f4e93ac,results.schema.metrics,deterministic,True,unverifiable,"experiment_results.tsv must be tab-separated, have exactly the requested columns and four metric rows, and correctly identify open rate as primary and the other three rates as secondary.","public task prompt, output 2; input/experiment_brief.md lines 12-20","`experiment_results.tsv` — tab-separated file with exactly 4 rows (one per metric: `opened_rate`, `clicked_rate`, `converted_rate`, `unsubscribed_rate`). Columns: `metric`, `is_primary` (True/False), `control_rate`, `treatment_rate`, `absolute_lift`, `relative_lift_pct`, `ci_lower_95`, `ci_upper_95`, `z_statistic`, `p_value_raw`, `significant_at_05` (True/False), `bh_rank`, `bh_threshold`, `bh_significant` (True/False).",ambiguous,"Public task prompt, output 2 states: “`experiment_results.tsv` — tab-separated file with exactly 4 rows (one per metric: `opened_rate`, `clicked_rate`, `converted_rate`, `unsubscribed_rate`). Columns: `metric`, `is_primary` (True/False), `control_rate`, `treatment_rate`, `absolute_lift`, `relative_lift_pct`, `ci_lower_95`, `ci_upper_95`, `z_statistic`, `p_value_raw`, `significant_at_05` (True/False), `bh_rank`, `bh_threshold`, `bh_significant` (True/False).” The quote does not identify which metric is primary, and it does not explicitly require the listed column order, although the registered check imposes both. The cited brief does identify the primary metric at lines 12–20, but that requirement-bearing excerpt is absent from `source_quote`.","The artifact is tab-delimited, has the 14 listed columns in the registered order, and has exactly four rows. `opened_rate` is marked True and clicked, converted, and unsubscribed rates are marked False. These observed facts cannot yield a pass because the full registered check is stronger than its source quote.",Exact requested four metric rows and 14 columns; opened_rate=True and all three other metrics=False.,"Exact listed schema and row set, with only opened_rate designated primary.",
prep_v10_verifier_v10_full,business_finance__digital_marketing_ab_test_analysis_1,prep_verifier,0,unverifiable,ff53f5cb0a894e1643b44d0c7661845d3636406b3598d3dc004583c31f4e93ac,results.rates.and.lifts,deterministic,True,unverifiable,"All four arm rates must use delivered emails as denominators over the full raw-results population, and lift fields must be calculated from those rates.","public task prompt, output 2; input/experiment_brief.md lines 14 and 18-20","Rates are computed over delivered emails from the **full** `experiment_results_raw.csv` (do NOT apply exclusion rules).
- Email open rate (opens / delivered emails)
- Click-through rate (clicks / delivered emails)
- Conversion rate (purchases within 48h / delivered emails)",ambiguous,"Public task prompt says: “Rates are computed over delivered emails from the **full** `experiment_results_raw.csv` (do NOT apply exclusion rules).” The quoted brief excerpts define open, click, and conversion rates, but omit the brief’s unsubscribe-rate definition. The quote also does not state the registered formulas `absolute_lift=treatment_rate-control_rate` and `relative_lift_pct=100*absolute_lift/control_rate`; those are inferred from field names.","Full-file aggregation produced delivered totals 4,409/4,409. Control/treatment outcome sums were opened 981/1131, clicked 981/0, converted 0/0, and unsubscribed 5/17. Every artifact rate and lift matches those totals: opened 0.222499432978/0.256520753005 with lift 0.0340213200272; clicked 0.222499432978/0 with lift -0.222499432978; converted 0/0 with lift 0; unsubscribed 0.00113404400091/0.00385574960308 with lift 0.00272170560218. The unsupported formula and omitted unsubscribe excerpt force unverifiable status.",All four reported rates and both lift fields numerically match full-file recomputation using the registered formulas.,"Every rate uses delivered totals from all raw rows, with treatment-minus-control absolute lift and percent-relative lift.",
prep_v10_verifier_v10_full,business_finance__digital_marketing_ab_test_analysis_1,prep_verifier,0,unverifiable,ff53f5cb0a894e1643b44d0c7661845d3636406b3598d3dc004583c31f4e93ac,results.inference,deterministic,True,unverifiable,"Each metric must contain a coherent two-arm proportion z statistic, raw p-value, 95% confidence interval for absolute lift, and 0.05 significance flag.","public task prompt, output 2","`ci_lower_95`, `ci_upper_95`, `z_statistic`, `p_value_raw`, `significant_at_05` (True/False)",ambiguous,"The source quote consists only of the requested fields: “`ci_lower_95`, `ci_upper_95`, `z_statistic`, `p_value_raw`, `significant_at_05` (True/False)”. It does not specify a pooled two-sample proportion z statistic, a two-sided p-value, an interval method, or the strict comparison `p_value_raw<0.05`, all of which are imposed by the registered check.","Independent pooled two-proportion z tests and unpooled Wald intervals reproduce the artifact: opened z=3.742808221853023, p=0.000181975112738552, CI=[0.0162198267881,0.0518228132664]; clicked z=-33.22344226963035, p≈4.93860740773649e-242, CI=[-0.234776449862,-0.210222416094]; converted z=0, p=1, CI=[0,0]; unsubscribed z=2.5616060632378983, p=0.01041894226350484, CI=[0.000640019476713,0.00480339172764]. Flags agree with p<0.05, but the source does not establish these precise conventions.","All four rows are finite and coherent under pooled two-sided proportion z tests with unpooled Wald 95% intervals; flags are True, True, False, True respectively.","A valid standard two-proportion analysis with two-sided raw p-values, 95% intervals, and significance flags defined by p<0.05.",
prep_v10_verifier_v10_full,business_finance__digital_marketing_ab_test_analysis_1,prep_verifier,0,unverifiable,ff53f5cb0a894e1643b44d0c7661845d3636406b3598d3dc004583c31f4e93ac,results.bh.secondary,deterministic,True,unverifiable,Benjamini-Hochberg fields must be blank for the primary metric and correctly calculated at 0.05 across only the three secondary metrics.,"public task prompt, output 2",The last three Benjamini-Hochberg columns apply only to secondary metrics; leave them blank for the primary metric.,ambiguous,"Public task prompt states: “The last three Benjamini-Hochberg columns apply only to secondary metrics; leave them blank for the primary metric.” This supports blank primary cells and application to secondary metrics, but it does not state FDR alpha 0.05, thresholds `rank*0.05/3`, tie handling, or the precise step-up decision rule imposed by the check.","opened_rate has all three BH cells blank. Secondary p-values sort as clicked ≈4.9386e-242 (rank 1, threshold 0.0166666666667, True), unsubscribed 0.0104189422635 (rank 2, threshold 0.0333333333333, True), and converted 1.0 (rank 3, threshold 0.05, False), matching BH at 0.05 across the three secondaries. The unquoted alpha and algorithm prevent a pass.","Primary BH fields are blank; secondary ranks are 1/2/3 with 0.05/3, 0.10/3, and 0.05 thresholds and decisions True/True/False.","BH correction at 0.05 over exactly the three secondary tests, with all primary BH cells blank.",
prep_v10_verifier_v10_full,business_finance__digital_marketing_ab_test_analysis_1,prep_verifier,0,unverifiable,ff53f5cb0a894e1643b44d0c7661845d3636406b3598d3dc004583c31f4e93ac,report.power.analysis,deterministic,True,unverifiable,The Markdown report must state a required per-arm sample size produced by a reproducible power analysis using historical_metrics.csv and the brief's three-percentage-point open-rate effect.,"public task prompt, output 3; input/experiment_brief.md lines 22-25","the required per-arm sample size (from a power analysis on `historical_metrics.csv`)
- Minimum detectable effect: 3 percentage points lift on open rate
- Baseline open rate: ~22% (from historical data)",ambiguous,"Public task and brief state: “the required per-arm sample size (from a power analysis on `historical_metrics.csv`)”; “Minimum detectable effect: 3 percentage points lift on open rate”; and “Baseline open rate: ~22% (from historical data)”. They do not specify alpha, target power, sidedness, allocation, weighting of historical observations, or a particular two-proportion power method. The registered check requires all of these assumptions and exact agreement with the resulting rounded integer.","Report line 9 documents a delivered-email-weighted historical baseline of 21.8583%, 0.03 absolute effect, two-sided test, alpha 0.05, 80% power, 1:1 allocation, Cohen’s h=0.070936, and 3,120 delivered emails per arm. Independent aggregation gives weighted baseline 0.218583054883873 from 464,836 deliveries; Cohen’s h is 0.070936134811793, and the conventional balanced two-sample Cohen-h calculation rounds up to 3,120 per arm. These conventions are reasonable but not fixed by the source quote.","Documented requirement: 3,120 per arm using weighted baseline 21.8583%, 3-point effect, alpha 0.05, 80% power, two-sided test, and 1:1 allocation.",A uniquely reproducible historical-data-based power analysis whose rounded required per-arm size matches independent calculation.,
prep_v10_verifier_v10_full,business_finance__digital_marketing_ab_test_analysis_1,prep_verifier,0,unverifiable,ff53f5cb0a894e1643b44d0c7661845d3636406b3598d3dc004583c31f4e93ac,report.recommendation.and.lift,deterministic,True,pass,experiment_report.md must have a clear Recommendation section containing ship or hold and must report the observed absolute lift for the primary open-rate metric.,"public task prompt, output 3; input/experiment_brief.md lines 12-14","a clear **Recommendation** section containing the word ""ship"" or ""hold"", and the observed absolute lift on the primary metric.
- Email open rate (opens / delivered emails)",supported,"Public task prompt, output 3 requires “a clear **Recommendation** section containing the word ""ship"" or ""hold"", and the observed absolute lift on the primary metric.” The brief at lines 12–14 identifies the primary metric as “Email open rate (opens / delivered emails)”.","experiment_report.md line 19 is the heading `## Recommendation`; line 21 begins `**Hold** deployment` and also contains the standalone word `ship`. Line 5 reports the primary absolute lift as `3.4021% (3.402 percentage points)`. Full-file recomputation from 981/4409 control opens and 1131/4409 treatment opens gives 0.034021320027217056, or 3.402132 percentage points, matching the report’s rounding.",Clearly headed Recommendation section with “Hold”; reported open-rate absolute lift 3.4021% / 3.402 percentage points; recomputed lift 3.402132 percentage points.,A Recommendation heading containing ship or hold and a primary open-rate absolute lift matching the full raw population.,
prep_v10_verifier_v10_full,business_finance__digital_marketing_ab_test_analysis_1,verifier,0,unverifiable,fd18f8f795fe883f4f0b071c49bf0aa48463611e648adda158228bb62d71643b,outputs.exact.files,deterministic,True,pass,The output directory must contain exactly the three requested deliverables with the specified filenames.,"public task prompt, anchor: ""Write exactly these outputs""",Write exactly these outputs under `/media/user/data/agenthle/business_finance/digital_marketing_ab_test_analysis_1/base/output`:,supported,"Public task prompt, immediately before outputs 1–3: ""Write exactly these outputs under `/media/user/data/agenthle/business_finance/digital_marketing_ab_test_analysis_1/base/output`:""","`find` of the snapshot showed exactly three direct regular files: experiment_report.md, experiment_results.tsv, and randomization_assignment.csv. The rejected-symlink receipt was empty.","['experiment_report.md', 'experiment_results.tsv', 'randomization_assignment.csv']","['experiment_report.md', 'experiment_results.tsv', 'randomization_assignment.csv']",
prep_v10_verifier_v10_full,business_finance__digital_marketing_ab_test_analysis_1,verifier,0,unverifiable,fd18f8f795fe883f4f0b071c49bf0aa48463611e648adda158228bb62d71643b,randomization.schema.and.srm,deterministic,True,unverifiable,"randomization_assignment.csv must have columns metric,value, one row for each required metric, arm counts and treatment/control ratio from every raw-results row, and a valid chi-squared SRM result without exclusion filtering.","public task prompt, output 1","`randomization_assignment.csv` — CSV with columns `metric,value`.
Required rows (one per metric): `n_control`, `n_treatment`, `ratio` (treatment/control ratio), `srm_chi2`, `srm_pvalue`, `srm_pass`.
Compute the sample-ratio mismatch (SRM) chi-squared test over the **full** `experiment_results_raw.csv` population",ambiguous,"Public task prompt, output 1 states: ""`randomization_assignment.csv` — CSV with columns `metric,value`.""; ""Required rows (one per metric): `n_control`, `n_treatment`, `ratio` (treatment/control ratio), `srm_chi2`, `srm_pvalue`, `srm_pass`.""; and ""Compute the sample-ratio mismatch (SRM) chi-squared test over the **full** `experiment_results_raw.csv` population"". However, the registered check additionally fixes equal allocation, one degree of freedom, and a 0.05 pass threshold. Those restrictions are not stated in the quoted public wording, and the brief does not state a target allocation ratio.","The artifact is internally consistent with the registered operational calculation: exact fields were `metric,value`; the six rows were n_control=4409, n_treatment=4409, ratio=1.0, srm_chi2=0.0, srm_pvalue=1.0, and srm_pass=True. Independent full-file counting found 8,818 rows split 4,409/4,409. An equal-allocation Pearson calculation gives chi2=0 and p=1. Source ambiguity prevents a pass.","4,409 control; 4,409 treatment; ratio 1.0; reported SRM chi2 0.0, p-value 1.0, pass True","Exact schema and six rows, with an SRM calculation supported by the public task wording; the registered equal-allocation and 0.05 details are not publicly fixed.",
prep_v10_verifier_v10_full,business_finance__digital_marketing_ab_test_analysis_1,verifier,0,unverifiable,fd18f8f795fe883f4f0b071c49bf0aa48463611e648adda158228bb62d71643b,results.schema.metrics,deterministic,True,unverifiable,"experiment_results.tsv must be tab-separated, have exactly the requested columns and four metric rows, and correctly identify open rate as primary and the other three rates as secondary.","public task prompt, output 2; input/experiment_brief.md lines 12-20","`experiment_results.tsv` — tab-separated file with exactly 4 rows (one per metric: `opened_rate`, `clicked_rate`, `converted_rate`, `unsubscribed_rate`). Columns: `metric`, `is_primary` (True/False), `control_rate`, `treatment_rate`, `absolute_lift`, `relative_lift_pct`, `ci_lower_95`, `ci_upper_95`, `z_statistic`, `p_value_raw`, `significant_at_05` (True/False), `bh_rank`, `bh_threshold`, `bh_significant` (True/False).",ambiguous,"Public task prompt, output 2 states: ""`experiment_results.tsv` — tab-separated file with exactly 4 rows (one per metric: `opened_rate`, `clicked_rate`, `converted_rate`, `unsubscribed_rate`). Columns: `metric`, `is_primary` (True/False), `control_rate`, `treatment_rate`, `absolute_lift`, `relative_lift_pct`, `ci_lower_95`, `ci_upper_95`, `z_statistic`, `p_value_raw`, `significant_at_05` (True/False), `bh_rank`, `bh_threshold`, `bh_significant` (True/False)."" The registered requirement also depends on the brief's primary/secondary designation, but the registered `source_quote` does not include the brief excerpts establishing that opened rate is primary and the other metrics are secondary.","Parsing with a tab delimiter found exactly the 14 requested columns in the requested order and four rows. Flags were opened_rate=True, clicked_rate=False, converted_rate=False, and unsubscribed_rate=False. The public brief independently says at lines 12–20 that email open rate is primary and click-through, conversion, and unsubscribe rates are secondary, but that requirement-bearing excerpt is absent from the registered source_quote, so the source cannot be marked supported.",Exact 14-column TSV; 4 rows; only opened_rate marked True,"Exact requested schema and rows, with opened_rate primary and the other three secondary",
prep_v10_verifier_v10_full,business_finance__digital_marketing_ab_test_analysis_1,verifier,0,unverifiable,fd18f8f795fe883f4f0b071c49bf0aa48463611e648adda158228bb62d71643b,results.rates.and.lifts,deterministic,True,unverifiable,"All four arm rates must use delivered emails as denominators over the full raw-results population, and lift fields must be calculated from those rates.","public task prompt, output 2; input/experiment_brief.md lines 14 and 18-20","Rates are computed over delivered emails from the **full** `experiment_results_raw.csv` (do NOT apply exclusion rules).
- Email open rate (opens / delivered emails)
- Click-through rate (clicks / delivered emails)
- Conversion rate (purchases within 48h / delivered emails)",ambiguous,"The quoted public wording says: ""Rates are computed over delivered emails from the **full** `experiment_results_raw.csv` (do NOT apply exclusion rules)."" It also quotes definitions for open, click-through, and conversion rates. It does not quote the unsubscribe-rate definition, and it does not explicitly prescribe the registered formulas `absolute_lift=treatment-control` and `relative_lift_pct=100*absolute_lift/control`. Thus the operational check is stronger than the complete registered quote.","Independent full-file aggregation found delivered totals of 4,409 in each arm. Outcome counts (control, treatment) were opened=(981,1131), clicked=(981,0), converted=(0,0), and unsubscribed=(5,17). The artifact's rates and lifts numerically match treatment-minus-control calculations: opened rates 0.222499432978 and 0.256520753005 with lift 0.0340213200272; clicked 0.222499432978 and 0 with lift -0.222499432978; converted 0 and 0 with lift 0; unsubscribed 0.00113404400091 and 0.00385574960308 with lift 0.00272170560218. Source ambiguity prevents a pass.","All artifact rates match full-file delivered-email denominators, and reported lift fields match treatment minus control with control-relative percentages where defined.",All four full-population rates and lift formulas as specified by a directly supporting public quote,
prep_v10_verifier_v10_full,business_finance__digital_marketing_ab_test_analysis_1,verifier,0,unverifiable,fd18f8f795fe883f4f0b071c49bf0aa48463611e648adda158228bb62d71643b,results.inference,deterministic,True,unverifiable,"Each metric must contain a coherent two-arm proportion z statistic, raw p-value, 95% confidence interval for absolute lift, and 0.05 significance flag.","public task prompt, output 2","`ci_lower_95`, `ci_upper_95`, `z_statistic`, `p_value_raw`, `significant_at_05` (True/False)",ambiguous,"The registered source quote lists only the requested fields: ""`ci_lower_95`, `ci_upper_95`, `z_statistic`, `p_value_raw`, `significant_at_05` (True/False)"". It does not state that the z-test must be pooled, that the p-value must be two-sided, which standard confidence-interval method must be used, or that significance is defined by strict `p_value_raw < 0.05`. The registered operational check adds these restrictions.","The artifact reports coherent pooled two-sided two-proportion z-tests and approximately unpooled Wald 95% intervals. Recomputed (z,p) values were opened=(3.742808221853, 0.000181975112739), clicked=(-33.223442269630, 4.938607407736e-242), converted=(0,1), and unsubscribed=(2.561606063238,0.0104189422635), matching the artifact. All flags agree with p<0.05, and intervals are ordered and contain their estimates. Nevertheless, the quote does not fix these methods, so a pass is disallowed.","Finite and coherent statistics matching a pooled two-sided z-test and unpooled Wald interval; significance flags True, True, False, True respectively",A valid inference method whose exact methodological restrictions are directly supported by public wording,
prep_v10_verifier_v10_full,business_finance__digital_marketing_ab_test_analysis_1,verifier,0,unverifiable,fd18f8f795fe883f4f0b071c49bf0aa48463611e648adda158228bb62d71643b,results.bh.secondary,deterministic,True,unverifiable,Benjamini-Hochberg fields must be blank for the primary metric and correctly calculated at 0.05 across only the three secondary metrics.,"public task prompt, output 2",The last three Benjamini-Hochberg columns apply only to secondary metrics; leave them blank for the primary metric.,ambiguous,"Public task prompt, output 2 states: ""The last three Benjamini-Hochberg columns apply only to secondary metrics; leave them blank for the primary metric."" This supports blank primary cells and limiting the fields to secondary metrics, but it does not specify an FDR level of 0.05, deterministic tie handling, thresholds `rank*0.05/3`, or the step-up decision rule required by the registered check.","The opened_rate row has all three BH cells blank. Secondary p-values rank as clicked=1, unsubscribed=2, converted=3; reported thresholds are 0.016666666666666666, 0.03333333333333333, and 0.05000000000000001, with decisions True, True, and False. These match a three-test BH procedure at 0.05, but the 0.05 level and exact rule are absent from the quoted source.",Primary BH cells blank; secondary ranks 1–3 and decisions match BH at 0.05,BH fields computed under parameters and a decision rule directly fixed by the public source,
prep_v10_verifier_v10_full,business_finance__digital_marketing_ab_test_analysis_1,verifier,0,unverifiable,fd18f8f795fe883f4f0b071c49bf0aa48463611e648adda158228bb62d71643b,report.power.analysis,deterministic,True,unverifiable,The Markdown report must state a required per-arm sample size produced by a reproducible power analysis using historical_metrics.csv and the brief's three-percentage-point open-rate effect.,"public task prompt, output 3; input/experiment_brief.md lines 22-25","the required per-arm sample size (from a power analysis on `historical_metrics.csv`)
- Minimum detectable effect: 3 percentage points lift on open rate
- Baseline open rate: ~22% (from historical data)",ambiguous,"The registered excerpts say: ""the required per-arm sample size (from a power analysis on `historical_metrics.csv`)""; ""Minimum detectable effect: 3 percentage points lift on open rate""; and ""Baseline open rate: ~22% (from historical data)"". They do not require a particular alpha, power, sidedness, allocation, standard power method, weighting method for historical rates, or rounding convention. The registered check requires all of those assumptions and exact recalculation, making it stronger than the quote.","Report line 9 states a delivered-email-weighted historical baseline of 21.8583%, a two-sided two-sample proportion test, alpha 0.05, 80% power, equal allocation, a 0.03 absolute effect, and 3,120 delivered emails per arm (unrounded 3119.62). Independent aggregation gives baseline 0.218583054883873. A standard Cohen-h equal-allocation calculation gives n=3119.626699475659 and ceiling 3120. The calculation is reproducible and correct under the stated assumptions, but those assumptions are not fixed by the quoted task wording.","Weighted baseline 21.8583%; alpha 0.05; 80% power; two-sided; equal allocation; 3-point effect; n=3119.62, rounded up to 3,120 per arm",A historical-data-based per-arm sample size under assumptions and a method directly prescribed by public wording,
prep_v10_verifier_v10_full,business_finance__digital_marketing_ab_test_analysis_1,verifier,0,unverifiable,fd18f8f795fe883f4f0b071c49bf0aa48463611e648adda158228bb62d71643b,report.recommendation.and.lift,deterministic,True,pass,experiment_report.md must have a clear Recommendation section containing ship or hold and must report the observed absolute lift for the primary open-rate metric.,"public task prompt, output 3; input/experiment_brief.md lines 12-14","a clear **Recommendation** section containing the word ""ship"" or ""hold"", and the observed absolute lift on the primary metric.
- Email open rate (opens / delivered emails)",supported,"Public task prompt, output 3 states: ""a clear **Recommendation** section containing the word \""ship\"" or \""hold\"", and the observed absolute lift on the primary metric."" The brief at line 14 identifies the primary metric as ""Email open rate (opens / delivered emails)"".","experiment_report.md line 28 has the heading `## Recommendation`; line 30 contains the standalone word `Ship`. Line 5 reports the observed primary absolute lift as +3.4021% / +3.402 percentage points, and line 19 reports +3.402 pp. Full raw-file recomputation gives 1131/4409 - 981/4409 = 0.034021320027217056, or 3.402132 percentage points.",Recommendation: Ship; reported primary absolute lift +3.402 percentage points,A clearly headed Recommendation section containing ship or hold and an open-rate absolute lift equal to approximately 3.402 percentage points,
prep_v10_verifier_v10_full,business_finance__digital_marketing_audience_segmentation_1,prep_verifier,0,unverifiable,910818e2e8ddfb95ed97db534e2915d79e962c0056a1fed0c8fdb0b910de9280,outputs.required.schemas,deterministic,True,unverifiable,Produce the three named output files with the required top-level JSON keys and tabular columns.,"public task prompt, Output Files section","Produce three output files.
`segment_definition.json` — JSON object with keys:
`audience_roster.csv` — CSV, one row per qualifying customer after suppression.
`overlap_report.tsv` — TSV with columns: existing_audience_id, existing_audience_name, overlap_count, overlap_pct, flag_high_overlap.",ambiguous,"At public task prompt, Output Files: “Produce three output files.”; “`segment_definition.json` — JSON object with keys:”; “`audience_roster.csv` — CSV, one row per qualifying customer after suppression.”; and “`overlap_report.tsv` — TSV with columns: existing_audience_id, existing_audience_name, overlap_count, overlap_pct, flag_high_overlap.” These excerpts exist, but the registered source_quote stops after “JSON object with keys:” and does not identify the JSON top-level or nested keys whose presence the check requires; it also omits the roster's required columns. Thus the operational schema check is stronger than the registered quotation.","Artifact inspection nevertheless found all three regular files. Parsing produced a JSON object, a 449-row/24-column CSV, and a 6-row/5-column TSV. JSON top-level keys observed: segment_name, created_date, version, filter_predicates, suppression_rules, activation_channels, governance_applied, audience_stats. The roster includes customer_id, sms_eligible, push_eligible, and any_channel_eligible. The TSV includes existing_audience_id, existing_audience_name, overlap_count, overlap_pct, and flag_high_overlap. Source ambiguity prevents a pass.","All three files exist and parse with the full requested schemas, but the registered quotation does not state every schema element checked.",All files parse successfully and expose every required JSON key and table column.,
prep_v10_verifier_v10_full,business_finance__digital_marketing_audience_segmentation_1,prep_verifier,0,unverifiable,910818e2e8ddfb95ed97db534e2915d79e962c0056a1fed0c8fdb0b910de9280,roster.qualifying.population,deterministic,True,pass,The roster must contain exactly one row for every customer satisfying the three target predicates after suppressing active-support-ticket customers.,"input/segmentation_brief.md lines 5 and 18; public task prompt, audience_roster.csv description","Customers who made 3 or more purchases in the last 90 days but have not opened any email in the past 30 days (email_opens_30d = 0 AND last_email_open_days_ago > 30).
- Exclude customers with active support tickets (support_tickets_90d > 0).",supported,"input/segmentation_brief.md line 5: “Customers who made 3 or more purchases in the last 90 days but have not opened any email in the past 30 days (email_opens_30d = 0 AND last_email_open_days_ago > 30).” Line 18: “- Exclude customers with active support tickets (support_tickets_90d > 0).” These excerpts directly support purchase_count_90d >= 3, email_opens_30d = 0, last_email_open_days_ago > 30, and suppression of support_tickets_90d > 0.","Using pandas/pyarrow on unified_profiles.parquet, the predicate `(purchase_count_90d >= 3) & (email_opens_30d == 0) & (last_email_open_days_ago > 30) & (support_tickets_90d == 0)` reconstructed 449 IDs. audience_roster.csv has 449 rows and 449 unique customer_id values; set comparison found missing=0, extra=0, duplicates=0.",Reconstructed=449; roster rows=449; unique IDs=449; missing=0; extra=0; duplicate IDs=0.,"Roster customer IDs equal the reconstructed qualifying-and-unsuppressed set, with no missing, extra, or duplicate customer IDs.",
prep_v10_verifier_v10_full,business_finance__digital_marketing_audience_segmentation_1,prep_verifier,0,unverifiable,910818e2e8ddfb95ed97db534e2915d79e962c0056a1fed0c8fdb0b910de9280,roster.channel.eligibility,deterministic,True,unverifiable,"Each roster row must compute SMS eligibility from SMS opt-in, push eligibility from push opt-in, and any-channel eligibility as the union of those channels.","input/segmentation_brief.md line 13; input/governance_policies.yaml lines 17-20; public task prompt, audience_roster.csv description","SMS (requires sms_opt_in = 1) and Push Notification (requires push_opt_in = 1).
Add columns: `sms_eligible`, `push_eligible`, `any_channel_eligible` (1 or 0).",ambiguous,"input/segmentation_brief.md line 13 states: “SMS (requires sms_opt_in = 1) and Push Notification (requires push_opt_in = 1).” The public task says: “Add columns: `sms_eligible`, `push_eligible`, `any_channel_eligible` (1 or 0).” These excerpts support SMS and push eligibility and the binary output columns, but they do not explicitly define any_channel_eligible as the Boolean union/OR. The registered union check therefore adds a rule absent from the quotation.","A one-to-one join of all 449 roster IDs to unified_profiles.parquet found sms mismatches=0 and push mismatches=0. Comparing any_channel_eligible to `(sms_eligible == 1) OR (push_eligible == 1)` found 0 mismatches. Each of the three columns had domain [0,1]. Despite conforming data, source ambiguity prevents a pass.",sms mismatches=0; push mismatches=0; OR mismatches=0; all eligibility columns contain only 0 and 1.,Every eligibility value agrees with its source opt-in and any_channel_eligible is the Boolean OR of SMS and push eligibility.,
prep_v10_verifier_v10_full,business_finance__digital_marketing_audience_segmentation_1,prep_verifier,0,unverifiable,910818e2e8ddfb95ed97db534e2915d79e962c0056a1fed0c8fdb0b910de9280,roster.pii.removal,deterministic,True,pass,"The activation roster must exclude age, gender, city, and state.","public task prompt, step 5 and audience_roster.csv description","Strip geo/demographic identifier columns (age, gender, city, state) from the output roster for PII compliance.
Include customer_id and profile/engagement columns, but exclude age, gender, city, state.",supported,"Public task step 5: “Strip geo/demographic identifier columns (age, gender, city, state) from the output roster for PII compliance.” Output description: “Include customer_id and profile/engagement columns, but exclude age, gender, city, state.” This directly supports the exact header inspection.","Case-sensitive audience_roster.csv header inspection found customer_id present. Intersection of headers with the prohibited names age, gender, city, and state was empty.",customer_id present=true; prohibited headers present=[].,"customer_id is present and none of age, gender, city, or state is present.",
prep_v10_verifier_v10_full,business_finance__digital_marketing_audience_segmentation_1,prep_verifier,0,unverifiable,910818e2e8ddfb95ed97db534e2915d79e962c0056a1fed0c8fdb0b910de9280,definition.rules.metadata,deterministic,True,unverifiable,"The segment definition must encode the target predicates, active-ticket suppression, SMS and push activation requirements, and applied governance, while supplying string date/version metadata.","public task prompt, segment_definition.json schema; input/segmentation_brief.md lines 5, 13, and 18","`filter_predicates`: list of {field, operator, value}
`suppression_rules`: list of {field, operator, value, reason}
`activation_channels`: mapping of channel name → {eligibility_field, required_value}
`governance_applied`: {pii_fields_removed: [...], opt_out_compliance: bool, support_suppression: bool}",ambiguous,"Public task segment_definition.json schema states: “`filter_predicates`: list of {field, operator, value}”; “`suppression_rules`: list of {field, operator, value, reason}”; “`activation_channels`: mapping of channel name → {eligibility_field, required_value}”; and “`governance_applied`: {pii_fields_removed: [...], opt_out_compliance: bool, support_suppression: bool}”. The registered source_quote does not include the cited brief excerpts that specify the exact target predicate values, active-ticket condition, and channel requirements, and it does not mention the required metadata fields or date parsing. Consequently, the check is stronger than the quotation.","segment_definition.json lines 2-4 contain nonempty segment_name, created_date `2026-07-20`, and version `1.0`; the date matches YYYY-MM-DD. Lines 5-20 encode purchase_count_90d >= 3, email_opens_30d == 0, and last_email_open_days_ago > 30. Lines 22-28 encode support_tickets_90d > 0 with a nonempty reason. Lines 36-44 encode sms_eligible=1 and push_eligible=1. Lines 46-54 list age, gender, city, state and set both governance booleans true. Source ambiguity prevents a pass.","The artifact encodes all registered rules and populated metadata, including an ISO-formatted date, but those exact requirements are not fully entailed by the registered quotation.","The JSON definition faithfully and completely represents the deterministic selection, suppression, activation, and governance rules, with populated metadata.",
prep_v10_verifier_v10_full,business_finance__digital_marketing_audience_segmentation_1,prep_verifier,0,unverifiable,910818e2e8ddfb95ed97db534e2915d79e962c0056a1fed0c8fdb0b910de9280,definition.audience.stats,deterministic,True,pass,Audience statistics must agree with the roster and total profile population.,"public task prompt, segment_definition.json audience_stats schema","`audience_stats`: {total_qualifying, sms_eligible, push_eligible, any_channel_eligible, pct_of_total_profiles}",supported,"Public task Output Files section specifies: “`audience_stats`: {total_qualifying, sms_eligible, push_eligible, any_channel_eligible, pct_of_total_profiles}”. The field names directly identify the required audience counts and percentage of total profiles.","unified_profiles.parquet has 10,000 rows and audience_roster.csv has 449 rows. Roster sums are sms_eligible=109, push_eligible=104, any_channel_eligible=196. Recomputed percentage is 100*449/10000=4.49. segment_definition.json lines 56-61 report exactly 449, 109, 104, 196, and 4.49.","JSON stats={total_qualifying:449, sms_eligible:109, push_eligible:104, any_channel_eligible:196, pct_of_total_profiles:4.49}; recomputed values are identical.",All four counts are exact and pct_of_total_profiles equals the reconstructed percentage within its displayed rounding precision.,
prep_v10_verifier_v10_full,business_finance__digital_marketing_audience_segmentation_1,prep_verifier,0,unverifiable,910818e2e8ddfb95ed97db534e2915d79e962c0056a1fed0c8fdb0b910de9280,overlap.report.calculations,deterministic,True,pass,"The overlap report must have one correctly identified row per existing audience, and each reported percentage must use total qualifying audience size as its denominator.","public task prompt, step 6 and overlap_report.tsv description; input/existing_audiences.csv header and rows 2-7","Analyze overlap between the qualifying audience and each existing audience in `existing_audiences.csv`.
One row per existing audience. overlap_pct = (overlap_count / total qualifying audience size) * 100.",supported,Public task step 6: “Analyze overlap between the qualifying audience and each existing audience in `/media/user/data/agenthle/business_finance/digital_marketing_audience_segmentation_1/base/input/existing_audiences.csv`.” Output description: “One row per existing audience. overlap_pct = (overlap_count / total qualifying audience size) * 100.” existing_audiences.csv lines 2-7 contain AUD-001 through AUD-006 with the six names and definitions.,"The report has exactly the six input ID/name pairs, once each: AUD-001 High Value Californians; AUD-002 Lapsed Purchasers; AUD-003 Email Engaged; AUD-004 App Power Users; AUD-005 Cart Abandoners; AUD-006 Platinum Loyalty. Against the reconstructed 449-member roster, evaluable reported/recomputed counts were AUD-001 0/0, AUD-002 13/13, AUD-003 0/0, AUD-004 2/2, and AUD-006 71/71. Reported percentages 0.0, 2.9, 0.0, 0.45, and 15.81 agree after displayed rounding with 0, 2.8953229399, 0, 0.4454342984, and 15.8129175947. AUD-005 reports NA count/pct; its definition references has_cart_abandonment, which is absent from all 25 unified profile columns, so no invented interpretation was imposed.",6 exact ID/name rows; all five evaluable counts exact; all numeric percentages use denominator 449 within displayed precision; AUD-005 is unevaluable and reported NA.,The report has exactly the six public audience ID/name pairs; all evaluable overlap counts are exact; and every numeric overlap percentage uses the required qualifying-audience denominator.,
prep_v10_verifier_v10_full,business_finance__digital_marketing_audience_segmentation_1,prep_verifier,0,unverifiable,910818e2e8ddfb95ed97db534e2915d79e962c0056a1fed0c8fdb0b910de9280,audience.minimum.size,deterministic,True,pass,The resulting audience must satisfy the governance minimum of 50 members and 0.5% of the base.,input/governance_policies.yaml lines 21-25,"description: Audiences must contain at least 50 members (0.5% of base) for statistical validity
min_size: 50
min_pct: 0.5",supported,input/governance_policies.yaml lines 21-25: “description: Audiences must contain at least 50 members (0.5% of base) for statistical validity”; “min_size: 50”; “min_pct: 0.5”. This directly supplies both thresholds.,"The reconstructed qualifying-and-unsuppressed roster contains 449 members from 10,000 profiles. Thus member count is 449 >= 50 and base percentage is 100*449/10000=4.49%, which is >= 0.5%.","449 members; 4.49% of the 10,000-profile base.",Both the minimum member count and minimum percentage thresholds are met.,
prep_v10_verifier_v10_full,business_finance__digital_marketing_audience_segmentation_1,verifier,0,unverifiable,100d514828253ae46621ae057bf4e5d0ea00011960ae4d067244472fbf4b8867,outputs.required.schemas,deterministic,True,unverifiable,Produce the three named output files with the required top-level JSON keys and tabular columns.,"public task prompt, Output Files section","Produce three output files.
`segment_definition.json` — JSON object with keys:
`audience_roster.csv` — CSV, one row per qualifying customer after suppression.
`overlap_report.tsv` — TSV with columns: existing_audience_id, existing_audience_name, overlap_count, overlap_pct, flag_high_overlap.",ambiguous,"Public task prompt, Output Files section says: “Produce three output files.” It identifies “`segment_definition.json` — JSON object with keys:”, “`audience_roster.csv` — CSV, one row per qualifying customer after suppression.”, and explicitly gives “`overlap_report.tsv` — TSV with columns: existing_audience_id, existing_audience_name, overlap_count, overlap_pct, flag_high_overlap.” However, the registered source_quote does not enumerate the required JSON keys or the required roster columns, so it does not support the check’s demand for every specified JSON key and both tables’ explicitly required columns.","Snapshot contains regular files segment_definition.json (1,206 bytes), audience_roster.csv (36,388 bytes), and overlap_report.tsv (318 bytes). All parsed successfully. Observed JSON top-level keys: segment_name, created_date, version, filter_predicates, suppression_rules, activation_channels, governance_applied, audience_stats; governance keys: pii_fields_removed, opt_out_compliance, support_suppression; audience_stats keys: total_qualifying, sms_eligible, push_eligible, any_channel_eligible, pct_of_total_profiles. Roster parsed as 449 rows × 24 columns; overlap report parsed as 6 rows × 5 columns. Source ambiguity prevents a pass.",All three files exist and parse; the artifact exposes the apparent full schemas.,All files parse successfully and expose every required JSON key and table column.,
prep_v10_verifier_v10_full,business_finance__digital_marketing_audience_segmentation_1,verifier,0,unverifiable,100d514828253ae46621ae057bf4e5d0ea00011960ae4d067244472fbf4b8867,roster.qualifying.population,deterministic,True,pass,The roster must contain exactly one row for every customer satisfying the three target predicates after suppressing active-support-ticket customers.,"input/segmentation_brief.md lines 5 and 18; public task prompt, audience_roster.csv description","Customers who made 3 or more purchases in the last 90 days but have not opened any email in the past 30 days (email_opens_30d = 0 AND last_email_open_days_ago > 30).
- Exclude customers with active support tickets (support_tickets_90d > 0).",supported,"input/segmentation_brief.md line 5 states: “Customers who made 3 or more purchases in the last 90 days but have not opened any email in the past 30 days (email_opens_30d = 0 AND last_email_open_days_ago > 30).” Line 18 states: “- Exclude customers with active support tickets (support_tickets_90d > 0).” These excerpts directly support purchase_count_90d >= 3, email_opens_30d = 0, last_email_open_days_ago > 30, and suppression of support_tickets_90d > 0.","Offline pandas reconstruction from input/unified_profiles.parquet using purchase_count_90d >= 3, email_opens_30d == 0, last_email_open_days_ago > 30, and support_tickets_90d == 0 produced 449 customers. audience_roster.csv has 449 rows and 449 distinct customer_id values. Set comparison reported missing=0, extra=0, duplicates=0.",Roster and reconstructed qualifying set both contain exactly the same 449 unique customer IDs.,"Roster customer IDs equal the reconstructed qualifying-and-unsuppressed set, with no missing, extra, or duplicate customer IDs.",
prep_v10_verifier_v10_full,business_finance__digital_marketing_audience_segmentation_1,verifier,0,unverifiable,100d514828253ae46621ae057bf4e5d0ea00011960ae4d067244472fbf4b8867,roster.channel.eligibility,deterministic,True,pass,"Each roster row must compute SMS eligibility from SMS opt-in, push eligibility from push opt-in, and any-channel eligibility as the union of those channels.","input/segmentation_brief.md line 13; input/governance_policies.yaml lines 17-20; public task prompt, audience_roster.csv description","SMS (requires sms_opt_in = 1) and Push Notification (requires push_opt_in = 1).
Add columns: `sms_eligible`, `push_eligible`, `any_channel_eligible` (1 or 0).",supported,"input/segmentation_brief.md line 13 states: “SMS (requires sms_opt_in = 1) and Push Notification (requires push_opt_in = 1).” The public task’s audience_roster.csv description states: “Add columns: `sms_eligible`, `push_eligible`, `any_channel_eligible` (1 or 0).” Together these directly support the registered eligibility computations.","Joining all 449 roster rows one-to-one to unified_profiles.parquet produced 0 sms_eligible versus sms_opt_in mismatches and 0 push_eligible versus push_opt_in mismatches. any_channel_eligible had 0 mismatches against Boolean OR(sms_eligible, push_eligible). Each eligibility column’s distinct values were exactly [0,1]. Sums were SMS=109, push=104, any-channel=196.","All 449 rows have correct binary SMS, push, and union eligibility values.",Every eligibility value agrees with its source opt-in and any_channel_eligible is the Boolean OR of SMS and push eligibility.,
prep_v10_verifier_v10_full,business_finance__digital_marketing_audience_segmentation_1,verifier,0,unverifiable,100d514828253ae46621ae057bf4e5d0ea00011960ae4d067244472fbf4b8867,roster.pii.removal,deterministic,True,pass,"The activation roster must exclude age, gender, city, and state.","public task prompt, step 5 and audience_roster.csv description","Strip geo/demographic identifier columns (age, gender, city, state) from the output roster for PII compliance.
Include customer_id and profile/engagement columns, but exclude age, gender, city, state.",supported,"Public task step 5 says: “Strip geo/demographic identifier columns (age, gender, city, state) from the output roster for PII compliance.” The audience_roster.csv description says: “Include customer_id and profile/engagement columns, but exclude age, gender, city, state.”","Case-sensitive inspection of the parsed audience_roster.csv header found customer_id present. Intersection of the header with {age, gender, city, state} was the empty set.","customer_id is present; age, gender, city, and state are absent.","customer_id is present and none of age, gender, city, or state is present.",
prep_v10_verifier_v10_full,business_finance__digital_marketing_audience_segmentation_1,verifier,0,unverifiable,100d514828253ae46621ae057bf4e5d0ea00011960ae4d067244472fbf4b8867,definition.rules.metadata,deterministic,True,unverifiable,"The segment definition must encode the target predicates, active-ticket suppression, SMS and push activation requirements, and applied governance, while supplying string date/version metadata.","public task prompt, segment_definition.json schema; input/segmentation_brief.md lines 5, 13, and 18","`filter_predicates`: list of {field, operator, value}
`suppression_rules`: list of {field, operator, value, reason}
`activation_channels`: mapping of channel name → {eligibility_field, required_value}
`governance_applied`: {pii_fields_removed: [...], opt_out_compliance: bool, support_suppression: bool}",ambiguous,"The registered source_quote only states: “`filter_predicates`: list of {field, operator, value}”, “`suppression_rules`: list of {field, operator, value, reason}”, “`activation_channels`: mapping of channel name → {eligibility_field, required_value}”, and “`governance_applied`: {pii_fields_removed: [...], opt_out_compliance: bool, support_suppression: bool}”. It does not quote the predicate values, suppression condition, activation field/value choices, four PII names, true Boolean requirements, or date/version validation demanded by the check. In addition, the check’s demand that activation_channels encode sms_eligible=1 and push_eligible=1 is not established by the quote and is potentially inconsistent with the public brief’s source opt-in requirements.","segment_definition.json lines 2-55 contain nonempty segment_name “High-Transaction Email-Disengaged Customers”, created_date “2026-07-20”, version “1.0”; the three predicates purchase_count_90d >= 3, email_opens_30d = 0, last_email_open_days_ago > 30; support_tickets_90d > 0 with a nonempty reason; activation mappings sms→sms_opt_in required 1 and push→push_opt_in required 1; removed fields age, gender, city, state; and true opt_out_compliance/support_suppression. The under-specified source_quote prevents a pass.","The definition records the public brief’s source opt-in activation fields, not the check’s stronger sms_eligible/push_eligible formulation; all other inspected metadata and rules are populated.","The JSON definition faithfully and completely represents the deterministic selection, suppression, activation, and governance rules, with populated metadata.",
prep_v10_verifier_v10_full,business_finance__digital_marketing_audience_segmentation_1,verifier,0,unverifiable,100d514828253ae46621ae057bf4e5d0ea00011960ae4d067244472fbf4b8867,definition.audience.stats,deterministic,True,unverifiable,Audience statistics must agree with the roster and total profile population.,"public task prompt, segment_definition.json audience_stats schema","`audience_stats`: {total_qualifying, sms_eligible, push_eligible, any_channel_eligible, pct_of_total_profiles}",ambiguous,"The public task’s segment_definition.json schema says: “`audience_stats`: {total_qualifying, sms_eligible, push_eligible, any_channel_eligible, pct_of_total_profiles}”. This establishes the key names but does not define in the quoted wording that the counts must be roster sums, that pct_of_total_profiles uses the parquet row count as denominator, or what numeric rounding is allowed. Those registered check restrictions are therefore stronger than the source_quote.","Computed values were roster rows=449, sms_eligible sum=109, push_eligible sum=104, any_channel_eligible sum=196, and 100×449/10000=4.49. segment_definition.json audience_stats contains exactly 449, 109, 104, 196, and 4.49 respectively. Source ambiguity prevents a pass.","All five stored statistics exactly match the stated reconstruction; unified_profiles.parquet has 10,000 rows.",All four counts are exact and pct_of_total_profiles equals the reconstructed percentage within its displayed rounding precision.,
prep_v10_verifier_v10_full,business_finance__digital_marketing_audience_segmentation_1,verifier,0,unverifiable,100d514828253ae46621ae057bf4e5d0ea00011960ae4d067244472fbf4b8867,overlap.report.calculations,deterministic,True,pass,"The overlap report must have one correctly identified row per existing audience, and each reported percentage must use total qualifying audience size as its denominator.","public task prompt, step 6 and overlap_report.tsv description; input/existing_audiences.csv header and rows 2-7","Analyze overlap between the qualifying audience and each existing audience in `existing_audiences.csv`.
One row per existing audience. overlap_pct = (overlap_count / total qualifying audience size) * 100.",supported,Public task step 6 says: “Analyze overlap between the qualifying audience and each existing audience in `/media/user/data/agenthle/business_finance/digital_marketing_audience_segmentation_1/base/input/existing_audiences.csv`.” The overlap_report.tsv description says: “One row per existing audience. overlap_pct = (overlap_count / total qualifying audience size) * 100.” input/existing_audiences.csv lines 2-7 identify the six audience ID/name/definition rows AUD-001 through AUD-006.,"overlap_report.tsv parsed as 6 rows with no duplicate IDs, and its ordered ID/name pairs exactly matched all six input rows. Reconstructed evaluable overlaps were AUD-001=0, AUD-002=13, AUD-003=0, AUD-004=2, and AUD-006=71, exactly matching the report. AUD-005 references has_cart_abandonment, absent from the parquet’s 25 columns, so its count was not imposed. For every reported numeric count, percentages using denominator 449 were: 0→0.0, 13→2.8953229 (reported 2.9), 0→0.0, 2→0.4454343 (reported 0.45), 0→0.0, and 71→15.8129176 (reported 15.81), all matching displayed rounding. No threshold was imposed on flag_high_overlap.",Exactly six correct audience ID/name rows; all five evaluable counts are exact; all six numeric percentages use the 449-member denominator within displayed rounding.,The report has exactly the six public audience ID/name pairs; all evaluable overlap counts are exact; and every numeric overlap percentage uses the required qualifying-audience denominator.,
prep_v10_verifier_v10_full,business_finance__digital_marketing_audience_segmentation_1,verifier,0,unverifiable,100d514828253ae46621ae057bf4e5d0ea00011960ae4d067244472fbf4b8867,audience.minimum.size,deterministic,True,pass,The resulting audience must satisfy the governance minimum of 50 members and 0.5% of the base.,input/governance_policies.yaml lines 21-25,"description: Audiences must contain at least 50 members (0.5% of base) for statistical validity
min_size: 50
min_pct: 0.5",supported,"input/governance_policies.yaml lines 21-25 state: “description: Audiences must contain at least 50 members (0.5% of base) for statistical validity”, “min_size: 50”, and “min_pct: 0.5”.","The reconstructed qualifying roster contains 449 members. unified_profiles.parquet contains 10,000 rows, giving 100×449/10000=4.49%. Thus 449 >= 50 and 4.49 >= 0.5.","449 members, representing 4.49% of the 10,000-profile base.",Both the minimum member count and minimum percentage thresholds are met.,
prep_v10_verifier_v10_full,business_finance__financial_stmt_reconstruction_aapl_fy2024,prep_verifier,0,unverifiable,be53ac05b0c4a1618401776b8e12ef4e2251c246a67bfcfa65ce9bb799317fe7,output.required.file,deterministic,True,pass,The required final artifact must be a valid JSON file named output/balance_sheet.json.,input/TASK_PROMPT.md lines 19-23; input/output_schema.json line 2,"Write exactly one final file:
- `output/balance_sheet.json`
""required_file"": ""balance_sheet.json""",supported,"input/TASK_PROMPT.md lines 19-23 state: ""Write exactly one final file:\n- `output/balance_sheet.json`""; input/output_schema.json line 2 states: ""required_file"": ""balance_sheet.json"".",`stat -c '%F %n %s' /tmp/ale-verifier-9a8248b657a6/snapshot-0/balance_sheet.json` returned `regular file ... 1730`. Python `json.load` succeeded and reported `root_type= dict`. The rejected-symlink receipt was empty.,"A 1,730-byte regular file named balance_sheet.json exists in the snapshot and parses as one JSON object.",output/balance_sheet.json exists and contains syntactically valid JSON with an object at the root.,
prep_v10_verifier_v10_full,business_finance__financial_stmt_reconstruction_aapl_fy2024,prep_verifier,0,unverifiable,be53ac05b0c4a1618401776b8e12ef4e2251c246a67bfcfa65ce9bb799317fe7,json.schema.required,deterministic,True,pass,"The JSON must include every metadata and consolidated_balance_sheet key specified by output_schema.json, with each leaf using its declared JSON numeric type.",input/TASK_PROMPT.md lines 29-31; input/output_schema.json lines 3-55,The JSON must contain the `metadata` object and `consolidated_balance_sheet` object described in `input/output_schema.json`. Include every key from that schema.,supported,"input/TASK_PROMPT.md lines 29-31 state: ""The JSON must contain the `metadata` object and `consolidated_balance_sheet` object described in `input/output_schema.json`. Include every key from that schema."" The referenced declarations appear at input/output_schema.json lines 3-55, including `integer` and `number` leaf declarations.","A recursive Python traversal of input/output_schema.json against the artifact reported `root_type= dict`, `numeric_leaves= 30 all_valid= True`, and `errors= []`. The check excluded booleans from integer/number acceptance and required the number leaf to be finite.","Every schema path is present; all five metadata literals match; all 30 numeric leaves have valid declared types, with no missing-key, literal, or type errors.","All required keys are present, metadata literals match, and every declared numeric field has the required JSON type.",
prep_v10_verifier_v10_full,business_finance__financial_stmt_reconstruction_aapl_fy2024,prep_verifier,0,unverifiable,be53ac05b0c4a1618401776b8e12ef4e2251c246a67bfcfa65ce9bb799317fe7,values.assets.sample,public_evidence,True,pass,"Fiscal 2024 asset values must be transcribed exactly from the September 28, 2024 column in the filing, using the filing's reported units.","input/aapl-2024-10k.pdf, Consolidated Balance Sheets, printed page 31, heading and Current assets rows","(In millions, except number of shares, which are reflected in thousands, and par value)
Cash and cash equivalents  $ 29,943  $ 29,965
Other current assets  14,287  14,695",supported,"PDF text extracted from input/aapl-2024-10k.pdf, Consolidated Balance Sheets, printed page 31: line 99 of the extracted segment reads `(In millions, except number of shares, which are reflected in thousands, and par value)`; line 105 reads `Cash and cash equivalents ... $ 29,943 ... $ 29,965`; line 110 reads `Other current assets ... 14,287 ... 14,695`.","Artifact paths `consolidated_balance_sheet.assets.current_assets.cash_and_cash_equivalents` and `consolidated_balance_sheet.assets.current_assets.other_current_assets` contain 29943 and 14287. The filing's September 28, 2024 column reports 29,943 and 14,287 respectively.",cash_and_cash_equivalents=29943; other_current_assets=14287,cash_and_cash_equivalents=29943; other_current_assets=14287,
prep_v10_verifier_v10_full,business_finance__financial_stmt_reconstruction_aapl_fy2024,prep_verifier,0,unverifiable,be53ac05b0c4a1618401776b8e12ef4e2251c246a67bfcfa65ce9bb799317fe7,values.liabilities.sample,public_evidence,True,pass,"Fiscal 2024 current-liability values must be transcribed exactly from the September 28, 2024 column in the filing, using the filing's reported units.","input/aapl-2024-10k.pdf, Consolidated Balance Sheets, printed page 31, heading and Current liabilities section","(In millions, except number of shares, which are reflected in thousands, and par value)
Current liabilities:
Term debt  10,912  9,822",supported,"PDF text extracted from input/aapl-2024-10k.pdf, Consolidated Balance Sheets, printed page 31: line 99 gives the units; line 121 reads `Current liabilities:`; line 126 reads `Term debt ... 10,912 ... 9,822`.","Artifact path `consolidated_balance_sheet.liabilities.current_liabilities.term_debt_current` is 10912, matching the filing's September 28, 2024 Current liabilities—Term debt value of 10,912.",term_debt_current=10912,term_debt_current=10912,
prep_v10_verifier_v10_full,business_finance__financial_stmt_reconstruction_aapl_fy2024,prep_verifier,0,unverifiable,be53ac05b0c4a1618401776b8e12ef4e2251c246a67bfcfa65ce9bb799317fe7,values.equity.sample,public_evidence,True,pass,"Fiscal 2024 common-stock amount and issued-and-outstanding share count must be transcribed exactly from the filing, with monetary amounts in millions and shares in thousands as reported.","input/aapl-2024-10k.pdf, Consolidated Balance Sheets, printed page 31, unit heading and Common stock row","(In millions, except number of shares, which are reflected in thousands, and par value)
Common stock and additional paid-in capital, $0.00001 par value: 50,400,000 shares authorized; 15,116,786
and 15,550,061 shares issued and outstanding, respectively  83,276  73,812",supported,"PDF text extracted from input/aapl-2024-10k.pdf, Consolidated Balance Sheets, printed page 31: line 99 states the monetary and share-count units; lines 138-139 read `Common stock and additional paid-in capital, $0.00001 par value: 50,400,000 shares authorized; 15,116,786` and `and 15,550,061 shares issued and outstanding, respectively 83,276 73,812`.","Artifact path `consolidated_balance_sheet.shareholders_equity.common_stock_and_additional_paid_in_capital` is 83276 and `shares_issued_and_outstanding_thousands` is 15116786. These match the fiscal 2024 filing figures 83,276 and 15,116,786, with shares preserved in the filing's thousands unit.",common_stock_and_additional_paid_in_capital=83276; shares_issued_and_outstanding_thousands=15116786,common_stock_and_additional_paid_in_capital=83276; shares_issued_and_outstanding_thousands=15116786,
prep_v10_verifier_v10_full,business_finance__financial_stmt_reconstruction_aapl_fy2024,prep_verifier,0,unverifiable,be53ac05b0c4a1618401776b8e12ef4e2251c246a67bfcfa65ce9bb799317fe7,period.units.metadata,deterministic,True,pass,"The artifact must identify Apple Inc., AAPL, the 2024-09-28 report period, USD currency, and millions as the monetary unit.",input/output_schema.json lines 3-9; input/TASK_PROMPT.md lines 25-27,"""company"": ""Apple Inc."", ""ticker"": ""AAPL"", ""period_of_report"": ""2024-09-28"", ""currency"": ""USD"", ""unit"": ""millions""
Use USD millions exactly as reported in the filing.",supported,"input/output_schema.json lines 3-8 specify `""company"": ""Apple Inc.""`, `""ticker"": ""AAPL""`, `""period_of_report"": ""2024-09-28""`, `""currency"": ""USD""`, and `""unit"": ""millions""`. input/TASK_PROMPT.md lines 25-27 state: ""Use USD millions exactly as reported in the filing"" and identify the period ended September 28, 2024.","The recursive schema check printed artifact metadata as `{'company': 'Apple Inc.', 'ticker': 'AAPL', 'period_of_report': '2024-09-28', 'currency': 'USD', 'unit': 'millions'}` and reported no literal mismatches.",company=Apple Inc.; ticker=AAPL; period_of_report=2024-09-28; currency=USD; unit=millions,company=Apple Inc.; ticker=AAPL; period_of_report=2024-09-28; currency=USD; unit=millions,
prep_v10_verifier_v10_full,business_finance__financial_stmt_reconstruction_aapl_fy2024,prep_verifier,0,unverifiable,be53ac05b0c4a1618401776b8e12ef4e2251c246a67bfcfa65ce9bb799317fe7,input.files.unchanged,deterministic,True,unverifiable,Files under input/ must not be modified.,input/TASK_PROMPT.md lines 30-32,Do not modify files under `input/`; put scratch work and final output only under `output/`.,supported,"input/TASK_PROMPT.md lines 31-32 state: ""Do not modify files under `input/`; put scratch work and final output only under `output/`.""","The current public input tree could be enumerated and hashed (six regular files, including TASK_PROMPT.md SHA-256 `1b7e2949709031f91229c424a260df77f9bf445e099a78dc6abe4dce01e5584a` and output_schema.json SHA-256 `8a8a0be146a486e08262e7f196a55fbc784ab7a851d321f8412148ef1128a190`), but no pre-solver baseline of relative paths, file types, sizes, and hashes was supplied or available in the immutable artifact. The artifact snapshot contains only balance_sheet.json, so an before/after input-tree comparison cannot be performed.","Current input tree is readable, but its pre-execution state is unavailable.","No input/ file is added, removed, renamed, or content-modified.",
prep_v10_verifier_v10_full,business_finance__financial_stmt_reconstruction_aapl_fy2024,verifier,0,unverifiable,4849ceb30f904aa53e91640f8f366f52b9c789ac6917990cee152dd621036de1,output.required.file,deterministic,True,pass,The required final artifact must be a valid JSON file named output/balance_sheet.json.,input/TASK_PROMPT.md lines 19-23; input/output_schema.json line 2,"Write exactly one final file:
- `output/balance_sheet.json`
""required_file"": ""balance_sheet.json""",supported,"input/TASK_PROMPT.md lines 19-23 states: ""Write exactly one final file:"" and ""- `output/balance_sheet.json`"". input/output_schema.json line 2 states: ""required_file"": ""balance_sheet.json"".","The artifact snapshot represents the submitted output directory and contains one regular file, /tmp/ale-verifier-9a8248b657a6/snapshot-0/balance_sheet.json. `stat` reported `regular file` and size 1728 bytes. Python JSON parsing reported `root_type dict`, and `python3 -m json.tool` reported `JSON_PARSE=OK`. The rejected-symlink receipt was empty.",One regular file named balance_sheet.json; syntactically valid JSON object at the root.,output/balance_sheet.json exists and contains syntactically valid JSON with an object at the root.,
prep_v10_verifier_v10_full,business_finance__financial_stmt_reconstruction_aapl_fy2024,verifier,0,unverifiable,4849ceb30f904aa53e91640f8f366f52b9c789ac6917990cee152dd621036de1,json.schema.required,deterministic,True,pass,"The JSON must include every metadata and consolidated_balance_sheet key specified by output_schema.json, with each leaf using its declared JSON numeric type.",input/TASK_PROMPT.md lines 29-31; input/output_schema.json lines 3-55,The JSON must contain the `metadata` object and `consolidated_balance_sheet` object described in `input/output_schema.json`. Include every key from that schema.,supported,"input/TASK_PROMPT.md lines 29-31 states: ""The JSON must contain the `metadata` object and `consolidated_balance_sheet` object described in `input/output_schema.json`. Include every key from that schema."" input/output_schema.json lines 3-55 enumerate the required metadata literals, nested keys, and numeric type declarations.","A recursive Python traversal of /tmp/ale-verifier-9a8248b657a6/snapshot-0/balance_sheet.json against input/output_schema.json returned `errors []`. It checked every schema path, exact metadata literals, JSON integer leaves using `type(value) is int`, and finite number leaves while excluding booleans. The parsed root was a dict.",All schema keys are present; all metadata literals match; every `integer` field is a JSON integer and `common_stock_par_value_per_share` is the finite JSON number 1e-05.,"All required keys are present, metadata literals match, and every declared numeric field has the required JSON type.",
prep_v10_verifier_v10_full,business_finance__financial_stmt_reconstruction_aapl_fy2024,verifier,0,unverifiable,4849ceb30f904aa53e91640f8f366f52b9c789ac6917990cee152dd621036de1,values.assets.sample,public_evidence,True,pass,"Fiscal 2024 asset values must be transcribed exactly from the September 28, 2024 column in the filing, using the filing's reported units.","input/aapl-2024-10k.pdf, Consolidated Balance Sheets, printed page 31, heading and Current assets rows","(In millions, except number of shares, which are reflected in thousands, and par value)
Cash and cash equivalents  $ 29,943  $ 29,965
Other current assets  14,287  14,695",supported,"The PDF's Consolidated Balance Sheets on printed page 31 was extracted at text lines 1570-1583. Lines 1571 and 1573-1574 state the units and identify the first column as September 28, 2024. Line 1577 reads `Cash and cash equivalents ... $ 29,943 ... $ 29,965`; line 1582 reads `Other current assets ... 14,287 ... 14,695`. This directly supports the specified fiscal-2024 sample comparison.","PDF extraction shows September 28, 2024 values of 29,943 for Cash and cash equivalents and 14,287 for Other current assets. Parsed artifact paths `consolidated_balance_sheet.assets.current_assets.cash_and_cash_equivalents` and `...other_current_assets` contain integer values 29943 and 14287, respectively.",cash_and_cash_equivalents=29943; other_current_assets=14287,cash_and_cash_equivalents=29943; other_current_assets=14287,
prep_v10_verifier_v10_full,business_finance__financial_stmt_reconstruction_aapl_fy2024,verifier,0,unverifiable,4849ceb30f904aa53e91640f8f366f52b9c789ac6917990cee152dd621036de1,values.liabilities.sample,public_evidence,True,pass,"Fiscal 2024 current-liability values must be transcribed exactly from the September 28, 2024 column in the filing, using the filing's reported units.","input/aapl-2024-10k.pdf, Consolidated Balance Sheets, printed page 31, heading and Current liabilities section","(In millions, except number of shares, which are reflected in thousands, and par value)
Current liabilities:
Term debt  10,912  9,822",supported,"The PDF's Consolidated Balance Sheets on printed page 31 identifies the first value column as September 28, 2024 at extracted lines 1573-1574. The Current liabilities section begins at line 1593, and line 1598 reads `Term debt ... 10,912 ... 9,822`, directly supporting the specified fiscal-2024 sample.","PDF extraction at line 1598 shows Current liabilities—Term debt of 10,912 for September 28, 2024. The artifact's `consolidated_balance_sheet.liabilities.current_liabilities.term_debt_current` is the integer 10912.",term_debt_current=10912,term_debt_current=10912,
prep_v10_verifier_v10_full,business_finance__financial_stmt_reconstruction_aapl_fy2024,verifier,0,unverifiable,4849ceb30f904aa53e91640f8f366f52b9c789ac6917990cee152dd621036de1,values.equity.sample,public_evidence,True,pass,"Fiscal 2024 common-stock amount and issued-and-outstanding share count must be transcribed exactly from the filing, with monetary amounts in millions and shares in thousands as reported.","input/aapl-2024-10k.pdf, Consolidated Balance Sheets, printed page 31, unit heading and Common stock row","(In millions, except number of shares, which are reflected in thousands, and par value)
Common stock and additional paid-in capital, $0.00001 par value: 50,400,000 shares authorized; 15,116,786
and 15,550,061 shares issued and outstanding, respectively  83,276  73,812",supported,"The PDF's unit heading at extracted line 1571 states: `(In millions, except number of shares, which are reflected in thousands, and par value)`. The Shareholders’ equity row at lines 1610-1611 reads: `Common stock and additional paid-in capital, $0.00001 par value: 50,400,000 shares authorized; 15,116,786` and `and 15,550,061 shares issued and outstanding, respectively 83,276 73,812`. Together with the September 28, 2024 first-column heading at lines 1573-1574, this directly supports both specified values and their units.","PDF extraction shows fiscal-2024 common stock and additional paid-in capital of 83,276 million and 15,116,786 shares issued and outstanding in the filing's thousands unit. The artifact contains `common_stock_and_additional_paid_in_capital`=83276 and `shares_issued_and_outstanding_thousands`=15116786, both JSON integers.",common_stock_and_additional_paid_in_capital=83276; shares_issued_and_outstanding_thousands=15116786,common_stock_and_additional_paid_in_capital=83276; shares_issued_and_outstanding_thousands=15116786,
prep_v10_verifier_v10_full,business_finance__financial_stmt_reconstruction_aapl_fy2024,verifier,0,unverifiable,4849ceb30f904aa53e91640f8f366f52b9c789ac6917990cee152dd621036de1,period.units.metadata,deterministic,True,pass,"The artifact must identify Apple Inc., AAPL, the 2024-09-28 report period, USD currency, and millions as the monetary unit.",input/output_schema.json lines 3-9; input/TASK_PROMPT.md lines 25-27,"""company"": ""Apple Inc."", ""ticker"": ""AAPL"", ""period_of_report"": ""2024-09-28"", ""currency"": ""USD"", ""unit"": ""millions""
Use USD millions exactly as reported in the filing.",supported,"input/output_schema.json lines 3-8 specifies `""company"": ""Apple Inc.""`, `""ticker"": ""AAPL""`, `""period_of_report"": ""2024-09-28""`, `""currency"": ""USD""`, and `""unit"": ""millions""`. input/TASK_PROMPT.md lines 25-27 states: `Use USD millions exactly as reported in the filing` and identifies the period ended September 28, 2024.","Direct parsed-value inspection reported `metadata.company`='Apple Inc.', `metadata.ticker`='AAPL', `metadata.period_of_report`='2024-09-28', `metadata.currency`='USD', and `metadata.unit`='millions'. Each exactly matches the schema literal.","{""company"":""Apple Inc."",""ticker"":""AAPL"",""period_of_report"":""2024-09-28"",""currency"":""USD"",""unit"":""millions""}","{""company"":""Apple Inc."",""ticker"":""AAPL"",""period_of_report"":""2024-09-28"",""currency"":""USD"",""unit"":""millions""}",
prep_v10_verifier_v10_full,business_finance__financial_stmt_reconstruction_aapl_fy2024,verifier,0,unverifiable,4849ceb30f904aa53e91640f8f366f52b9c789ac6917990cee152dd621036de1,input.files.unchanged,deterministic,True,unverifiable,Files under input/ must not be modified.,input/TASK_PROMPT.md lines 30-32,Do not modify files under `input/`; put scratch work and final output only under `output/`.,supported,input/TASK_PROMPT.md lines 30-32 states: `Include every key from that schema. Do not modify files under input/; put scratch work and final output only under output/.` This directly establishes that input files must remain unmodified.,"The current public input tree was readable and contains six regular files. Current SHA-256 values were recorded as TASK_PROMPT.md=1b7e2949709031f91229c424a260df77f9bf445e099a78dc6abe4dce01e5584a, aapl-2024-10k.pdf=ec74758cd767465362c641cf2fd5d8fedd477aed2bf7f62117e67610435dcb88, aapl-20240928.htm=24a830a0f1256e371d36a1f7f72e5e85a38037d1de2f6f966eb8457db42ff6d6, material_sources.md=923fe7bd56aac317c9bcf6f4ccd3483aef49069253fde047648e019dd1f73d81, output_schema.json=8a8a0be146a486e08262e7f196a55fbc784ab7a851d321f8412148ef1128a190, and task.json=d996798a8ce3e56f78e0a019cfdb87b6d18570ba6ccb0d0a1fcf049e952131b0. However, no pre-execution input-tree manifest or hashes are available in the public task or immutable artifact, so the required before/after comparison cannot be performed. The artifact contains only balance_sheet.json, which does not establish historical non-modification of the public input tree.","Current six-file input manifest and hashes are available, but no pre-solver baseline is available for comparison.","No input/ file is added, removed, renamed, or content-modified.",
prep_v10_verifier_v10_full,business_finance__internal_employee_agent_instance_1,prep_verifier,0,unverifiable,20a9001774e7eadf05a15ee3649d1053434e1785ab85e60a5e715549a9a1f4d6,artifact.path.and.json,deterministic,True,pass,Produce exactly one valid JSON artifact at the required results.json path.,"public task prompt, What To Produce and Important Constraints","Write exactly one JSON file at `/media/user/data/agenthle/business_finance/internal_employee_agent_instance_1/base/output/results.json`
keep the artifact deterministic and valid JSON",supported,"Public task, What To Produce: ""Write exactly one JSON file at `/media/user/data/agenthle/business_finance/internal_employee_agent_instance_1/base/output/results.json`""; Important Constraints: ""keep the artifact deterministic and valid JSON"" and ""write only to .../output/results.json inside the visible output/ directory"".",Snapshot projection `/tmp/ale-verifier-4b36d88c4e17/snapshot-0` contains exactly one entry (`find`: `f results.json`). `stat` reports `regular file 19400 bytes`. Python `json.load` succeeded and reported top-level type `dict`. The rejected-symlink receipt was empty.,One regular file named results.json; valid JSON object; no additional snapshot entries.,The required file is the sole output artifact and parses as one JSON object.,
prep_v10_verifier_v10_full,business_finance__internal_employee_agent_instance_1,prep_verifier,0,unverifiable,20a9001774e7eadf05a15ee3649d1053434e1785ab85e60a5e715549a9a1f4d6,sessions.keys.and.turns,deterministic,True,pass,"Include every and only the test IDs from queries.json, with exactly one result object per input turn in original order.","public task prompt, Required Behavior; input/agent_rules.md lines 9-13","process each test id in `queries.json` as one independent conversation session
keep turn order within each test id
For each turn, write one JSON object to `results.json` under the corresponding test ID:",supported,"Public task, Required Behavior: ""process each test id in `queries.json` as one independent conversation session"" and ""keep turn order within each test id"". `input/agent_rules.md` line 9: ""For each turn, write one JSON object to `results.json` under the corresponding test ID:"".","Python comparison of public `input/queries.json` with snapshot `results.json` reported: `query_count 35`, `result_count 35`, `missing []`, `extra []`, and `length_mismatches []`. Every result session was an array with the same number of entries as its query session.","Exactly 35 matching test-ID keys, with no missing/extra IDs and no per-session turn-count mismatch.","All 35 query test IDs appear exactly once, no extra IDs appear, and every session has one ordered result entry per query turn.",
prep_v10_verifier_v10_full,business_finance__internal_employee_agent_instance_1,prep_verifier,0,unverifiable,20a9001774e7eadf05a15ee3649d1053434e1785ab85e60a5e715549a9a1f4d6,turn.object.schema,deterministic,True,pass,Every turn result must contain a textual response and an array of canonical tool names only.,input/agent_rules.md lines 9-25,"{ ""response"": ""<your reply to the user>"", ""tools_used"": [""tool_name"", ...] }
`tools_used` must list every tool you actually called during that turn, using these exact names only:",supported,"`input/agent_rules.md` lines 9-13 specify one object per turn with `{ ""response"": ""<your reply to the user>"", ""tools_used"": [""tool_name"", ...] }`; lines 15-23 say tools must use the exact listed names: `hr_knowledge_base_search`, `it_knowledge_base_search`, `search_web`, `draft_hr_email`, `send_hr_email`, `draft_jira_ticket`, and `create_jira_ticket`.",Exhaustive Python validation over all result entries reported `schema_issues []`. Each entry was an object with exactly `response` and `tools_used`; every response was a string; every tools_used value was an array containing only the seven declared names.,All turn entries conform; zero schema or noncanonical-tool issues.,Every turn conforms to the declared object schema and contains no noncanonical tool name.,
prep_v10_verifier_v10_full,business_finance__internal_employee_agent_instance_1,prep_verifier,0,unverifiable,20a9001774e7eadf05a15ee3649d1053434e1785ab85e60a5e715549a9a1f4d6,personal.action.workflow,public_evidence,True,unverifiable,"For sampled personal-action requests, preserve session context and follow the draft, user-confirmation, then send-or-create workflow rather than executing prematurely.",input/agent_rules.md lines 41-47; input/queries.json lines 58-60 and 90-96,"| 5 | Query requires a personal action (notify HR, raise an IT issue) | Draft → confirm with user → send or create |
keep session memory across turns inside the same test id",missing,"`input/agent_rules.md` line 47 contains the first excerpt: ""| 5 | Query requires a personal action (notify HR, raise an IT issue) | Draft → confirm with user → send or create |"". However, the second registered excerpt, ""keep session memory across turns inside the same test id"", does not occur in either registered source (`input/agent_rules.md` lines 41-47 or `input/queries.json` lines 58-60 and 90-96); it occurs only in the separately stated public task prompt. Therefore the complete source_quote does not exist at the criterion's declared source.","Operational inspection found apparently conforming sampled outputs—12.3[1] retains the 1 September flexible-working request and reports only `draft_hr_email`; 12.4[1] retains `ERR_SSL_PROTOCOL_ERROR` and reports only `draft_jira_ticket`; 9.1[0] reports only `draft_hr_email`; all request confirmation rather than execution. Nevertheless, the mandatory source-location validation fails, so this evidence cannot produce a pass.","Sampled turns appear to preserve context and stop at draft/confirmation, but one requirement-bearing source excerpt is absent from the registered source.",The sampled action turns retain the relevant session details and stop at a draft/confirmation stage unless the user has already supplied confirmation.,
prep_v10_verifier_v10_full,business_finance__internal_employee_agent_instance_1,prep_verifier,0,unverifiable,20a9001774e7eadf05a15ee3649d1053434e1785ab85e60a5e715549a9a1f4d6,domain.routing.and.grounding,public_evidence,True,unverifiable,"Answer sampled HR or IT questions from the relevant internal knowledge base when covered, otherwise use the staged deterministic web-search grounding without fabricating an answer.",input/agent_rules.md lines 41-46 and 51-55; input/hr_knowledge_base.md lines 83-84; input/web_search_grounding.json key tcp_vs_udp,"| 3 | Query can be answered from the HR or IT knowledge base | Search the relevant KB and respond directly |
| 4 | Query is HR- or IT-related but not in the KB | Fall back to web search; do not fabricate an answer |",ambiguous,"`input/agent_rules.md` lines 45-46 contain the quoted routing rules: ""Query can be answered from the HR or IT knowledge base | Search the relevant KB and respond directly"" and ""Query is HR- or IT-related but not in the KB | Fall back to web search; do not fabricate an answer"". However, the source_quote omits the factual requirement-bearing contents used by the check and expected value: `input/hr_knowledge_base.md` lines 83-84 state automatic day-one pension enrollment, a company contribution of 5% of base salary, a 3% employee minimum, and the HR Portal increase option; `input/web_search_grounding.json` key `tcp_vs_udp` states ""TCP is a reliable, connection-oriented protocol. UDP is connectionless and lower overhead."" Because those precise comparison facts are not included in the registered source_quote, the check/expected fields are stronger than the quote alone.","Observed output 3.2[0] says TCP is connection-oriented/reliable and UDP is connectionless/lower-overhead and reports `search_web`. Output 8.1[0] states day-one enrollment, 5% company contribution, 3% employee minimum, and HR Portal increases and reports `hr_knowledge_base_search`. These match the public files, but source ambiguity precludes pass.","Both sampled answers and reported tools match the cited public grounding, subject to an under-specified source_quote.","The TCP/UDP answer is consistent with the staged grounding and reports search_web; the pension answer is consistent with the HR knowledge base and reports hr_knowledge_base_search, with no unsupported conflicting claims.",
prep_v10_verifier_v10_full,business_finance__internal_employee_agent_instance_1,prep_verifier,0,unverifiable,20a9001774e7eadf05a15ee3649d1053434e1785ab85e60a5e715549a9a1f4d6,reported.tools.consistency,deterministic,True,unverifiable,"Tool reporting must not contain duplicates within a turn, and mutually exclusive workflow stages must not be reported as if both occurred in the same turn.",input/agent_rules.md lines 15-25 and 47,"`tools_used` must list every tool you actually called during that turn
If no tools were called, set `tools_used` to `[]`.
Draft → confirm with user → send or create",ambiguous,"`input/agent_rules.md` lines 15 and 25 state: ""`tools_used` must list every tool you actually called during that turn"" and ""If no tools were called, set `tools_used` to `[]`."" Line 47 states ""Draft → confirm with user → send or create"". The quote supports staged execution, but it does not expressly prohibit duplicate occurrences of the same tool name within one array. The criterion's global duplicate rejection therefore adds a restriction absent from the quotation.","Exhaustive Python validation reported `duplicates []` and `mixed_workflow []`; no turn reports both `draft_hr_email` and `send_hr_email`, or both `draft_jira_ticket` and `create_jira_ticket`. Despite the clean artifact, the unsupported duplicate prohibition makes the registered criterion unverifiable.",No duplicate tool names and no same-turn draft/send-or-create pair were found anywhere in the artifact.,Each tools_used array is duplicate-free and represents only the workflow stage performed during that turn.,
prep_v10_verifier_v10_full,business_finance__internal_employee_agent_instance_1,verifier,0,unverifiable,355ac7b9c7193ce4489ddf11c26992bfb8a17b7432600aa3a67bdbeb61063f97,artifact.path.and.json,deterministic,True,unverifiable,Produce exactly one valid JSON artifact at the required results.json path.,"public task prompt, What To Produce and Important Constraints","Write exactly one JSON file at `/media/user/data/agenthle/business_finance/internal_employee_agent_instance_1/base/output/results.json`
keep the artifact deterministic and valid JSON",ambiguous,"The registered excerpts exist in the public task under “What To Produce” and “Important Constraints”: “Write exactly one JSON file at `/media/user/data/agenthle/business_finance/internal_employee_agent_instance_1/base/output/results.json`” and “keep the artifact deterministic and valid JSON”. However, those excerpts do not state the registered check’s additional requirement that the parsed top level must be an object; therefore the check/expected fields are stronger than the source_quote.","Operational inspection found exactly one snapshot entry: `f:results.json`. `stat` reported `type=regular file mode=444 size=17632 path=results.json`; `python3 -m json.tool results.json` succeeded, and Python observed the parsed top level was a dictionary/object. The source ambiguity prevents these observations from being converted to a pass.",One regular file named results.json; valid JSON; top-level object; no other snapshot entries; rejected-symlink receipt empty.,The required file is the sole output artifact and parses as one JSON object.,
prep_v10_verifier_v10_full,business_finance__internal_employee_agent_instance_1,verifier,0,unverifiable,355ac7b9c7193ce4489ddf11c26992bfb8a17b7432600aa3a67bdbeb61063f97,sessions.keys.and.turns,deterministic,True,unverifiable,"Include every and only the test IDs from queries.json, with exactly one result object per input turn in original order.","public task prompt, Required Behavior; input/agent_rules.md lines 9-13","process each test id in `queries.json` as one independent conversation session
keep turn order within each test id
For each turn, write one JSON object to `results.json` under the corresponding test ID:",ambiguous,"The registered excerpts exist: public task Required Behavior says “process each test id in `queries.json` as one independent conversation session” and “keep turn order within each test id”; agent_rules.md line 9 says “For each turn, write one JSON object to `results.json` under the corresponding test ID:”. These support including every input session and one result per turn, but do not explicitly prohibit additional top-level test IDs. The exact key-set/no-extra-ID restriction is therefore stronger than the source_quote.","A Python comparison of public input/queries.json and snapshot results.json reported: `query_ids 35 result_ids 35 keys_equal True order_equal True`, `missing [] extra []`, and `length_bad []`. Thus the artifact operationally has every input ID, no extras, matching key order, and matching turn counts, but source ambiguity prevents a pass.",35 query IDs and 35 result IDs; exact key sets and order match; every result-array length equals its corresponding query-turn count.,"All 35 query test IDs appear exactly once, no extra IDs appear, and every session has one ordered result entry per query turn.",
prep_v10_verifier_v10_full,business_finance__internal_employee_agent_instance_1,verifier,0,unverifiable,355ac7b9c7193ce4489ddf11c26992bfb8a17b7432600aa3a67bdbeb61063f97,turn.object.schema,deterministic,True,unverifiable,Every turn result must contain a textual response and an array of canonical tool names only.,input/agent_rules.md lines 9-25,"{ ""response"": ""<your reply to the user>"", ""tools_used"": [""tool_name"", ...] }
`tools_used` must list every tool you actually called during that turn, using these exact names only:",ambiguous,"agent_rules.md lines 9-15 contain the registered template `{ ""response"": ""<your reply to the user>"", ""tools_used"": [""tool_name"", ...] }` and state that `tools_used` must use exact names only; lines 17-23 enumerate the seven names. The quote supports the two declared fields and canonical tool names, but it does not expressly forbid additional object keys. Consequently, the check’s “exactly the keys response and tools_used” restriction is stronger than the quote.","Full-artifact Python validation reported `schema_bad_count 0` and `tool_bad []`: every entry was an object with exactly response and tools_used, every response was a string, every tools_used value was an array, and all reported names belonged to the seven-name canonical set. Source ambiguity prevents a pass.","All turn entries satisfy the registered exact-key/type check, and no noncanonical tool name was found.",Every turn conforms to the declared object schema and contains no noncanonical tool name.,
prep_v10_verifier_v10_full,business_finance__internal_employee_agent_instance_1,verifier,0,unverifiable,355ac7b9c7193ce4489ddf11c26992bfb8a17b7432600aa3a67bdbeb61063f97,personal.action.workflow,public_evidence,True,unverifiable,"For sampled personal-action requests, preserve session context and follow the draft, user-confirmation, then send-or-create workflow rather than executing prematurely.",input/agent_rules.md lines 41-47; input/queries.json lines 58-60 and 90-96,"| 5 | Query requires a personal action (notify HR, raise an IT issue) | Draft → confirm with user → send or create |
keep session memory across turns inside the same test id",ambiguous,"agent_rules.md line 47 contains “| 5 | Query requires a personal action (notify HR, raise an IT issue) | Draft → confirm with user → send or create |”, and the public task says “keep session memory across turns inside the same test id”. The sampled queries also exist at queries.json lines 58-60 and 90-96. However, the registered check additionally requires reporting particular canonical tool identifiers, while neither the source_quote nor the criterion’s cited agent_rules.md lines 41-47 provide those identifiers. That exact tool-reporting component is stronger than the registered quotation/source locator.","Operationally, queries.json:12.3[1] produced a flexible-working email for 1 September, reported only `draft_hr_email`, and requested confirmation; 12.4[1] retained `ERR_SSL_PROTOCOL_ERROR` and the internal-wiki context from the prior turn, reported only `draft_jira_ticket`, and requested confirmation; 9.1[0] drafted a flexible-working request from September, reported only `draft_hr_email`, and requested confirmation. None reported send_hr_email or create_jira_ticket prematurely. Source ambiguity prevents a pass.","All three samples retained relevant details, stopped at draft/confirmation, used the corresponding draft tool name, and did not report execution.",The sampled action turns retain the relevant session details and stop at a draft/confirmation stage unless the user has already supplied confirmation.,
prep_v10_verifier_v10_full,business_finance__internal_employee_agent_instance_1,verifier,0,unverifiable,355ac7b9c7193ce4489ddf11c26992bfb8a17b7432600aa3a67bdbeb61063f97,domain.routing.and.grounding,public_evidence,True,unverifiable,"Answer sampled HR or IT questions from the relevant internal knowledge base when covered, otherwise use the staged deterministic web-search grounding without fabricating an answer.",input/agent_rules.md lines 41-46 and 51-55; input/hr_knowledge_base.md lines 83-84; input/web_search_grounding.json key tcp_vs_udp,"| 3 | Query can be answered from the HR or IT knowledge base | Search the relevant KB and respond directly |
| 4 | Query is HR- or IT-related but not in the KB | Fall back to web search; do not fabricate an answer |",ambiguous,"agent_rules.md lines 45-46 contain the registered routing excerpts: “| 3 | Query can be answered from the HR or IT knowledge base | Search the relevant KB and respond directly |” and “| 4 | Query is HR- or IT-related but not in the KB | Fall back to web search; do not fabricate an answer |”. The factual sources exist: web_search_grounding.json line 3 says `TCP is a reliable, connection-oriented protocol. UDP is connectionless and lower overhead.`, and hr_knowledge_base.md lines 83-84 say new employees are automatically enrolled from day one, company contribution is 5%, employee minimum is 3%, and contributions may be increased via the HR Portal. However, the registered check/expected fields demand exact reported identifiers `search_web` and `hr_knowledge_base_search`, which are not established by the source_quote or the criterion’s cited agent_rules.md lines 41-46 and 51-55. This exact reporting restriction is stronger than the quotation.","For queries.json:3.2[0], the response states that TCP is connection-oriented and reliable/ordered while UDP is connectionless and lower-overhead without delivery/ordering guarantees, and reports `[""search_web""]`; this is consistent with web_search_grounding.json key tcp_vs_udp. For 8.1[0], the response states day-one enrollment, 5% company contribution, 3% employee minimum, and the ability to increase contributions through the HR Portal, and reports `[""hr_knowledge_base_search""]`; this matches hr_knowledge_base.md lines 83-84. No conflicting claim was observed, but source ambiguity prevents a pass.","Both sampled answers match their designated public grounding, and their reported tool names match the operational expectation.","The TCP/UDP answer is consistent with the staged grounding and reports search_web; the pension answer is consistent with the HR knowledge base and reports hr_knowledge_base_search, with no unsupported conflicting claims.",
prep_v10_verifier_v10_full,business_finance__internal_employee_agent_instance_1,verifier,0,unverifiable,355ac7b9c7193ce4489ddf11c26992bfb8a17b7432600aa3a67bdbeb61063f97,reported.tools.consistency,deterministic,True,unverifiable,"Tool reporting must not contain duplicates within a turn, and mutually exclusive workflow stages must not be reported as if both occurred in the same turn.",input/agent_rules.md lines 15-25 and 47,"`tools_used` must list every tool you actually called during that turn
If no tools were called, set `tools_used` to `[]`.
Draft → confirm with user → send or create",ambiguous,"agent_rules.md lines 15 and 25 say “`tools_used` must list every tool you actually called during that turn” and “If no tools were called, set `tools_used` to `[]`.” Line 47 states “Draft → confirm with user → send or create”. These excerpts support reporting calls and a staged action workflow, but they do not explicitly prohibit duplicate occurrences of a tool name in an array, nor do they explicitly state that draft and execution tool names may never coexist in one turn. The registered rejection rules add restrictions absent from the quote.","A full-artifact Python scan reported `duplicates []` and `mutually_exclusive []`: no tools_used array contains a duplicate, no turn reports both draft_hr_email and send_hr_email, and no turn reports both draft_jira_ticket and create_jira_ticket. Source ambiguity prevents a pass.",Zero duplicate tool-name arrays and zero same-turn draft/execution pairs.,Each tools_used array is duplicate-free and represents only the workflow stage performed during that turn.,
prep_v10_verifier_v10_full,business_finance__legal_ma_consistency_audit_01,prep_verifier,0,fail,e5e1b5dbd2751d2ae369b5b908b001a4666c5fcf56f03a811208f88ed633a86c,deliverable.single.markdown,deterministic,True,pass,"Deliver exactly one file, output/audit_report.md.","input/task_brief.md, lines 5-9","Deliver exactly one file:

- `output/audit_report.md`",supported,input/task_brief.md lines 5-7: “Deliver exactly one file: ... - `output/audit_report.md`”.,"`find /tmp/ale-verifier-7bc07a42b2ca/snapshot-0 -printf '%y %P\n'` returned only the snapshot root directory and `f audit_report.md`; the rejected-symlink receipt was empty. `file` identified audit_report.md as “Unicode text, UTF-8 text,” and UTF-8 decoding succeeded. The file begins with the Markdown H1 `# Share Transfer Disclosure Consistency Review`.","Exactly one regular delivered file, audit_report.md; 5,505 bytes, 49 lines, valid UTF-8 Markdown text.",The sole delivered file is output/audit_report.md and it contains readable Markdown text.,
prep_v10_verifier_v10_full,business_finance__legal_ma_consistency_audit_01,prep_verifier,0,fail,e5e1b5dbd2751d2ae369b5b908b001a4666c5fcf56f03a811208f88ed633a86c,report.language.english,deterministic,True,pass,"Write the report in English, while retaining Chinese source quotations as evidence.","input/task_brief.md, lines 11-13",1. Write in English.,supported,"input/task_brief.md lines 11-12: “1. Write in English.” The brief separately requires original Chinese evidence at lines 14-19, supporting retention of Chinese in evidence quotations.","Inspection of audit_report.md shows that the report title, scope, five finding titles, document labels, and all “Why it is inconsistent” explanations are English. Chinese text is confined to backtick-delimited evidence and Chinese proper names transliterated in the English discussion.","English narrative throughout, with Chinese confined to quoted source evidence and appropriate names.",The report's narrative prose is English; Chinese is confined to source evidence or proper names where appropriate.,
prep_v10_verifier_v10_full,business_finance__legal_ma_consistency_audit_01,prep_verifier,0,fail,e5e1b5dbd2751d2ae369b5b908b001a4666c5fcf56f03a811208f88ed633a86c,findings.required.components,deterministic,True,pass,"Each reported finding must have a short English title, a brief conflict explanation, original Chinese evidence, and a document-and-page location marker.","input/task_brief.md, lines 14-20","3. For each finding, include:
   - a short English title;
   - a brief explanation of the conflict;
   - the original Chinese text that proves the issue;
   - a location marker with document name and page number.",supported,"input/task_brief.md lines 13-19: “3. For each finding, include: - a short English title; - a brief explanation of the conflict; - the original Chinese text that proves the issue; - a location marker with document name and page number.”","audit_report.md contains five `## Finding N: ...` sections. Each has an English heading, a nonempty English `Why it is inconsistent` paragraph, an `Evidence` list containing Chinese characters, and citations in the explicit form `Announcement/Buyer 1 Report/Buyer 2 Report/Seller Report, Page N`. Examples include Finding 1 at lines 7-16 and Finding 5 at lines 43-50.",All 5 finding sections contain the four required structural components.,"Every finding section contains all four required components, with the title and explanation in English.",
prep_v10_verifier_v10_full,business_finance__legal_ma_consistency_audit_01,prep_verifier,0,fail,e5e1b5dbd2751d2ae369b5b908b001a4666c5fcf56f03a811208f88ed633a86c,citations.valid.locations,deterministic,True,pass,Every evidence location must identify one of the staged documents and a valid page in that document.,"input/task_brief.md, lines 18-20; input/document_manifest.json, documents entries",- a location marker with document name and page number.,supported,"input/task_brief.md lines 17-19 requires “a location marker with document name and page number.” input/document_manifest.json documents entries identify Announcement (16 pages), Buyer 1 Report (21 pages), Buyer 2 Report (20 pages), and Seller Report (33 pages).","All 14 evidence citations resolve exactly to manifest `english_name` values. Cited pages are Announcement 2, 4, and 5 (range 1-16); Buyer 1 Report 5 and 12 (range 1-21); Buyer 2 Report 5, 7, and 8 (range 1-20); and Seller Report 11 (range 1-33). Every cited page is an integer within its document's manifest page_count.",14/14 evidence locations resolve unambiguously and are in range.,All evidence citations resolve unambiguously to a manifest document and an in-range page.,
prep_v10_verifier_v10_full,business_finance__legal_ma_consistency_audit_01,prep_verifier,0,fail,e5e1b5dbd2751d2ae369b5b908b001a4666c5fcf56f03a811208f88ed633a86c,evidence.chinese.verbatim,deterministic,True,fail,The Chinese evidence quoted for a finding must actually appear on its cited document page.,"input/task_brief.md, lines 16-20 and 27-30","- the original Chinese text that proves the issue;
- `input/extracted_text/` contains page-labeled UTF-8 text extracted from the PDFs for easier search.",supported,input/task_brief.md lines 16-19: “- the original Chinese text that proves the issue; - a location marker with document name and page number.” Lines 24-25 state: “`input/extracted_text/` contains page-labeled UTF-8 text extracted from the PDFs for easier search.”,"A page-bounded whitespace-normalized comparison, splitting explicit `……` omission markers into independent fragments, matched 13 of 14 cited excerpts. The first excerpt in Finding 1 does not match Announcement page 2: its final fragment is `协议转让对价 146,660,323.00`, but the extracted page has `协议转让对价`, then the intervening label `价款支付方式`, then `146,660,323.00` (announcement.txt lines 80-83). The other cited excerpts matched their stated pages under whitespace/PDF-line-wrap normalization.",13/14 quotations trace as written; Finding 1's Announcement-page-2 quotation improperly joins text separated by an intervening table label.,Every quoted Chinese excerpt is traceable to the cited page of the cited filing.,"In Finding 1's Announcement page 2 quotation, insert an explicit omission marker between `协议转让对价` and `146,660,323.00`, e.g. `协议转让对价……146,660,323.00`, so the independently quoted fragments reflect the table layout."
prep_v10_verifier_v10_full,business_finance__legal_ma_consistency_audit_01,prep_verifier,0,fail,e5e1b5dbd2751d2ae369b5b908b001a4666c5fcf56f03a811208f88ed633a86c,findings.sampled.support.and.completeness,public_evidence,True,pass,Report material inconsistencies supported by the staged filings and do not invent unsupported issues.,"input/task_brief.md, lines 13-21","2. Identify every material inconsistency you can support from the documents.
4. Do not invent issues that the documents do not support.",supported,input/task_brief.md lines 12-20: “2. Identify every material inconsistency you can support from the documents.” and “4. Do not invent issues that the documents do not support.”,"Exact sampled-page trace: (1) seller_report page 19 states holdings of 81,570,343, 8,922,900, and 4,545,951 shares and states the transferred shares are not pledged, frozen, or disputed; cross-checking found no sampled conflict requiring a finding. (2) seller_report page 31 is a signature page dated 2026-01-13; the date agrees with the transaction/signature dates elsewhere. (3) buyer2_report page 9 states the second 50% installment is RMB 73,330,166, corroborating a RMB 146,660,332 total; cross-checking Announcement page 2's Buyer 2 table value of RMB 146,660,323 and Buyer 2 Report pages 7-8/Seller Report page 11 exposes the RMB 9 conflict included as Finding 1. (4) buyer1_report page 4 defines the transaction as 11,281,564 shares (5%); this agrees with the other filings and exposes no omitted conflict. (5) announcement page 4 identifies Juyuan Shengye's interest as 45% and Wu Xiaoxu in the executing-partner field; cross-checking Buyer 1 Report page 5 yields 40% and identifies Shanghai Xinqi as executing partner with Wu as designated representative. Both conflicts are included as Findings 3 and 4. The report's other sampled-related descriptions—funding source and Buyer 2 executing-partner discrepancies—are also directly supported by the cited filing text.",All material conflicts exposed by the five sampled pages are included and accurately characterized; sampled assertions with no conflict were not turned into findings.,"No finding involving the sampled assertions is unsupported or materially mischaracterized, and no material inconsistency exposed by those assertions is omitted.",
prep_v10_verifier_v10_full,business_finance__legal_ma_consistency_audit_01,verifier,0,fail,4a49241f907882f40e4ba8948098d742b0add4c5c60e73dbc9108eb5824b463f,deliverable.single.markdown,deterministic,True,pass,"Deliver exactly one file, output/audit_report.md.","input/task_brief.md, lines 5-9","Deliver exactly one file:

- `output/audit_report.md`",supported,"input/task_brief.md lines 5-7: ""Deliver exactly one file:\n\n- `output/audit_report.md`""","`find /tmp/ale-verifier-7bc07a42b2ca/snapshot-0 -printf '%y %P\n'` returned one regular delivered file, `audit_report.md`, and no other files; the snapshot represents the submitted output directory. `file` identified it as ""Unicode text, UTF-8 text, with very long lines (654)"". It contains Markdown headings beginning `# Share Transfer Disclosure Consistency Review` and five `## Finding` sections. The rejected-symlink receipt was empty.","Exactly one regular UTF-8 Markdown file, corresponding to output/audit_report.md (7,399 bytes, 54 lines).",The sole delivered file is output/audit_report.md and it contains readable Markdown text.,
prep_v10_verifier_v10_full,business_finance__legal_ma_consistency_audit_01,verifier,0,fail,4a49241f907882f40e4ba8948098d742b0add4c5c60e73dbc9108eb5824b463f,report.language.english,deterministic,True,pass,"Write the report in English, while retaining Chinese source quotations as evidence.","input/task_brief.md, lines 11-13",1. Write in English.,supported,"input/task_brief.md line 11: ""1. Write in English."" The separate evidence requirement at lines 13-17 requires original Chinese evidence within each finding.","Lines 1-10 and the corresponding narrative in all five finding sections use English headings, labels, and explanations, e.g. line 1 `# Share Transfer Disclosure Consistency Review`, line 3 `## Scope and approach`, and line 10's English conflict explanation. Chinese text is confined to explicitly labeled evidence quotations and Chinese proper names.","English title, scope, finding titles, labels, and explanatory prose; Chinese appears in source-evidence quotations and names.",The report's narrative prose is English; Chinese is confined to source evidence or proper names where appropriate.,
prep_v10_verifier_v10_full,business_finance__legal_ma_consistency_audit_01,verifier,0,fail,4a49241f907882f40e4ba8948098d742b0add4c5c60e73dbc9108eb5824b463f,findings.required.components,deterministic,True,pass,"Each reported finding must have a short English title, a brief conflict explanation, original Chinese evidence, and a document-and-page location marker.","input/task_brief.md, lines 14-20","3. For each finding, include:
   - a short English title;
   - a brief explanation of the conflict;
   - the original Chinese text that proves the issue;
   - a location marker with document name and page number.",supported,"input/task_brief.md lines 13-17: ""3. For each finding, include:\n   - a short English title;\n   - a brief explanation of the conflict;\n   - the original Chinese text that proves the issue;\n   - a location marker with document name and page number.""","The report contains five finding sections at lines 7, 17, 25, 33, and 45. Each has an English `## Finding N` title, a nonempty `Why it is inconsistent` paragraph, an `Evidence` list containing Chinese characters, and citations naming `Document 1` through `Document 4` with explicit page numbers. For example, Finding 2 has its title at line 17, explanation at line 20, and Chinese evidence with `Document 1 ... page 2` and `Document 2 ... page 12` at lines 22-23. The same structure is present for Findings 1 and 3-5.",All 5 findings contain all four required components.,"Every finding section contains all four required components, with the title and explanation in English.",
prep_v10_verifier_v10_full,business_finance__legal_ma_consistency_audit_01,verifier,0,fail,4a49241f907882f40e4ba8948098d742b0add4c5c60e73dbc9108eb5824b463f,citations.valid.locations,deterministic,True,pass,Every evidence location must identify one of the staged documents and a valid page in that document.,"input/task_brief.md, lines 18-20; input/document_manifest.json, documents entries",- a location marker with document name and page number.,supported,"input/task_brief.md lines 16-17: ""- the original Chinese text that proves the issue;\n   - a location marker with document name and page number."" input/document_manifest.json identifies Document 1 (Announcement), Document 2 (Buyer 1 Report), Document 3 (Buyer 2 Report), and Document 4 (Seller Report), with page counts 16, 21, 20, and 33 respectively.","Every evidence citation resolves directly through the manifest labels. Cited pages are: Announcement 1, 2, 3-4, 4-5, 5, and 11 (all within 1-16); Buyer 1 Report 5 and 12 (within 1-21); Buyer 2 Report 5 and 7 (within 1-20); Seller Report 11 and 27 (within 1-33). No citation uses an unknown document or out-of-range page.",All cited document labels resolve unambiguously and all cited pages are in range.,All evidence citations resolve unambiguously to a manifest document and an in-range page.,
prep_v10_verifier_v10_full,business_finance__legal_ma_consistency_audit_01,verifier,0,fail,4a49241f907882f40e4ba8948098d742b0add4c5c60e73dbc9108eb5824b463f,evidence.chinese.verbatim,deterministic,True,fail,The Chinese evidence quoted for a finding must actually appear on its cited document page.,"input/task_brief.md, lines 16-20 and 27-30","- the original Chinese text that proves the issue;
- `input/extracted_text/` contains page-labeled UTF-8 text extracted from the PDFs for easier search.",supported,"input/task_brief.md lines 16-17: ""- the original Chinese text that proves the issue;\n   - a location marker with document name and page number."" input/task_brief.md lines 22-23: ""- `input/source_documents/` contains the original PDFs.\n- `input/extracted_text/` contains page-labeled UTF-8 text extracted from the PDFs for easier search.""","A page-boundary/whitespace-normalized comparison found the Chinese quotations at their cited pages except for one noncontiguous fragment in line 12. In Announcement page 2, the filing reads `协议转让对价` followed by the separate table labels `价款支付方` and `式`, and only then `146,660,323.00`. The report quotes the contiguous-looking fragment `协议转让对价 146,660,323.00` without an ellipsis or omission marker between the label and number. Therefore that full fragment does not occur after only whitespace and line-wrap normalization. Reproducible extraction locator: `input/extracted_text/announcement.txt`, `=== Page 2 ===`. All other tested quotations matched their cited page after permitted whitespace normalization; explicit `……` separators were tested as independent fragments.","All evidence excerpts trace to their cited pages except line 12's fragment `协议转让对价 146,660,323.00`, which omits intervening table text without marking the omission.",Every quoted Chinese excerpt is traceable to the cited page of the cited filing.,"In Finding 1's Announcement page 2 quotation, insert an explicit omission marker between `协议转让对价` and `146,660,323.00`, or quote the label and number as two separately marked excerpts."
prep_v10_verifier_v10_full,business_finance__legal_ma_consistency_audit_01,verifier,0,fail,4a49241f907882f40e4ba8948098d742b0add4c5c60e73dbc9108eb5824b463f,findings.sampled.support.and.completeness,public_evidence,True,pass,Report material inconsistencies supported by the staged filings and do not invent unsupported issues.,"input/task_brief.md, lines 13-21","2. Identify every material inconsistency you can support from the documents.
4. Do not invent issues that the documents do not support.",supported,"input/task_brief.md lines 12 and 18: ""2. Identify every material inconsistency you can support from the documents."" and ""4. Do not invent issues that the documents do not support.""","Exact sampled-page trace: (1) `seller_report:page:19` states that Wumei held 81,570,343 shares/36.15%, that the transferred shares had no pledge, freeze, ownership dispute, or other restriction, and that no undisclosed special conditions or voting arrangements existed; cross-checking did not expose a contrary material assertion. (2) `seller_report:page:31` is the seller signature page naming Wumei Technology Group Co., Ltd., legal representative Zhang Ling, dated 2026-01-13; no sampled cross-filing conflict was exposed. (3) `buyer2_report:page:9` states the second 50% installment is RMB 73,330,166 within five working days after transfer registration and sets termination/refund terms; these are consistent with the disclosed RMB 146,660,332 total and no sampled conflict was exposed. (4) `buyer1_report:page:4` defines the transaction as 11,281,564 shares, 5%, transferred from Wumei to Hangzhou Jingqi; this agrees with the other filings. (5) `announcement:page:4` identifies the seller as a controlling shareholder, states Hangzhou Jingqi's partner Juyuan Shengye holds 45%, and identifies Wu Xiaoxu in the legal-representative/executive-partner field. Cross-checking Buyer 1 Report page 5 exposes the 45% versus 40% conflict and the individual-versus-legal-entity executive-partner disclosure; both are reported as Findings 3 and 4 with Chinese evidence and locations. The sampled seller-status assertion also supports the controlling-shareholder conflict reported in Finding 5. No report finding relying on a sampled assertion was contradicted by the staged text.",The material conflicts exposed by the five sampled pages are included; other sampled assertions cross-check consistently. Findings 3-5 accurately reflect the sampled Announcement page 4 assertions and corroborating pages.,"No finding involving the sampled assertions is unsupported or materially mischaracterized, and no material inconsistency exposed by those assertions is omitted.",
prep_v10_verifier_v10_full,business_finance__llm_ecosystem_privacy_audit_realdata_1,prep_verifier,0,unverifiable,1b662dfd6592dddfac22dd3b1982416fc20a657baff9ab12df13cb5d68f841b7,violations.json.schema_accounting,deterministic,True,pass,"policy_violations.json must be valid JSON with the required top-level fields, integer totals, CRITICAL and HIGH counts, and a violations list whose counts agree with the summaries.","Public task prompt, Your Task item 3","Produce ... policy_violations.json as a JSON document with:
- `total_violations`: integer
- `severity_breakdown`: object with `CRITICAL` and `HIGH` counts
- `violations`: list, one entry per offending Action field.",supported,"Public task prompt, Your Task item 3: ""Produce ... policy_violations.json as a JSON document with: - `total_violations`: integer - `severity_breakdown`: object with `CRITICAL` and `HIGH` counts - `violations`: list, one entry per offending Action field.""","Parsed snapshot-0/policy_violations.json successfully. Python reported top-level types total_violations=int, severity_breakdown=dict, violations=list. total_violations=544 equals len(violations)=544. Recorded breakdown {CRITICAL: 41, HIGH: 503} equals the observed list severity counts Counter({HIGH: 503, CRITICAL: 41}); 41+503=544.",Valid JSON; total_violations=544; len(violations)=544; CRITICAL=41; HIGH=503.,"The document parses, has the required structure, total_violations equals len(violations), and each severity count equals the corresponding number of list entries.",
prep_v10_verifier_v10_full,business_finance__llm_ecosystem_privacy_audit_realdata_1,prep_verifier,0,unverifiable,1b662dfd6592dddfac22dd3b1982416fc20a657baff9ab12df13cb5d68f841b7,violations.exact_field_multiset,deterministic,True,unverifiable,"There must be exactly one violation entry for every Action field whose data_type is listed in the guide's CRITICAL or HIGH mappings, and no entry for any other data_type.","input/openai_gpt_actions_usage_policy.md lines 67-104; Public task prompt, Your Task items 2-3","Any Action in pp_action_data_entities.json containing a field with one of these data_type values is a CRITICAL violation.
For this task, all sensitive type collections are flagged as HIGH
`violations`: list, one entry per offending Action field.",ambiguous,"The quoted fragments exist at input/openai_gpt_actions_usage_policy.md line 81 (""Any Action in pp_action_data_entities.json containing a field with one of these data_type values is a CRITICAL violation.""), line 104 (""For this task, all sensitive type collections are flagged as HIGH""), and the public task item 3 (""`violations`: list, one entry per offending Action field.""). However, the source_quote omits the requirement-bearing mapping-table rows at policy lines 73-79 and 89-102. Without those rows, the quote does not itself identify the exact 21 data_type memberships that the registered check requires.","An operational reconstruction using the unquoted policy-table rows found 544 expected records (41 CRITICAL and 503 HIGH), exactly matching the artifact multiset with 0 missing and 0 extra records. This cannot be promoted to pass because the registered source_quote does not entail the exact mapping membership used by the check.","Operational comparison: expected=544, artifact=544, missing=0, extra=0; source_quote omits the exact mapping rows.",The artifact violation multiset has exactly the same multiplicity as the complete source-derived set of fields whose data_type appears in either mapping table.,
prep_v10_verifier_v10_full,business_finance__llm_ecosystem_privacy_audit_realdata_1,prep_verifier,0,unverifiable,1b662dfd6592dddfac22dd3b1982416fc20a657baff9ab12df13cb5d68f841b7,violations.entry_values_and_policy,deterministic,True,unverifiable,"Every violation must carry the mapped severity and specific policy basis, the backend domain and API name parsed from its Action key, and the source field name and data_type.","Public task prompt, Your Task item 3 and Hints; input/openai_gpt_actions_usage_policy.md lines 71-79 and 87-102","Each entry must include `severity` (CRITICAL or HIGH), `policy_clause` (the specific clause from the policy markdown), `action_domain` ... `api_name`, `data_field_name`, and `data_type`.
Split on the first `"", ""` only; some `api_name` values contain commas.",ambiguous,"The public task item 3 quote lists the six required entry fields, and the Hint says: ""Split on the first `\"", \""` only; some `api_name` values contain commas."" However, every one of the 2,253 actual pp_action_data_entities.json keys uses the form `domain , api_name`, with a space before the comma; for example, the first key is `ai.mrc.fm , Create Voice Over API`. Splitting that key on the first literal comma-space produces `ai.mrc.fm ` with a trailing space, whereas the task describes action_domain as the backend domain and as the left-hand side of a nominal `""<domain>, <api_name>""` key. The quote also omits the mapping-table Policy Basis and severity rows required for exact per-type values.","Using trimmed backend domains and the policy-table rows, all 544 artifact entries matched reconstructed six-value tuples exactly, with 0 missing, 0 extra, and 0 entries missing or null for any required key. Nevertheless, exact domain parsing and exact policy/severity mapping are not unambiguously entailed by the registered quote.","Operational trimmed-domain comparison: 544/544 exact six-value matches; missing/null required entries=0. Literal split leaves trailing whitespace in all 2,253 source domains.","Every entry is source-traceable and has the correct six values, including the authoritative severity and policy basis; no entry lacks policy_clause or action_domain.",
prep_v10_verifier_v10_full,business_finance__llm_ecosystem_privacy_audit_realdata_1,prep_verifier,0,unverifiable,1b662dfd6592dddfac22dd3b1982416fc20a657baff9ab12df13cb5d68f841b7,exposure.header_domain_rows_counts,deterministic,True,unverifiable,"The exposure report must have the exact requested header and exactly one row for each and only each backend domain served by at least three distinct GPTs, with correct GPT and Action counts.","Public task prompt, Your Task item 4","with this exact header row:
`domain,gpt_count,action_count,avg_datatypes_per_action,union_datatypes_count,amplification_factor,union_datatypes`
Include exactly one row for every backend `domain` that is served by at least 3 distinct GPTs",ambiguous,"Public task item 4 quoted wording supplies the exact header and says: ""Include exactly one row for every backend `domain` that is served by at least 3 distinct GPTs."" The quote does not include the requirement-bearing definition of `action_count` as the number of Actions on the backend domain appearing in pp_action_data_entities.json. In addition, the actual Action keys have `domain , api_name` spacing rather than the quoted nominal `<domain>, <api_name>` format, making an exact untrimmed key split inconsistent with metadata domain strings.","Operationally, after interpreting backend domains without incidental trailing whitespace, csv.reader parsed the exact seven-column header. The report had 137 rows for 137 qualifying domains, 137 unique domains, no missing or extra domains, and 0 GPT/action count mismatches.",Header matched; report rows=137; qualifying domains=137; unique domains=137; missing=0; extra=0; count errors=0 under trimmed backend-domain interpretation.,"The header matches byte-for-field in the specified order; every qualifying domain appears once, no other domain appears, and both counts are correct integers.",
prep_v10_verifier_v10_full,business_finance__llm_ecosystem_privacy_audit_realdata_1,prep_verifier,0,unverifiable,1b662dfd6592dddfac22dd3b1982416fc20a657baff9ab12df13cb5d68f841b7,exposure.datatype_metrics,deterministic,True,unverifiable,"Each domain row must report the mean distinct data types per Action, the domain-wide distinct union size, and the prescribed amplification factor.","Public task prompt, Your Task item 4 metric definitions","`avg_datatypes_per_action` is the mean number of distinct `data_type` values collected per Action on that domain.
`amplification_factor` is the string `f""{round(union_datatypes_count / avg_datatypes_per_action, 3)}x""`",ambiguous,"Public task item 4 quoted wording defines avg_datatypes_per_action and amplification_factor, but the registered requirement and check also demand union_datatypes_count while its definition is absent from source_quote. Moreover, the prescribed expression `f""{round(union_datatypes_count / avg_datatypes_per_action, 3)}x""` is undefined for seven required qualifying domains having no Actions in pp_action_data_entities.json and therefore avg_datatypes_per_action=0: a.thaigpt.com, actions.darkeccho.com, api.adzedek.com, api.marketstack.com, govchat.firstliot.app, khanacademy.org, and randomuser.me. The public task gives no zero-denominator rule.","For domains with a defined nonzero denominator, operational recomputation found 0 metric mismatches. The artifact assigns avg=0.0, union count=0, and amplification_factor=0.0x to the seven zero-action domains, but the quoted Python expression raises division by zero for those rows, so those values cannot be verified as exact outputs of the prescribed expression.","Nonzero-denominator metric errors=0. Seven qualifying rows have avg_datatypes_per_action=0 and an artifact factor of 0.0x, for which the prescribed division expression has no value.","All three metrics equal their source-derived values, and every amplification_factor has the exact rounded numeric text produced by the specified expression followed by `x`.",
prep_v10_verifier_v10_full,business_finance__llm_ecosystem_privacy_audit_realdata_1,prep_verifier,0,unverifiable,1b662dfd6592dddfac22dd3b1982416fc20a657baff9ab12df13cb5d68f841b7,exposure.union_datatypes,deterministic,True,unverifiable,"union_datatypes must be the alphabetically sorted, semicolon-delimited list of all distinct data_type values across Actions on that domain.","Public task prompt, Your Task item 4","`union_datatypes` is a semicolon-delimited, alphabetically sorted list of the distinct `data_type` values.",ambiguous,"Public task item 4 quote directly states: ""`union_datatypes` is a semicolon-delimited, alphabetically sorted list of the distinct `data_type` values."" This supports exact reconstruction of the union_datatypes text. However, the registered check and expected value additionally require its item count to equal union_datatypes_count, whose definition is not included in source_quote.",Operational reconstruction over all 137 report rows found 0 exact-string union errors and 0 item-count inconsistencies: each union_datatypes cell equaled `';'.join(sorted(union))`. The result cannot be promoted to pass because the registered quote does not support the additional union_datatypes_count comparison.,137 rows checked; exact sorted semicolon-join mismatches=0; item-count mismatches=0.,"The union_datatypes cell exactly equals the sorted semicolon join, contains neither omissions nor duplicates, and its number of items equals union_datatypes_count.",
prep_v10_verifier_v10_full,business_finance__llm_ecosystem_privacy_audit_realdata_1,verifier,0,unverifiable,1b662dfd6592dddfac22dd3b1982416fc20a657baff9ab12df13cb5d68f841b7,violations.json.schema_accounting,deterministic,True,pass,"policy_violations.json must be valid JSON with the required top-level fields, integer totals, CRITICAL and HIGH counts, and a violations list whose counts agree with the summaries.","Public task prompt, Your Task item 3","Produce ... policy_violations.json as a JSON document with:
- `total_violations`: integer
- `severity_breakdown`: object with `CRITICAL` and `HIGH` counts
- `violations`: list, one entry per offending Action field.",supported,"Public task prompt, Your Task item 3: “Produce ... policy_violations.json as a JSON document with: - `total_violations`: integer - `severity_breakdown`: object with `CRITICAL` and `HIGH` counts - `violations`: list, one entry per offending Action field.”","Parsed snapshot-0/policy_violations.json with Python json. Top-level keys are total_violations, severity_breakdown, and violations. total_violations is a non-boolean int. Recomputed list accounting: len(violations)=544; severity counts are CRITICAL=41 and HIGH=503; 41+503=544. These equal the declared total and severity_breakdown.","total_violations=544; len(violations)=544; declared and observed severity counts both CRITICAL=41, HIGH=503",Valid required JSON structure with total_violations equal to list length and severity summaries equal to counted entries,
prep_v10_verifier_v10_full,business_finance__llm_ecosystem_privacy_audit_realdata_1,verifier,0,unverifiable,1b662dfd6592dddfac22dd3b1982416fc20a657baff9ab12df13cb5d68f841b7,violations.exact_field_multiset,deterministic,True,pass,"There must be exactly one violation entry for every Action field whose data_type is listed in the guide's CRITICAL or HIGH mappings, and no entry for any other data_type.","input/openai_gpt_actions_usage_policy.md lines 67-104; Public task prompt, Your Task items 2-3","Any Action in pp_action_data_entities.json containing a field with one of these data_type values is a CRITICAL violation.
For this task, all sensitive type collections are flagged as HIGH
`violations`: list, one entry per offending Action field.",supported,"input/openai_gpt_actions_usage_policy.md lines 71-79 and 87-102 contain the authoritative CRITICAL and HIGH mapping rows; line 81 states, “Any Action in pp_action_data_entities.json containing a field with one of these data_type values is a CRITICAL violation”; line 104 states, “For this task, all sensitive type collections are flagged as HIGH”; Public task item 3 requires a “violations” list with one entry per offending Action field.","Parsed 21 mapping rows from policy lines 71-79 and 87-102, then traversed every field of all 2,253 Actions. The reconstructed offending-field multiset contains 544 records: CRITICAL=41 and HIGH=503. Counter comparison against the artifact, matching severity, policy basis, normalized backend domain, API name, data_name, and data_type with multiplicity, found missing=0 and extra=0.",Expected multiset size 544; artifact multiset size 544; missing records 0; extra records 0; multiplicities agree,Exactly the complete source-derived multiset of mapped CRITICAL and HIGH fields,
prep_v10_verifier_v10_full,business_finance__llm_ecosystem_privacy_audit_realdata_1,verifier,0,unverifiable,1b662dfd6592dddfac22dd3b1982416fc20a657baff9ab12df13cb5d68f841b7,violations.entry_values_and_policy,deterministic,True,unverifiable,"Every violation must carry the mapped severity and specific policy basis, the backend domain and API name parsed from its Action key, and the source field name and data_type.","Public task prompt, Your Task item 3 and Hints; input/openai_gpt_actions_usage_policy.md lines 71-79 and 87-102","Each entry must include `severity` (CRITICAL or HIGH), `policy_clause` (the specific clause from the policy markdown), `action_domain` ... `api_name`, `data_field_name`, and `data_type`.
Split on the first `"", ""` only; some `api_name` values contain commas.",ambiguous,"Public task item 3 says action_domain is “the backend domain, i.e. the left-hand side of the `<domain>, <api_name>` key”; the Hint says, “Split on the first `\"", \""` only.” The registered check additionally requires exact equality to the raw split component. Actual keys include whitespace before the comma, for example pp_action_data_entities.json key `ai.mrc.fm , Create Voice Over API`; splitting on the first literal comma-space yields raw left component `ai.mrc.fm `, while the backend domain and artifact value are `ai.mrc.fm`. The public wording does not say whether syntactic padding must be retained or stripped, so the check's exact raw-component restriction is stronger than the quote.","A six-field Counter comparison succeeds for all 544 entries after interpreting action_domain as the normalized backend domain: missing=0, extra=0, and no entry lacks or has null required keys. A literal untrimmed split instead differs in action_domain for all 544 records because source keys contain a space before the comma. Under the verifier instructions, this unresolved exactness issue cannot be converted into pass or fail.","All 544 entries have the correct severity, policy basis, API name, field name, data_type, and normalized backend domain; literal raw split components retain trailing whitespace absent from artifact action_domain","Correct six values, but exact treatment of whitespace in the split action_domain is not unambiguously specified",
prep_v10_verifier_v10_full,business_finance__llm_ecosystem_privacy_audit_realdata_1,verifier,0,unverifiable,1b662dfd6592dddfac22dd3b1982416fc20a657baff9ab12df13cb5d68f841b7,exposure.header_domain_rows_counts,deterministic,True,unverifiable,"The exposure report must have the exact requested header and exactly one row for each and only each backend domain served by at least three distinct GPTs, with correct GPT and Action counts.","Public task prompt, Your Task item 4","with this exact header row:
`domain,gpt_count,action_count,avg_datatypes_per_action,union_datatypes_count,amplification_factor,union_datatypes`
Include exactly one row for every backend `domain` that is served by at least 3 distinct GPTs",ambiguous,"Public task item 4 states the exact header and says, “Include exactly one row for every backend `domain` that is served by at least 3 distinct GPTs.” The same item defines action_count as Actions “on that backend domain.” The registered check mandates domain extraction by an exact raw comma-space split, but actual Action keys such as `ai.mrc.fm , Create Voice Over API` produce `ai.mrc.fm ` while metadata uses `ai.mrc.fm`. The quote specifies backend-domain identity but does not prescribe retaining this source-key padding. Additionally, the registered source_quote omits the item 4 action_count definition even though the check enforces it.","CSV parsing found the exact seven-column header, 137 data rows, and 137 unique domains. Metadata reconstruction found exactly 137 qualifying backend domains, with no missing or extra CSV domains. Using normalized backend domains, all gpt_count and action_count values match. Using literal untrimmed split components, 131 action counts differ because the source-key domains retain trailing spaces. The stronger raw-split interpretation is not entailed by the quote.",Header exact; rows=137; unique domains=137; qualifying domains=137; missing=0 and extra=0; normalized-domain count errors=0; literal raw-split action-count errors=131,"One correct row per qualifying backend domain with correct GPT and Action counts, with whitespace treatment unambiguously defined",
prep_v10_verifier_v10_full,business_finance__llm_ecosystem_privacy_audit_realdata_1,verifier,0,unverifiable,1b662dfd6592dddfac22dd3b1982416fc20a657baff9ab12df13cb5d68f841b7,exposure.datatype_metrics,deterministic,True,unverifiable,"Each domain row must report the mean distinct data types per Action, the domain-wide distinct union size, and the prescribed amplification factor.","Public task prompt, Your Task item 4 metric definitions","`avg_datatypes_per_action` is the mean number of distinct `data_type` values collected per Action on that domain.
`amplification_factor` is the string `f""{round(union_datatypes_count / avg_datatypes_per_action, 3)}x""`",ambiguous,"Public task item 4 says, “`avg_datatypes_per_action` is the mean number of distinct `data_type` values collected per Action on that domain” and “`amplification_factor` is the string `f\""{round(union_datatypes_count / avg_datatypes_per_action, 3)}x\""`.” However, the immediately following parenthetical says “three-decimal numeric prefix,” which conflicts with Python stringification of round results such as `1.0x` rather than `1.000x`. The registered source_quote also omits the source definition of union_datatypes_count while its check requires that metric.","Using normalized backend domains, all nonempty-domain rows numerically match the exact reconstructed mean and union cardinality, and every amplification string matches the quoted Python expression. Seven qualifying domains have no matching Actions and are represented as avg=0.0, union count=0, factor=0.0x. Nevertheless, the public conflict between the exact Python expression and “three-decimal numeric prefix,” plus the incomplete registered quotation, prevents a supported exact-format decision.","Normalized-domain recomputation found 0 metric mismatches; artifact includes values such as 1.0x and 2.0x produced by Python's round/string expression, not fixed-width 1.000x or 2.000x","Source-derived averages, union sizes, and amplification text, but the required numeric text width is internally ambiguous",
prep_v10_verifier_v10_full,business_finance__llm_ecosystem_privacy_audit_realdata_1,verifier,0,unverifiable,1b662dfd6592dddfac22dd3b1982416fc20a657baff9ab12df13cb5d68f841b7,exposure.union_datatypes,deterministic,True,pass,"union_datatypes must be the alphabetically sorted, semicolon-delimited list of all distinct data_type values across Actions on that domain.","Public task prompt, Your Task item 4","`union_datatypes` is a semicolon-delimited, alphabetically sorted list of the distinct `data_type` values.",supported,"Public task prompt, Your Task item 4: “`union_datatypes` is a semicolon-delimited, alphabetically sorted list of the distinct `data_type` values.”","Parsed all 137 CSV rows. For each normalized backend domain, reconstructed the exact set union of data_type strings across its Actions, sorted it with ordinary Python string ordering, and joined it with semicolons. Exact cell comparison found 0 mismatches. For every row, the number of joined items also equals union_datatypes_count; the seven empty-domain rows correctly have an empty cell and count 0.",137 rows checked; exact union string mismatches=0; union item-count mismatches=0,Every union_datatypes cell exactly equals the alphabetically sorted semicolon join of the domain's distinct data types and agrees with union_datatypes_count,
prep_v10_verifier_v10_full,business_finance__pe_screening_memo_1,prep_verifier,0,unverifiable,1fa60520ef53eabe12586eec3e7b2e388aaa15bbc19bb720513b625bb17e066b,artifact.single.required.file,deterministic,True,pass,The output directory must contain exactly one required file named screening_memo.md.,"public task prompt, ""Write exactly one required file"" and Output requirements","Write exactly one required file:
- `/media/user/data/agenthle/business_finance/pe_screening_memo_1/zscaler_fy2025/output/screening_memo.md`

Output requirements:
- filename must be exactly `screening_memo.md`",supported,Public task prompt: “Write exactly one required file: - `/media/user/data/agenthle/business_finance/pe_screening_memo_1/zscaler_fy2025/output/screening_memo.md`” and “filename must be exactly `screening_memo.md`.”,`find /tmp/ale-verifier-296475a04ae0/snapshot-0 -type f -printf '%P\n'` returned only `screening_memo.md`; `stat` identified it as a regular file. The rejected-symlink receipt was empty.,Exactly one regular file: screening_memo.md,"Exactly one regular file exists, and its basename is screening_memo.md.",
prep_v10_verifier_v10_full,business_finance__pe_screening_memo_1,prep_verifier,0,unverifiable,1fa60520ef53eabe12586eec3e7b2e388aaa15bbc19bb720513b625bb17e066b,artifact.utf8.markdown.structure,deterministic,True,pass,"The memo must be UTF-8 Markdown, replace the title and date placeholders, and retain the template's five sections in order.","input/task_brief.md, What you must do item 1; input/memo_template.md, headings","Replace the template placeholder title with `# Zscaler Screening Memo`.
Replace the `*[Date]*` placeholder with the date you want on the memo.
Follow the structure in `memo_template.md`.",supported,"input/task_brief.md lines 25-27: “Follow the structure in `memo_template.md`,” “Replace the template placeholder title with `# Zscaler Screening Memo`,” and “Replace the `*[Date]*` placeholder with the date you want on the memo.” input/memo_template.md lines 4, 7, 10, 13, and 16 contain the five required section headings in order.","Strict Python UTF-8 decoding succeeded for the 19,924-byte file. Heading scan found line 1 `# Zscaler Screening Memo`, line 4 `## I. Recommendation`, line 10 `## II. Investment Thesis`, line 24 `## III. Financial Summary`, line 55 `## IV. Risks`, and line 75 `## V. Appendix — Business Overview`. Line 2 contains the nonempty date `*September 11, 2025*`; neither `# [Company] Screening Memo` nor `*[Date]*` remains.",Valid UTF-8; replaced title and date; all five template sections occur once and in order.,"Strict UTF-8 decoding succeeds and the ordered headings are I. Recommendation, II. Investment Thesis, III. Financial Summary, IV. Risks, and V. Appendix — Business Overview, with title and date placeholders replaced.",
prep_v10_verifier_v10_full,business_finance__pe_screening_memo_1,prep_verifier,0,unverifiable,1fa60520ef53eabe12586eec3e7b2e388aaa15bbc19bb720513b625bb17e066b,recommendation.explicit.allowed,deterministic,True,unverifiable,The memo must state one explicit allowed screening recommendation and provide rationale.,"input/task_brief.md, What you must do item 7","End with a clear `Go`, `No-Go`, or `Hold / Needs More Diligence` recommendation and rationale.",ambiguous,"input/task_brief.md lines 35-36 says: “End with a clear `Go`, `No-Go`, or `Hold / Needs More Diligence` recommendation and rationale.” This supports a clear allowed recommendation and rationale, but the registered operational check adds an exact-label-count restriction not stated by the quotation. It is unclear whether conditional discussion of the other allowed outcomes is prohibited. The source also literally says “End with,” whereas the template places Recommendation first.","Memo line 6 explicitly selects `Recommendation: Hold / Needs More Diligence` and supplies rationale. Line 8 conditionally mentions both `No-Go` and `Go`; therefore a literal count finds all three allowed strings even though only Hold is selected. Because the public wording does not establish the registered exact-count rule, this cannot be converted into pass or fail.","One selected recommendation (`Hold / Needs More Diligence`) with rationale, plus conditional references to `No-Go` and `Go`; the memo ends with the Appendix rather than a repeated conclusion.","Exactly one unambiguous recommendation—Go, No-Go, or Hold / Needs More Diligence—is selected and supported by a stated rationale.",
prep_v10_verifier_v10_full,business_finance__pe_screening_memo_1,prep_verifier,0,unverifiable,1fa60520ef53eabe12586eec3e7b2e388aaa15bbc19bb720513b625bb17e066b,business.thesis.packet.support,public_evidence,True,pass,"The memo must explain Zscaler's business and market positioning, identify investment-relevant factors, ground thesis points in packet evidence, and keep the appendix factual.","input/task_brief.md, What you must do item 3; input/memo_template.md, sections II and V","Explain what the company does, how it is positioned in the market, and what matters most for an investment screening decision.
Ground each point in evidence from the diligence materials.
Summary only, no interpretation.",supported,"input/task_brief.md lines 29-30: “Explain what the company does, how it is positioned in the market, and what matters most for an investment screening decision.” input/memo_template.md line 8 says “Ground each point in evidence from the diligence materials”; line 17 describes the Appendix and ends “Summary only, no interpretation.”","Memo lines 12-22 describe the subscription model, enterprise adoption, Zero Trust architecture, product breadth, operating leverage, and PE relevance while qualifying management positioning as not independently validated. Sampled 10-K form-feed page 11 supports Zero Trust Cloud traffic inspection, identity-based granular policies, cloud/workload security, microsegmentation, Zero Trust Branch, and replacement of traditional firewalls/VPNs. Sampled Q3 presentation form-feed page 5 supports data-security module adoption, ZDX Copilot, SecOps modules, Red Canary expansion, and GenAI security. Memo lines 77-87 keep the Appendix descriptive, including company history, products, revenue model, customers, operations, and the Red Canary acquisition, without an investment recommendation or valuation interpretation.","Sampled overlapping business and product assertions are faithful to the packet; thesis qualifications distinguish management positioning from independently validated evidence, and the Appendix is factual.","The sampled pages support the memo's overlapping descriptions and thesis evidence; the memo covers business model/product positioning and investment relevance without unsupported sampled claims, while the appendix remains factual.",
prep_v10_verifier_v10_full,business_finance__pe_screening_memo_1,prep_verifier,0,unverifiable,1fa60520ef53eabe12586eec3e7b2e388aaa15bbc19bb720513b625bb17e066b,financial.profile.packet.support,public_evidence,True,pass,"The Financial Summary must accurately interpret disclosed scale, growth, margins, unit economics, and cash generation as applicable, distinguish disclosed information from missing information, and avoid unsupported valuation assumptions.","input/memo_template.md, section III; input/task_brief.md, What you must do item 4","A concise read of the financial profile visible in the materials: scale, growth, margin structure, unit economics, and cash generation as applicable. Flag what is disclosed vs. what is missing.
Avoid valuation math or assumptions that are not supported by the packet.",supported,"input/memo_template.md line 11: “A concise read of the financial profile visible in the materials: scale, growth, margin structure, unit economics, and cash generation as applicable. Flag what is disclosed vs. what is missing. Avoid valuation math or assumptions that are not supported by the packet.” input/task_brief.md lines 31-32 also require interpretation “without inventing numbers or unsupported claims.”","Sampled Q3 earnings-release form-feed page 1 reports revenue of $678.0 million, 23% year-over-year growth, GAAP operating loss of $25.4 million/4%, non-GAAP operating income of $146.7 million/22%, operating cash flow of $211.1 million/31%, and free cash flow of $119.5 million/18%; memo line 41 correctly states Q3 revenue of $678.0 million, up 23%. Sampled 10-K form-feed page 91 reports FY2025 revenue of $2,673 million and approximately 98% subscription and support revenue, matching memo lines 12, 28, and 81. The memo separately labels GAAP and non-GAAP rows and explains their bridge at line 45. Lines 49-53 explicitly identify absent underwriting inputs and refrain from presenting an entry multiple, leverage ratio, IRR, or MOIC; the simple pro-forma liquidity arithmetic is explicitly labeled and uses disclosed packet amounts rather than a valuation assumption.","Sampled amounts, periods, and accounting bases match; GAAP and non-GAAP are distinguished; missing valuation, financing, customer-economics, and forecast information is expressly identified.","All overlapping sampled figures and interpretations match the packet in amount, period, and basis; disclosed and missing information are distinguished; no unsupported valuation math appears.",
prep_v10_verifier_v10_full,business_finance__pe_screening_memo_1,prep_verifier,0,unverifiable,1fa60520ef53eabe12586eec3e7b2e388aaa15bbc19bb720513b625bb17e066b,risks.diligence.gaps,public_evidence,True,unverifiable,"The memo must prioritize material risks, distinguish inherent business risks from information gaps, state diligence work that would resolve each, and explicitly address ambiguities and source conflicts.","input/task_brief.md, What you must do items 5-6; input/memo_template.md, section IV","Prioritize the major investment risks.
Explicitly call out diligence gaps, ambiguities, and source conflicts.
Distinguish between risks inherent to the business and gaps in the current information set.",ambiguous,"input/task_brief.md lines 33-34 contains the registered excerpts “Prioritize the major investment risks” and “Explicitly call out diligence gaps, ambiguities, and source conflicts.” input/memo_template.md line 14 supports distinguishing inherent business risks from information gaps. However, the registered `source_quote` omits the template language “for each — what diligence work would resolve it,” so it does not fully entail the criterion's requirement and expected rule that every major risk or open question have a resolving diligence step.","Memo lines 57-73 present nine numbered risks, label them as `information gap`, `inherent risk`, or both, and give a `Resolve with:` action for each. The cybersecurity-provider-failure risk at line 65 is faithful to sampled 10-K form-feed page 42, which says no security solution can address all threats and that real or perceived failures can cause customer loss, delayed sales, remediation expense, reputational harm, and legal or regulatory liability. However, the memo does not explicitly state whether source conflicts were found, and the registered source quotation does not fully support the per-risk operational restriction; under the verification rules the overall result is therefore unverifiable rather than pass or fail.",Prioritized numbered risks with explicit inherent-risk/information-gap labels and resolving work for each; sampled cyber-risk assertion is supported; no explicit source-conflict-status statement was found.,"Sampled risk assertions are faithful to the source, material risks are prioritized, each major risk or open question has a resolving diligence step, and gaps, ambiguities, and source-conflict status are expressly addressed.",
prep_v10_verifier_v10_full,business_finance__pe_screening_memo_1,verifier,0,pass,6ab968697beaf25ceecaf09d8c4e4dfa1ec93d252d8e13c387cab6ed60cffdd7,artifact.single.required.file,deterministic,True,pass,The output directory must contain exactly one required file named screening_memo.md.,"public task prompt, ""Write exactly one required file"" and Output requirements","Write exactly one required file:
- `/media/user/data/agenthle/business_finance/pe_screening_memo_1/zscaler_fy2025/output/screening_memo.md`

Output requirements:
- filename must be exactly `screening_memo.md`",supported,"Public task prompt states: ""Write exactly one required file: - `/media/user/data/agenthle/business_finance/pe_screening_memo_1/zscaler_fy2025/output/screening_memo.md`"" and ""filename must be exactly `screening_memo.md`.""","`find /tmp/ale-verifier-296475a04ae0/snapshot-0 -printf '%y %P\n'` returned one regular file only: `f screening_memo.md`. The rejected-symlink receipt was empty. The file is 19,962 bytes and has SHA-256 `9457207677e775211f7350b564a2b8d6323770ad9d1760df6fcd9ac3c24bf5f0`.","Exactly one regular file, screening_memo.md; no rejected symlinks.","Exactly one regular file exists, and its basename is screening_memo.md.",
prep_v10_verifier_v10_full,business_finance__pe_screening_memo_1,verifier,0,pass,6ab968697beaf25ceecaf09d8c4e4dfa1ec93d252d8e13c387cab6ed60cffdd7,artifact.utf8.markdown.structure,deterministic,True,pass,"The memo must be UTF-8 Markdown, replace the title and date placeholders, and retain the template's five sections in order.","input/task_brief.md, What you must do item 1; input/memo_template.md, headings","Replace the template placeholder title with `# Zscaler Screening Memo`.
Replace the `*[Date]*` placeholder with the date you want on the memo.
Follow the structure in `memo_template.md`.",supported,"`input/task_brief.md`, What you must do item 1, states: ""Follow the structure in `memo_template.md`"", ""Replace the template placeholder title with `# Zscaler Screening Memo`"", and ""Replace the `*[Date]*` placeholder with the date you want on the memo."" `input/memo_template.md` lists sections I through V in the registered order.","Strict Python UTF-8 decoding succeeded. Parsed headings and lines were: line 1 `# Zscaler Screening Memo`; line 4 `## I. Recommendation`; line 12 `## II. Investment Thesis`; line 24 `## III. Financial Summary`; line 50 `## IV. Risks`; line 72 `## V. Appendix — Business Overview`. Neither `[Company]` nor `*[Date]*` remains, and line 2 contains the nonempty date `*July 20, 2026*`. Each required section appears once and in template order.",Valid UTF-8 Markdown with replaced title/date and all five required sections once in order.,"Strict UTF-8 decoding succeeds and the ordered headings are I. Recommendation, II. Investment Thesis, III. Financial Summary, IV. Risks, and V. Appendix — Business Overview, with title and date placeholders replaced.",
prep_v10_verifier_v10_full,business_finance__pe_screening_memo_1,verifier,0,pass,6ab968697beaf25ceecaf09d8c4e4dfa1ec93d252d8e13c387cab6ed60cffdd7,recommendation.explicit.allowed,deterministic,True,pass,The memo must state one explicit allowed screening recommendation and provide rationale.,"input/task_brief.md, What you must do item 7","End with a clear `Go`, `No-Go`, or `Hold / Needs More Diligence` recommendation and rationale.",supported,"`input/task_brief.md`, What you must do item 7, states: ""End with a clear `Go`, `No-Go`, or `Hold / Needs More Diligence` recommendation and rationale.""","Section I opens with the selected label `**Hold / Needs More Diligence.**` and immediately explains that Zscaler merits continued work due to subscription revenue, growth, margins, enterprise adoption, and cash generation, but is not ready for investment committee because valuation, transaction, financing, retention, and normalized cash-conversion information is absent. Later references to Go and No-Go are expressly conditional change criteria, not competing current recommendations.",One current recommendation—Hold / Needs More Diligence—with detailed rationale and explicit conditions that would change it.,"Exactly one unambiguous recommendation—Go, No-Go, or Hold / Needs More Diligence—is selected and supported by a stated rationale.",
prep_v10_verifier_v10_full,business_finance__pe_screening_memo_1,verifier,0,pass,6ab968697beaf25ceecaf09d8c4e4dfa1ec93d252d8e13c387cab6ed60cffdd7,business.thesis.packet.support,public_evidence,True,pass,"The memo must explain Zscaler's business and market positioning, identify investment-relevant factors, ground thesis points in packet evidence, and keep the appendix factual.","input/task_brief.md, What you must do item 3; input/memo_template.md, sections II and V","Explain what the company does, how it is positioned in the market, and what matters most for an investment screening decision.
Ground each point in evidence from the diligence materials.
Summary only, no interpretation.",supported,"`input/task_brief.md`, item 3, states: ""Explain what the company does, how it is positioned in the market, and what matters most for an investment screening decision."" `input/memo_template.md`, section II, says: ""Ground each point in evidence from the diligence materials""; section V says: ""Summary only, no interpretation.""","The sampled `zscaler_10k_2025.txt` form-feed page 11 describes Zero Trust Cloud traffic inspection, workload identity verification, lateral-movement prevention, workload microsegmentation, Zero Trust Branch, and elimination of traditional firewalls/VPNs; these directly support the memo's Zero Trust architecture and product descriptions. Sampled `q3_2025_earnings_presentation.txt` form-feed page 5 supports the data-security modules, ZDX Copilot/Agentic Operations traction, SecOps modules, AI-security use cases, and expected Red Canary expansion. Additional reproducible packet matches include 10-K lines 235/327 for more than 160 public exchanges and over 500 billion daily transactions, lines 241-242 for customer penetration, and presentation lines 112/128/134/239 for Z-Flex TCV, growth-product ARR, 59% new-logo Branch buyers, and large-customer counts. Interpretive qualifications appear in the thesis, while section V is factual and labels leadership recognition as company-reported third-party designations.","Business model, products, positioning, enterprise adoption, and investment relevance are packet-grounded; management-reported advantages are qualified, and the appendix remains factual.","The sampled pages support the memo's overlapping descriptions and thesis evidence; the memo covers business model/product positioning and investment relevance without unsupported sampled claims, while the appendix remains factual.",
prep_v10_verifier_v10_full,business_finance__pe_screening_memo_1,verifier,0,pass,6ab968697beaf25ceecaf09d8c4e4dfa1ec93d252d8e13c387cab6ed60cffdd7,financial.profile.packet.support,public_evidence,True,pass,"The Financial Summary must accurately interpret disclosed scale, growth, margins, unit economics, and cash generation as applicable, distinguish disclosed information from missing information, and avoid unsupported valuation assumptions.","input/memo_template.md, section III; input/task_brief.md, What you must do item 4","A concise read of the financial profile visible in the materials: scale, growth, margin structure, unit economics, and cash generation as applicable. Flag what is disclosed vs. what is missing.
Avoid valuation math or assumptions that are not supported by the packet.",supported,"`input/memo_template.md`, section III, requires: ""A concise read of the financial profile visible in the materials: scale, growth, margin structure, unit economics, and cash generation as applicable. Flag what is disclosed vs. what is missing."" `input/task_brief.md`, item 4, requires interpretation ""without inventing numbers or unsupported claims."" The template further states: ""Avoid valuation math or assumptions that are not supported by the packet.""","Sampled `zscaler_10k_2025.txt` form-feed page 91 reports FY2025 revenue of $2,673 million and approximately 98% subscription/support, matching the memo's $2.673bn and 98%. The 10-K non-GAAP reconciliations at text lines 3307-3338 support GAAP operating loss $128.460m, non-GAAP operating income $580.131m, 22% non-GAAP operating margin, operating cash flow $972.453m, free cash flow $726.693m, and 27% FCF margin. Lines 3526-3534 support revenue, gross profit, operating expenses, and operating loss; lines 4294-4295 support $2.389bn cash and $1.183bn short-term investments. The sampled Q3 release page 1 separately reports Q3 revenue $678.0m, 23% growth, GAAP operating loss $25.4m, non-GAAP operating income $146.7m, and Q3 FCF $119.5m; the memo does not mislabel these interim figures as annual figures. GAAP and non-GAAP metrics are clearly separated. The memo expressly lists missing churn, CAC, product/geography margins, renewal data, FY2026 guidance, capitalization, transaction terms, and valuation inputs, and performs no unsupported valuation or returns calculation.","Sampled amounts, periods, bases, and metric labels agree with the packet; GAAP/non-GAAP are distinguished; material missing information is identified; no unsupported valuation math appears.","All overlapping sampled figures and interpretations match the packet in amount, period, and basis; disclosed and missing information are distinguished; no unsupported valuation math appears.",
prep_v10_verifier_v10_full,business_finance__pe_screening_memo_1,verifier,0,pass,6ab968697beaf25ceecaf09d8c4e4dfa1ec93d252d8e13c387cab6ed60cffdd7,risks.diligence.gaps,public_evidence,True,pass,"The memo must prioritize material risks, distinguish inherent business risks from information gaps, state diligence work that would resolve each, and explicitly address ambiguities and source conflicts.","input/task_brief.md, What you must do items 5-6; input/memo_template.md, section IV","Prioritize the major investment risks.
Explicitly call out diligence gaps, ambiguities, and source conflicts.
Distinguish between risks inherent to the business and gaps in the current information set.",supported,"`input/task_brief.md`, items 5-6, state: ""Prioritize the major investment risks"" and ""Explicitly call out diligence gaps, ambiguities, and source conflicts."" `input/memo_template.md`, section IV, requires distinguishing ""between risks inherent to the business and gaps in the current information set.""","Section IV presents nine numbered risks, labels each as `inherent`, `information gap`, `underwriting gap`, or a combination, and supplies a concrete `Diligence:` action for every numbered item. The sampled `zscaler_10k_2025.txt` form-feed page 42 states that no security solution can address every threat and that actual or perceived flaws/breaches can cause customer loss, delayed sales, remediation cost, reputational harm, legal claims, and regulatory investigations; this supports risk 5's cyber-failure and customer-trust assertions. The memo expressly discusses packet ambiguities and reconciliation: Q3 guidance versus later audited FY2025 actuals, pending versus subsequently completed Red Canary acquisition, inconsistent safe-harbor filing metadata, and the need to validate company-selected leadership and efficacy claims. It identifies the timing differences as updates rather than economic contradictions and states which source basis it uses.","Material risks are numbered and prioritized, inherent risks and information gaps are expressly labeled, every major risk has resolving diligence work, and ambiguities/source-conflict status is explicitly addressed.","Sampled risk assertions are faithful to the source, material risks are prioritized, each major risk or open question has a resolving diligence step, and gaps, ambiguities, and source-conflict status are expressly addressed.",
prep_v10_verifier_v10_full,business_finance__sec_10k_financial_parsing,prep_verifier,0,unverifiable,fe46d7541d184400cccce16ad7bdd05a4d19e42b9f49651320e2f8e72f176c0a,outputs.filing.completeness,deterministic,True,unverifiable,Produce exactly one normalized extraction JSON and one raw extraction text file for every filing listed in the manifest.,"Public task prompt, job steps 1-3; input/filings/manifest.json","1. Parse every filing in `input/filings/`.
2. Save one normalized extraction JSON per filing to `/media/user/data/agenthle/business_finance/sec_10k_financial_parsing/base/output/extractions`.
3. Save one raw extraction text file per filing to `/media/user/data/agenthle/business_finance/sec_10k_financial_parsing/base/output/raw_extractions`.",ambiguous,"Public task prompt, job steps 1-3: ""1. Parse every filing in `input/filings/`.""; ""2. Save one normalized extraction JSON per filing to `/media/user/data/agenthle/business_finance/sec_10k_financial_parsing/base/output/extractions`.""; ""3. Save one raw extraction text file per filing to `/media/user/data/agenthle/business_finance/sec_10k_financial_parsing/base/output/raw_extractions`."" These excerpts support one output of each kind per filing, but do not expressly prohibit unrelated extra stems, while the registered check and expected value impose a no-extras restriction.","Operational inspection against input/filings/manifest.json found 100 manifest records. snapshot-0/extractions contained 100 parseable, nonempty JSON files with 100 unique stems; snapshot-0/raw_extractions contained 100 nonempty TXT files with 100 unique stems. For both directories, missing stems=[], extra stems=[], and duplicate stems=0. The operational result satisfies the check, but source ambiguity prevents a pass.","100/100 extraction JSONs and 100/100 nonempty raw TXT files; no missing, duplicate, or extra stems.",Both directories have a one-to-one correspondence with all 100 manifest records.,
prep_v10_verifier_v10_full,business_finance__sec_10k_financial_parsing,prep_verifier,0,unverifiable,fe46d7541d184400cccce16ad7bdd05a4d19e42b9f49651320e2f8e72f176c0a,extractions.schema.normalization,deterministic,True,unverifiable,"Every primary and second-pass extraction must conform to the supplied schema and normalization types: monetary values are raw-USD integers or null, and EPS values are numbers or null rounded to two decimal places.",input/schema/extraction_schema.json lines 6-90; input/schema/normalization_rules.txt lines 3-8,"""required"": [""company_name"", ""ticker"", ""cik"", ""filing_date"", ""fiscal_year_end"", ""financials""]
""revenue"": { ""type"": [""integer"", ""null""]
EPS values in USD, rounded to exactly 2 decimal places",ambiguous,"input/schema/extraction_schema.json line 7 states: ""required"": [""company_name"", ""ticker"", ""cik"", ""filing_date"", ""fiscal_year_end"", ""financials""]. Line 47 states for revenue: ""type"": [""integer"", ""null""]. input/schema/normalization_rules.txt line 7 states: ""EPS values in USD, rounded to exactly 2 decimal places"". The registered check additionally requires validation of every monetary field, all nested required fields, date formats, and absence of additional properties. Those restrictions appear elsewhere in the cited schema, but they are not all entailed by the registered source_quote itself; therefore the quote is insufficient for the full check and expected fields.","Using jsonschema 4.26.0 Draft202012Validator with FormatChecker, all 105 files (100 primary plus 5 run2) produced 0 schema or format errors. A separate traversal found 0 non-null monetary values that were not JSON integers and 0 non-null EPS values for which round(value,2) differed from value. The operational result satisfies the registered check, but source ambiguity prevents a pass.",105 JSON files checked; schema/format errors=0; monetary-type violations=0; EPS-precision violations=0.,"All extraction files validate, contain all required fields, contain no disallowed properties, use integer raw-USD monetary values, and have EPS values at two-decimal precision.",
prep_v10_verifier_v10_full,business_finance__sec_10k_financial_parsing,prep_verifier,0,unverifiable,fe46d7541d184400cccce16ad7bdd05a4d19e42b9f49651320e2f8e72f176c0a,extractions.manifest.identity,deterministic,True,unverifiable,"Each extraction must identify the filing using the public manifest's company name, ticker, zero-padded CIK, and filing date.","input/filings/manifest.json record keys company_name, ticker, cik, filing_date, local_path; input/schema/extraction_schema.json lines 9-24","""description"": ""SEC Central Index Key, zero-padded to 10 digits""
""description"": ""Date the filing was submitted to SEC (YYYY-MM-DD)""",ambiguous,"input/schema/extraction_schema.json line 19 states: ""description"": ""SEC Central Index Key, zero-padded to 10 digits""; lines 21-24 state: ""filing_date"" and ""description"": ""Date the filing was submitted to SEC (YYYY-MM-DD)"". The registered requirement and check additionally demand exact equality of company_name, ticker, CIK, and filing_date to each manifest record. Exact manifest equality for company_name and ticker is not stated by the source_quote, so the operational rule is stronger than the quote.","Matched all 100 primary extraction stems to manifest.json local_path stems and compared company_name, ticker, cik, and filing_date. Mismatches=0. All 100 CIK values matched the regular expression ^[0-9]{10}$. The operational result satisfies the check, but source ambiguity prevents a pass.",100 manifest/extraction pairs compared; identity mismatches=0; malformed ten-digit CIKs=0.,"Every primary extraction's four identity fields exactly equal its corresponding manifest values, and every CIK retains all ten digits including leading zeros.",
prep_v10_verifier_v10_full,business_finance__sec_10k_financial_parsing,prep_verifier,0,unverifiable,fe46d7541d184400cccce16ad7bdd05a4d19e42b9f49651320e2f8e72f176c0a,extractions.sampled.financial.evidence,public_evidence,True,unverifiable,"Extracted financial values must match the corresponding filing's most recent fiscal-year figures after applying the published sign, scale, null, and EPS normalization rules.","Public task prompt, job step 1; input/filings/PFE_10K_2019.pdf; input/filings/MSFT_10K_2017.pdf; input/filings/JPM_10K_2023.pdf; input/filings/JNJ_10K_2018.pdf; input/filings/UNH_10K_2023.pdf; input/schema/normalization_rules.txt lines 3-11","1. Parse every filing in `input/filings/`.
All monetary values must be in raw USD, not millions or billions.
Use the most recent fiscal year's data if the filing contains comparative multi-year tables",ambiguous,"Public task prompt job step 1 states: ""1. Parse every filing in `input/filings/`."" input/schema/normalization_rules.txt line 3 states: ""All monetary values must be in raw USD, not millions or billions."" Lines 10-11 state: ""Use the most recent fiscal year's data if the filing contains comparative multi-year tables"". The registered requirement/check also impose parenthetical-sign handling, null rules, EPS rounding, and a particular correspondence between each schema field and an audited statement line; those restrictions are not all present in the source_quote. For UNH specifically, the quoted rules do not resolve whether stockholders_equity means total consolidated equity including noncontrolling interests or equity attributable to UnitedHealth Group shareholders.","Independent pdftotext -layout inspection produced these filing/table observations: MSFT_10K_2017, Consolidated Statements of Income around extracted-text lines 3068-3095, reports 2017 diluted EPS $2.71; artifact=2.71. JPM_10K_2023, Selected Consolidated Balance Sheets Data around lines 4678-4691, header '(in millions)', reports 2023 Total liabilities 3,547,515; normalized=3,547,515,000,000; artifact=3,547,515,000,000. JNJ_10K_2018, balance sheet around lines 2370-2407, reports 2018 Total shareholders' equity 59,752 with values in millions; normalized=59,752,000,000; artifact=59,752,000,000. UNH_10K_2023, audited Consolidated Balance Sheets around lines 2495-2536, header '(in millions)', reports Total equity 94,421, including nonredeemable noncontrolling interests 5,665; the shareholder-attributable components equal 88,756, while the artifact uses 94,421,000,000. The parent-company-only table around lines 4750-4785 explicitly reports Total UnitedHealth Group shareholders' equity 88,756. PFE_10K_2019 states around lines 3228-3237 that its Consolidated Statements of Income are incorporated by reference; no explicit operating-income line was located in the local filing text, and artifact value is null. Because the source quote does not resolve the UNH field mapping or fully support all registered normalization operations, no pass/fail is assigned.","Artifact sample values: PFE operating_income=null; MSFT eps_diluted=2.71; JPM total_liabilities=3547515000000; JNJ stockholders_equity=59752000000; UNH stockholders_equity=94421000000. Four observations are consistent with located lines or absence of an explicit PFE operating-income line; UNH is 94,421 million total equity versus 88,756 million equity attributable to UnitedHealth Group shareholders.",Each of the five sampled extraction fields equals the independently read and normalized filing value.,
prep_v10_verifier_v10_full,business_finance__sec_10k_financial_parsing,prep_verifier,0,unverifiable,fe46d7541d184400cccce16ad7bdd05a4d19e42b9f49651320e2f8e72f176c0a,validation.second.pass,deterministic,True,unverifiable,Rerun extraction deterministically for every visible validation filing and save the second-pass JSONs in run2_extractions.,"Public task prompt, job step 5 and Important requirements; input/validation/","Re-run the extraction workflow on the fixed validation subset in `input/validation/` and save those second-pass extraction JSONs to `/media/user/data/agenthle/business_finance/sec_10k_financial_parsing/base/output/run2_extractions`.
The validation rerun should reflect a second deterministic pass over the same visible validation filings.",ambiguous,"Public task prompt job step 5 states: ""Re-run the extraction workflow on the fixed validation subset in `input/validation/` and save those second-pass extraction JSONs to `/media/user/data/agenthle/business_finance/sec_10k_financial_parsing/base/output/run2_extractions`."" The Important requirements state: ""The validation rerun should reflect a second deterministic pass over the same visible validation filings."" This supports second-pass outputs for the visible validation files and deterministic equality, but it does not expressly prohibit unrelated extra files in run2_extractions; the registered check adds that restriction.","input/validation contained AAPL_10K_2024, JPM_10K_2024, MSFT_10K_2024, WMT_10K_2024, and XOM_10K_2024. snapshot-0/run2_extractions contained exactly those five JSON stems, with missing=[], extra=[]. Parsed deep comparison to the corresponding primary extraction found deep_diffs=[]. Each pair also had the same SHA-256 hash. The operational result satisfies the check, but source ambiguity prevents a pass.",5 expected and 5 observed second-pass JSONs; no missing or extra stems; 5/5 deeply equal to primary extractions.,"Exactly five second-pass JSONs exist, and each is structurally and value-wise identical to its corresponding primary extraction.",
prep_v10_verifier_v10_full,business_finance__sec_10k_financial_parsing,prep_verifier,0,unverifiable,fe46d7541d184400cccce16ad7bdd05a4d19e42b9f49651320e2f8e72f176c0a,qa.answers.structure,deterministic,True,unverifiable,"qa_answers.json must provide identifiable answers for Q1, Q2, and Q3 using each question's declared answer fields and value types.","Public task prompt, job step 4; input/questions.json lines 2-16","""answer_format"": {""ticker"": ""string"", ""pct_increase"": ""float (1 decimal)""}
""answer_format"": {""ticker"": ""string"", ""fiscal_year"": ""integer"", ""operating_margin_pct"": ""float (2 decimals)""}
""answer_format"": {""ranking"": [""string""]}",ambiguous,"input/questions.json line 5 states: ""answer_format"": {""ticker"": ""string"", ""pct_increase"": ""float (1 decimal)""}; line 10 states: ""answer_format"": {""ticker"": ""string"", ""fiscal_year"": ""integer"", ""operating_margin_pct"": ""float (2 decimals)""}; line 15 states: ""answer_format"": {""ranking"": [""string""]}. These excerpts support the named answer fields and types, but the registered check additionally requires exactly one answer for each ID and exactly ten Q3 ticker strings. Those cardinality constraints are not contained in the source_quote.","snapshot-0/qa_answers.json parsed as a list of three entries carrying IDs Q1, Q2, and Q3 exactly once. Q1 answer={ticker:'MSFT', pct_increase:161.9}; Q2 answer={ticker:'WMT', fiscal_year:2023, operating_margin_pct:3.34}; Q3 answer ranking contains ten ticker strings. All declared JSON value types were satisfied. Source ambiguity prevents a pass.","Parseable list with exactly one Q1, Q2, and Q3 entry; all declared fields/types valid; Q3 ranking length=10.","qa_answers.json is parseable and contains exactly one correctly shaped answer for each of Q1, Q2, and Q3.",
prep_v10_verifier_v10_full,business_finance__sec_10k_financial_parsing,prep_verifier,0,unverifiable,fe46d7541d184400cccce16ad7bdd05a4d19e42b9f49651320e2f8e72f176c0a,qa.answers.recomputed,deterministic,True,unverifiable,"The analytical answers must be computed from the completed normalized extractions according to the formulas, scopes, ordering, and rounding stated in questions.json.",input/questions.json lines 3-15,"largest percentage increase in revenue from its earliest available fiscal year to its latest
lowest operating margin (operating_income / revenue)
For fiscal year 2023 only, rank all 10 companies by stockholders_equity from highest to lowest.",ambiguous,"input/questions.json line 4 includes: ""largest percentage increase in revenue from its earliest available fiscal year to its latest""; line 9 includes: ""lowest operating margin (operating_income / revenue)""; line 14 states: ""For fiscal year 2023 only, rank all 10 companies by stockholders_equity from highest to lowest."" The registered check additionally fixes the percentage multiplication, all-company/all-year scope for Q2, null filtering, and one- and two-decimal rounding. Some of these details occur in the full questions, but they are omitted from the registered source_quote, so the quote does not entail the entire check.","Recomputed from all 100 submitted primary extractions joined to manifest fiscal years. Q1 maximum was MSFT: earliest revenue 93,580,000,000 (2015), latest 245,122,000,000 (2024), increase 161.938448...%, rounded 161.9; submitted answer matched. Q2 minimum was WMT 2023: 100*20,428,000,000/611,289,000,000=3.341790871...%, rounded 3.34; submitted answer matched. Q3 2023 equity values descending were JPM 327,878,000,000; BAC 291,646,000,000; MSFT 206,223,000,000; XOM 204,802,000,000; CVX 160,957,000,000; UNH 94,421,000,000; PFE 89,014,000,000; WMT 76,693,000,000; JNJ 68,774,000,000; AAPL 62,146,000,000, yielding [JPM,BAC,MSFT,XOM,CVX,UNH,PFE,WMT,JNJ,AAPL], which matched the submitted ranking. Source ambiguity prevents a pass.",All three submitted QA payloads exactly matched recomputation from the submitted extractions.,"Q1 ticker and one-decimal percentage, Q2 ticker/fiscal year/two-decimal percentage, and the complete ordered Q3 ranking exactly match recomputation from the submitted extractions.",
prep_v10_verifier_v10_full,business_finance__sec_10k_financial_parsing,verifier,0,unverifiable,d5b9b67da593aabbbde2b8651da47a6f403e07b8e5d8872cb489d2eba3910f30,outputs.filing.completeness,deterministic,True,pass,Produce exactly one normalized extraction JSON and one raw extraction text file for every filing listed in the manifest.,"Public task prompt, job steps 1-3; input/filings/manifest.json","1. Parse every filing in `input/filings/`.
2. Save one normalized extraction JSON per filing to `/media/user/data/agenthle/business_finance/sec_10k_financial_parsing/base/output/extractions`.
3. Save one raw extraction text file per filing to `/media/user/data/agenthle/business_finance/sec_10k_financial_parsing/base/output/raw_extractions`.",supported,"Public task prompt, job steps 1-3: “1. Parse every filing in `input/filings/`.”; “2. Save one normalized extraction JSON per filing to .../output/extractions.”; “3. Save one raw extraction text file per filing to .../output/raw_extractions.” The public manifest contains 100 records.",Loaded input/filings/manifest.json (100 records) and compared stems with the snapshot. Reproducible check reported: `COMP extractions count 100 missing [] extra []`; `COMP raw_extractions count 100 missing [] extra []`; `empty [] minsize 187641`. All extraction JSON files parsed during subsequent schema validation.,100 parseable extraction JSONs and 100 nonempty raw-extraction TXT files; no missing or extra manifest stems.,Both directories have a one-to-one correspondence with all 100 manifest records.,
prep_v10_verifier_v10_full,business_finance__sec_10k_financial_parsing,verifier,0,unverifiable,d5b9b67da593aabbbde2b8651da47a6f403e07b8e5d8872cb489d2eba3910f30,extractions.schema.normalization,deterministic,True,unverifiable,"Every primary and second-pass extraction must conform to the supplied schema and normalization types: monetary values are raw-USD integers or null, and EPS values are numbers or null rounded to two decimal places.",input/schema/extraction_schema.json lines 6-90; input/schema/normalization_rules.txt lines 3-8,"""required"": [""company_name"", ""ticker"", ""cik"", ""filing_date"", ""fiscal_year_end"", ""financials""]
""revenue"": { ""type"": [""integer"", ""null""]
EPS values in USD, rounded to exactly 2 decimal places",ambiguous,"The registered excerpts exist at input/schema/extraction_schema.json line 7 (`""required"": [""company_name"", ""ticker"", ""cik"", ""filing_date"", ""fiscal_year_end"", ""financials""]`), line 47 (`""type"": [""integer"", ""null""]` for revenue), and input/schema/normalization_rules.txt line 7 (`EPS values in USD, rounded to exactly 2 decimal places`). However, these excerpts do not themselves state that every monetary field has the integer/null restriction, that second-pass files are included, that date-format checking is required, or that additional properties must be rejected. Those restrictions appear elsewhere in the cited materials but are absent from the registered source_quote, so the operational check is stronger than the quote.","Operationally, Draft 2020-12 validation with FormatChecker was run over 100 primary and 5 run2 JSONs. Output: `SCHEMA files 105 schema_errors 0 type_errors 0`; explicit monetary-integer and EPS round(value,2) checks also found no errors. Source ambiguity prevents converting this result to pass.",All 105 JSON files passed the specified operational schema/type/precision checks.,"All extraction files validate, contain all required fields, contain no disallowed properties, use integer raw-USD monetary values, and have EPS values at two-decimal precision.",
prep_v10_verifier_v10_full,business_finance__sec_10k_financial_parsing,verifier,0,unverifiable,d5b9b67da593aabbbde2b8651da47a6f403e07b8e5d8872cb489d2eba3910f30,extractions.manifest.identity,deterministic,True,unverifiable,"Each extraction must identify the filing using the public manifest's company name, ticker, zero-padded CIK, and filing date.","input/filings/manifest.json record keys company_name, ticker, cik, filing_date, local_path; input/schema/extraction_schema.json lines 9-24","""description"": ""SEC Central Index Key, zero-padded to 10 digits""
""description"": ""Date the filing was submitted to SEC (YYYY-MM-DD)""",ambiguous,"The registered excerpts exist at input/schema/extraction_schema.json lines 19 and 24: `SEC Central Index Key, zero-padded to 10 digits` and `Date the filing was submitted to SEC (YYYY-MM-DD)`. The source_quote does not state that company_name, ticker, CIK, and filing_date must each exactly equal the corresponding manifest values. Listing manifest record keys in the source locator does not make that exact-comparison requirement part of the quote.","Operational comparison of all 100 primary extractions against manifest fields company_name, ticker, cik, and filing_date, plus regex `\d{10}` for CIK, reported `IDENT mismatches 0 []`. Source ambiguity prevents a pass.",No identity-value or ten-digit CIK mismatches among 100 primary extractions.,"Every primary extraction's four identity fields exactly equal its corresponding manifest values, and every CIK retains all ten digits including leading zeros.",
prep_v10_verifier_v10_full,business_finance__sec_10k_financial_parsing,verifier,0,unverifiable,d5b9b67da593aabbbde2b8651da47a6f403e07b8e5d8872cb489d2eba3910f30,extractions.sampled.financial.evidence,public_evidence,True,unverifiable,"Extracted financial values must match the corresponding filing's most recent fiscal-year figures after applying the published sign, scale, null, and EPS normalization rules.","Public task prompt, job step 1; input/filings/PFE_10K_2019.pdf; input/filings/MSFT_10K_2017.pdf; input/filings/JPM_10K_2023.pdf; input/filings/JNJ_10K_2018.pdf; input/filings/UNH_10K_2023.pdf; input/schema/normalization_rules.txt lines 3-11","1. Parse every filing in `input/filings/`.
All monetary values must be in raw USD, not millions or billions.
Use the most recent fiscal year's data if the filing contains comparative multi-year tables",ambiguous,"The registered excerpts exist in the public task and input/schema/normalization_rules.txt lines 3 and 10-11: `1. Parse every filing in input/filings/.`, `All monetary values must be in raw USD, not millions or billions.`, and `Use the most recent fiscal year's data if the filing contains comparative multi-year tables`. They do not include the registered check's parenthetical-sign rule, null rule, or EPS rounding rule. Thus the check is stronger than its source_quote.","Independent `pdftotext -layout` inspection found: MSFT 2017 EPS table, “Diluted (A/C) $ 2.71” (text lines 3897-3911), matching 2.71; JPM selected consolidated balance-sheet table, 2023 Total liabilities 3,547,515 with `(in millions)` (text line 4689), matching 3,547,515,000,000; JNJ balance sheet, Total shareholders’ equity 59,752 with statement values in millions (text line 2406), matching 59,752,000,000; UNH consolidated balance sheet, Total UnitedHealth Group shareholders’ equity 88,756, with statement values in millions (text line 4784), matching 88,756,000,000. The PFE PDF states at its Item 15 section that the Consolidated Statements of Income are incorporated by reference; no operating-income subtotal was found in the supplied PDF, and the extraction is null. Source ambiguity prevents pass/fail adjudication under the registered criterion.",PFE_10K_2019 operating_income=null; MSFT_10K_2017 eps_diluted=2.71; JPM_10K_2023 total_liabilities=3547515000000; JNJ_10K_2018 stockholders_equity=59752000000; UNH_10K_2023 stockholders_equity=88756000000.,Each of the five sampled extraction fields equals the independently read and normalized filing value.,
prep_v10_verifier_v10_full,business_finance__sec_10k_financial_parsing,verifier,0,unverifiable,d5b9b67da593aabbbde2b8651da47a6f403e07b8e5d8872cb489d2eba3910f30,validation.second.pass,deterministic,True,pass,Rerun extraction deterministically for every visible validation filing and save the second-pass JSONs in run2_extractions.,"Public task prompt, job step 5 and Important requirements; input/validation/","Re-run the extraction workflow on the fixed validation subset in `input/validation/` and save those second-pass extraction JSONs to `/media/user/data/agenthle/business_finance/sec_10k_financial_parsing/base/output/run2_extractions`.
The validation rerun should reflect a second deterministic pass over the same visible validation filings.",supported,"Public task prompt, job step 5: “Re-run the extraction workflow on the fixed validation subset in `input/validation/` and save those second-pass extraction JSONs to .../output/run2_extractions.” Important requirement: “The validation rerun should reflect a second deterministic pass over the same visible validation filings.” These excerpts directly support coverage of the visible subset and deterministic equality.","Derived validation stems from the five public PDFs and parsed corresponding primary/run2 JSONs. Check output: expected and observed stems were exactly `['AAPL_10K_2024', 'JPM_10K_2024', 'MSFT_10K_2024', 'WMT_10K_2024', 'XOM_10K_2024']`; `missing [] extra [] deepdiff []`.","Exactly five run2 JSONs, with no missing/extra stems and deep equality to all five primary JSONs.","Exactly five second-pass JSONs exist, and each is structurally and value-wise identical to its corresponding primary extraction.",
prep_v10_verifier_v10_full,business_finance__sec_10k_financial_parsing,verifier,0,unverifiable,d5b9b67da593aabbbde2b8651da47a6f403e07b8e5d8872cb489d2eba3910f30,qa.answers.structure,deterministic,True,unverifiable,"qa_answers.json must provide identifiable answers for Q1, Q2, and Q3 using each question's declared answer fields and value types.","Public task prompt, job step 4; input/questions.json lines 2-16","""answer_format"": {""ticker"": ""string"", ""pct_increase"": ""float (1 decimal)""}
""answer_format"": {""ticker"": ""string"", ""fiscal_year"": ""integer"", ""operating_margin_pct"": ""float (2 decimals)""}
""answer_format"": {""ranking"": [""string""]}",ambiguous,"The registered answer-format excerpts exist at input/questions.json lines 5, 10, and 15: `{""ticker"": ""string"", ""pct_increase"": ""float (1 decimal)""}`, `{""ticker"": ""string"", ""fiscal_year"": ""integer"", ""operating_margin_pct"": ""float (2 decimals)""}`, and `{""ranking"": [""string""]}`. The excerpts do not themselves require exactly one answer for each ID, nor do they state that Q3 must contain exactly ten strings; therefore the registered check adds restrictions absent from the source_quote.","qa_answers.json parsed as a three-entry list with one entry each for Q1, Q2, and Q3. Payloads have the declared fields and JSON types; Q3 has ten ticker strings. Operational structure is conforming, but source ambiguity prevents a pass.","Q1={ticker:string,pct_increase:number}; Q2={ticker:string,fiscal_year:integer,operating_margin_pct:number}; Q3={ranking:10 strings}; exactly one list entry per ID.","qa_answers.json is parseable and contains exactly one correctly shaped answer for each of Q1, Q2, and Q3.",
prep_v10_verifier_v10_full,business_finance__sec_10k_financial_parsing,verifier,0,unverifiable,d5b9b67da593aabbbde2b8651da47a6f403e07b8e5d8872cb489d2eba3910f30,qa.answers.recomputed,deterministic,True,unverifiable,"The analytical answers must be computed from the completed normalized extractions according to the formulas, scopes, ordering, and rounding stated in questions.json.",input/questions.json lines 3-15,"largest percentage increase in revenue from its earliest available fiscal year to its latest
lowest operating margin (operating_income / revenue)
For fiscal year 2023 only, rank all 10 companies by stockholders_equity from highest to lowest.",ambiguous,"The registered excerpts exist in input/questions.json lines 4, 9, and 14: `largest percentage increase in revenue from its earliest available fiscal year to its latest`, `lowest operating margin (operating_income / revenue)`, and `For fiscal year 2023 only, rank all 10 companies by stockholders_equity from highest to lowest.` However, the source_quote omits the questions’ rounding instructions and part of Q2's full scope, while the registered check requires exact one-/two-decimal rounding and detailed null/scope handling. The operational check is therefore stronger than the quote.","Recomputed from the 100 submitted primary extractions. Q1 maximum was PFE: earliest non-null revenue 2016 to latest 2024, 165.52579365079364%, rounded 165.5; submitted Q1 is MSFT, 161.9. Q2 recomputed WMT 2023 at 3.3417908714208826%, rounded 3.34, matching submission. Q3 recomputed descending values: JPM 327878000000, BAC 283353000000, MSFT 206223000000, XOM 204802000000, CVX 160957000000, PFE 89014000000, UNH 88756000000, WMT 76693000000, JNJ 68774000000, AAPL 62146000000, matching the submitted ranking. Although Q1 differs under the registered computation, source ambiguity forbids recording a failure.","Submitted: Q1 MSFT/161.9, Q2 WMT/2023/3.34, Q3 [JPM,BAC,MSFT,XOM,CVX,PFE,UNH,WMT,JNJ,AAPL]. Recomputed: Q1 PFE/165.5; Q2 and Q3 match.","Q1 ticker and one-decimal percentage, Q2 ticker/fiscal year/two-decimal percentage, and the complete ordered Q3 ranking exactly match recomputation from the submitted extractions.",
prep_v10_verifier_v10_full,business_finance__sse_northbound_programmatic_trading_01,prep_verifier,0,unverifiable,064e5fe161e054590dec9db2b05420a905a132a763f5c9ed5fe31f9d9d80f48c,artifact.file.and.json,deterministic,True,pass,The deliverable is exactly one valid JSON file named research_answers.json in output/.,input/task_brief.md lines 16-18,Write exactly one JSON file to `output/research_answers.json`.,supported,"input/task_brief.md line 18 states: ""Write exactly one JSON file to `output/research_answers.json`.""","In the immutable artifact snapshot, `find . -maxdepth 3 -printf '%y %P\n'` listed only the snapshot root and `f research_answers.json`. `stat` identified `research_answers.json` as a regular file of 2773 bytes, and Python `json.load` parsed it successfully as a dictionary. The rejected-symlink receipt was empty.","Exactly one regular artifact file, `research_answers.json`, containing valid JSON.","Exactly one output file exists, it is named research_answers.json, and it is valid JSON.",
prep_v10_verifier_v10_full,business_finance__sse_northbound_programmatic_trading_01,prep_verifier,0,unverifiable,064e5fe161e054590dec9db2b05420a905a132a763f5c9ed5fe31f9d9d80f48c,artifact.schema,deterministic,True,unverifiable,"The JSON must contain exactly the three required question keys, each with the four required fields, and every conclusion must be Yes, No, or Unknown.","input/output_contract.json keys required_top_level_keys, required_fields_per_question, allowed_conclusions","""required_top_level_keys"": [""q1_multi_broker_reporting"", ""q2_hft_cost_calculation"", ""q3_software_naming""]
""required_fields_per_question"": [""conclusion"", ""citation_document"", ""evidence_snippet"", ""answer_text""]
""allowed_conclusions"": [""Yes"", ""No"", ""Unknown""]",ambiguous,"input/output_contract.json contains `required_top_level_keys` = [""q1_multi_broker_reporting"", ""q2_hft_cost_calculation"", ""q3_software_naming""], `required_fields_per_question` = [""conclusion"", ""citation_document"", ""evidence_snippet"", ""answer_text""], and `allowed_conclusions` = [""Yes"", ""No"", ""Unknown""]. The quoted contract calls these keys and fields required but does not expressly prohibit additional keys or fields, while the registered requirement/check demand exact equality and no extras.","Operationally, the parsed artifact has exactly the three listed top-level keys; every object has exactly the four listed fields; conclusions are `No`, `Unknown`, and `No`, all within the allowed set. However, the source does not directly support the check's additional exact-no-extras restriction.","Three listed question keys, four listed fields per question, and all conclusions in the allowed set; no extras observed.","There are exactly three required top-level keys; each maps to an object with exactly conclusion, citation_document, evidence_snippet, and answer_text; every conclusion is Yes, No, or Unknown.",
prep_v10_verifier_v10_full,business_finance__sse_northbound_programmatic_trading_01,prep_verifier,0,unverifiable,064e5fe161e054590dec9db2b05420a905a132a763f5c9ed5fe31f9d9d80f48c,artifact.field.form,deterministic,True,unverifiable,"Each citation_document and evidence_snippet must be Simplified Chinese, and each answer_text must be a short English explanation.",input/task_brief.md lines 20-25,"`citation_document`: exact Simplified Chinese document name
`evidence_snippet`: exact Simplified Chinese excerpt copied from the staged materials
`answer_text`: short English explanation",ambiguous,"input/task_brief.md lines 23-25 state: ""`citation_document`: exact Simplified Chinese document name"", ""`evidence_snippet`: exact Simplified Chinese excerpt copied from the staged materials"", and ""`answer_text`: short English explanation"". The source gives no numerical sentence limit, whereas the registered check adds a maximum of three sentences.","Operational inspection found all required values to be nonempty strings; every citation_document and evidence_snippet contains Chinese characters; every answer_text contains English alphabetic text. Sentence-terminator counts were q1=3, q2=2, q3=2. The arbitrary three-sentence threshold is not directly specified by the source quote.","All fields are nonempty and use the requested language/form; answer texts have 3, 2, and 2 sentences respectively.",Every required text field is nonempty and uses the stipulated language/form; each answer_text is a concise English explanation.,
prep_v10_verifier_v10_full,business_finance__sse_northbound_programmatic_trading_01,prep_verifier,0,unverifiable,064e5fe161e054590dec9db2b05420a905a132a763f5c9ed5fe31f9d9d80f48c,citations.staged.provenance,deterministic,True,pass,"Each citation_document must be an exact Simplified Chinese staged document name, and each evidence_snippet must occur verbatim in that cited staged source.","input/task_brief.md lines 3, 23-24; input/document_manifest.json citation_aliases and staged_extract_path","Use only the staged Shanghai Stock Exchange documents.
`citation_document`: exact Simplified Chinese document name
`evidence_snippet`: exact Simplified Chinese excerpt copied from the staged materials",supported,"input/task_brief.md line 3 states: ""Use only the staged Shanghai Stock Exchange documents."" Lines 23-24 state: ""`citation_document`: exact Simplified Chinese document name"" and ""`evidence_snippet`: exact Simplified Chinese excerpt copied from the staged materials"". input/document_manifest.json supplies the citation aliases and corresponding staged extract paths.","Exact manifest resolution and contiguous-text searches succeeded for all three answers: q1 alias resolved to doc_02 / `extracted_text/1-2_填报说明.txt`, snippet offset 921 at line 16; q2 resolved to doc_08 / `extracted_text/程序化交易管理实施细则.txt`, offset 6403 at line 115; q3 resolved to doc_03 / `extracted_text/1-3_填报注意事项.txt`, offset 1294 at line 37.","All 3 citation names exactly match manifest aliases, and all 3 evidence snippets occur verbatim and contiguously in the resolved staged extracts.","All three document names resolve exactly to manifest aliases, and every evidence snippet is a verbatim contiguous excerpt of its cited staged document.",
prep_v10_verifier_v10_full,business_finance__sse_northbound_programmatic_trading_01,prep_verifier,0,unverifiable,064e5fe161e054590dec9db2b05420a905a132a763f5c9ed5fe31f9d9d80f48c,q1.centralized.funds,public_evidence,True,unverifiable,The first answer must conclude No: same-LEI institutional accounts may select one exchange participant to report the leverage-scale and other funds fields centrally rather than report those fields separately through every broker.,input/extracted_text/1-2_填报说明.txt line 29,该字段填写相同证件号码的机构账户，可以适用填报说明第二条第二款规定，选取一家联交所参与者集中填报资金信息。,ambiguous,"input/extracted_text/1-2_填报说明.txt line 29 contains the quoted text: ""该字段填写相同证件号码的机构账户，可以适用填报说明第二条第二款规定，选取一家联交所参与者集中填报资金信息。"" The same line's preceding sentence says institutions use an LEI as the certificate number. However, the registered source_quote itself does not identify leverage scale as one of the centrally reportable funds fields; that detail appears in a separate provision at line 16. Thus the quote alone does not entail every detail of the requirement/check.","The artifact operationally gives conclusion `No`, cites doc_02, and quotes an exact line-16 provision that expressly includes `杠杆资金规模` among fields reportable through one selected participant for same-certificate-number accounts. Its English explanation accurately describes centralized reporting and identifies LEI as the institutional identifier. Because the registered source_quote omits the leverage-field detail, the criterion cannot receive a pass under the source-support rule.",q1 conclusion is `No`; its exact staged snippet supports centralized leverage-scale reporting through one selected participant.,"q1_multi_broker_reporting has conclusion No, cites the matching staged Chinese document, quotes exact supporting Chinese text, and briefly explains the centralized-reporting option without claiming that leverage scale must be separately completed through every broker.",
prep_v10_verifier_v10_full,business_finance__sse_northbound_programmatic_trading_01,prep_verifier,0,unverifiable,064e5fe161e054590dec9db2b05420a905a132a763f5c9ed5fe31f9d9d80f48c,q2.fees.not.specified,public_evidence,True,pass,"The second answer must conclude Unknown because the staged rule allows flow and cancellation fees but says the concrete charging standards are to be separately prescribed, so it supplies no specific numerical amounts.",input/extracted_text/程序化交易管理实施细则.txt line 115,本所可以对高频交易实施差异化收费，根据申报、撤单的笔数和频率等指标设置收费标准，加收流量费和撤单费等费用。具体收费标准由本所另行规定。,supported,"input/extracted_text/程序化交易管理实施细则.txt line 115 states: ""本所可以对高频交易实施差异化收费，根据申报、撤单的笔数和频率等指标设置收费标准，加收流量费和撤单费等费用。具体收费标准由本所另行规定。"" This directly says the concrete charging standards are to be separately prescribed.","q2 has conclusion `Unknown`, cites the exact manifest alias `上海证券交易所程序化交易管理实施细则`, and its evidence snippet occurs verbatim at line 115, including the article heading. The answer says no numerical amounts are provided and invents none.",Conclusion `Unknown`; exact line-115 provision quoted; explanation states that numerical flow-fee and cancellation-fee amounts cannot be calculated from the staged materials.,"q2_hft_cost_calculation has conclusion Unknown, cites the matching staged Chinese document, quotes the exact provision deferring concrete standards, and explains that the supplied rule does not provide numerical flow-fee or cancellation-fee amounts.",
prep_v10_verifier_v10_full,business_finance__sse_northbound_programmatic_trading_01,prep_verifier,0,unverifiable,064e5fe161e054590dec9db2b05420a905a132a763f5c9ed5fe31f9d9d80f48c,q3.english.software.name,public_evidence,True,unverifiable,The third answer must conclude Yes because software-name fields that lack a uniform Chinese expression may be completed in English.,input/extracted_text/1-3_填报注意事项.txt line 37,对于个别难以确定统一中文表述的字段，例如联交所参与者名称、账户名称、程序化交易软件名称等，可以填写英文。,ambiguous,"input/extracted_text/1-3_填报注意事项.txt line 37 contains: ""对于个别难以确定统一中文表述的字段，例如联交所参与者名称、账户名称、程序化交易软件名称等，可以填写英文。"" This expressly permits English, but the public inquiry asks about an unspecified original foreign-language name for a French firm. The quote does not establish that an arbitrary original foreign language, such as French, may be used, while the registered requirement mandates `Yes` for that broader wording.","The artifact cites the correct doc_03 alias and quotes line 37 verbatim. It concludes `No` and explains that English is permitted when a uniform Chinese rendering is difficult, but that the provision does not authorize an arbitrary French-only name. The registered `Yes` expectation cannot be enforced because its broader treatment of any original foreign language is not entailed by the quoted source.",q3 conclusion is `No`; exact evidence permits English but does not expressly permit every original foreign language.,"q3_software_naming has conclusion Yes, cites the matching staged Chinese document, quotes exact supporting Chinese text, and briefly explains that the original English/foreign-language software name may be used in the stated no-Chinese-name scenario.",
prep_v10_verifier_v10_full,business_finance__sse_northbound_programmatic_trading_01,verifier,0,unverifiable,f2106768b82c879255a6dd1926efb44854508a021176e47746440de04ee12405,artifact.file.and.json,deterministic,True,pass,The deliverable is exactly one valid JSON file named research_answers.json in output/.,input/task_brief.md lines 16-18,Write exactly one JSON file to `output/research_answers.json`.,supported,"input/task_brief.md line 18 states exactly: ""Write exactly one JSON file to `output/research_answers.json`.""","`find /tmp/ale-verifier-0637c76d1fc6/snapshot-0 -mindepth 1 -maxdepth 1` found one entry, `research_answers.json`; `stat` reported `type=regular file`; `python3 -m json.tool` parsed it successfully.",One regular output file named research_answers.json; valid JSON; rejected-symlink receipt is empty.,"Exactly one output file exists, it is named research_answers.json, and it is valid JSON.",
prep_v10_verifier_v10_full,business_finance__sse_northbound_programmatic_trading_01,verifier,0,unverifiable,f2106768b82c879255a6dd1926efb44854508a021176e47746440de04ee12405,artifact.schema,deterministic,True,unverifiable,"The JSON must contain exactly the three required question keys, each with the four required fields, and every conclusion must be Yes, No, or Unknown.","input/output_contract.json keys required_top_level_keys, required_fields_per_question, allowed_conclusions","""required_top_level_keys"": [""q1_multi_broker_reporting"", ""q2_hft_cost_calculation"", ""q3_software_naming""]
""required_fields_per_question"": [""conclusion"", ""citation_document"", ""evidence_snippet"", ""answer_text""]
""allowed_conclusions"": [""Yes"", ""No"", ""Unknown""]",ambiguous,"input/output_contract.json lines 3-17 contains `required_top_level_keys`, `required_fields_per_question`, and `allowed_conclusions` with the quoted arrays. However, neither those key names nor the quoted values expressly prohibit additional top-level keys or additional per-question fields, while the registered requirement/check demand exact key equality.","Operational inspection found exactly the three listed top-level keys; each object had exactly the four listed fields; conclusions were `No`, `Unknown`, and `No`, all within the allowed set. The exact-exclusivity rule cannot be verified as a supported public requirement because it is stronger than the source quote.","Three expected keys, four expected fields per object, and all conclusions allowed; no extra keys or fields observed.","Exactly three required top-level keys and exactly four fields per question, with conclusions in Yes/No/Unknown.",
prep_v10_verifier_v10_full,business_finance__sse_northbound_programmatic_trading_01,verifier,0,unverifiable,f2106768b82c879255a6dd1926efb44854508a021176e47746440de04ee12405,artifact.field.form,deterministic,True,unverifiable,"Each citation_document and evidence_snippet must be Simplified Chinese, and each answer_text must be a short English explanation.",input/task_brief.md lines 20-25,"`citation_document`: exact Simplified Chinese document name
`evidence_snippet`: exact Simplified Chinese excerpt copied from the staged materials
`answer_text`: short English explanation",ambiguous,"input/task_brief.md lines 23-25 states: ""`citation_document`: exact Simplified Chinese document name"", ""`evidence_snippet`: exact Simplified Chinese excerpt copied from the staged materials"", and ""`answer_text`: short English explanation"". It does not define “short” as no more than three sentences, so the registered operational sentence limit adds an unsupported numerical restriction.","All required text fields are nonempty; every citation_document and evidence_snippet contains Chinese text; every answer_text contains English alphabetic text and was detected as one sentence. Nevertheless, the unsupported three-sentence maximum makes the registered source ambiguous.",All 9 relevant strings are nonempty and use the requested language; each answer_text is one sentence.,Every required text field is nonempty and uses the stipulated language/form; each answer_text is concise.,
prep_v10_verifier_v10_full,business_finance__sse_northbound_programmatic_trading_01,verifier,0,unverifiable,f2106768b82c879255a6dd1926efb44854508a021176e47746440de04ee12405,citations.staged.provenance,deterministic,True,pass,"Each citation_document must be an exact Simplified Chinese staged document name, and each evidence_snippet must occur verbatim in that cited staged source.","input/task_brief.md lines 3, 23-24; input/document_manifest.json citation_aliases and staged_extract_path","Use only the staged Shanghai Stock Exchange documents.
`citation_document`: exact Simplified Chinese document name
`evidence_snippet`: exact Simplified Chinese excerpt copied from the staged materials",supported,"input/task_brief.md line 3 states ""Use only the staged Shanghai Stock Exchange documents""; lines 23-24 require an ""exact Simplified Chinese document name"" and an ""exact Simplified Chinese excerpt copied from the staged materials."" input/document_manifest.json supplies `citation_aliases` and `staged_extract_path` for each document.","Manifest-resolution script resolved q1 to doc_02 (`extracted_text/1-2_填报说明.txt`), q2 to doc_08 (`extracted_text/程序化交易管理实施细则.txt`), and q3 to doc_03 (`extracted_text/1-3_填报注意事项.txt`). After only CRLF/CR normalization, all snippets were exact contiguous matches: q1 offset 921/start line 16, q2 offset 6403/start line 115, q3 offset 1294/start line 37.",3/3 citation names exactly match manifest aliases and 3/3 snippets occur verbatim and contiguously in the corresponding extracted texts.,All three names resolve exactly and all three snippets are verbatim excerpts of their cited staged documents.,
prep_v10_verifier_v10_full,business_finance__sse_northbound_programmatic_trading_01,verifier,0,unverifiable,f2106768b82c879255a6dd1926efb44854508a021176e47746440de04ee12405,q1.centralized.funds,public_evidence,True,unverifiable,The first answer must conclude No: same-LEI institutional accounts may select one exchange participant to report the leverage-scale and other funds fields centrally rather than report those fields separately through every broker.,input/extracted_text/1-2_填报说明.txt line 29,该字段填写相同证件号码的机构账户，可以适用填报说明第二条第二款规定，选取一家联交所参与者集中填报资金信息。,ambiguous,"input/extracted_text/1-2_填报说明.txt line 29 contains the quoted sentence: ""该字段填写相同证件号码的机构账户，可以适用填报说明第二条第二款规定，选取一家联交所参与者集中填报资金信息。"" The same line's preceding sentence identifies an LEI as an institutional investor certificate number. However, the registered source_quote itself does not identify leverage scale as one of the centrally reportable fields; that detail appears separately at line 16, outside the registered quote/locator.","The artifact gives conclusion `No`, cites the matching doc_02 alias, and quotes line 16 verbatim, including `杠杆资金规模` among fields reportable through one participant. Its English explanation accurately describes centralized same-LEI reporting. Nonetheless, the pre-registered quote does not by itself entail the leverage-scale-specific requirement.","Artifact conclusion is No and is substantively supported by its exact line-16 excerpt, but the registered source quote only says centralized `资金信息`.",No; same-LEI accounts may centrally report leverage-scale and other funds information through one participant.,
prep_v10_verifier_v10_full,business_finance__sse_northbound_programmatic_trading_01,verifier,0,unverifiable,f2106768b82c879255a6dd1926efb44854508a021176e47746440de04ee12405,q2.fees.not.specified,public_evidence,True,pass,"The second answer must conclude Unknown because the staged rule allows flow and cancellation fees but says the concrete charging standards are to be separately prescribed, so it supplies no specific numerical amounts.",input/extracted_text/程序化交易管理实施细则.txt line 115,本所可以对高频交易实施差异化收费，根据申报、撤单的笔数和频率等指标设置收费标准，加收流量费和撤单费等费用。具体收费标准由本所另行规定。,supported,"input/extracted_text/程序化交易管理实施细则.txt line 115 states exactly: ""本所可以对高频交易实施差异化收费，根据申报、撤单的笔数和频率等指标设置收费标准，加收流量费和撤单费等费用。具体收费标准由本所另行规定。"" This directly supports deferral of concrete fee standards and the absence of numerical amounts in this provision.","q2_hft_cost_calculation has conclusion `Unknown`, resolves exactly to manifest doc_08, and its 73-character evidence snippet is an exact contiguous match beginning at line 115. The English answer says no numerical flow-fee or cancellation-fee amounts are stated and that the schedule will be prescribed separately; it invents no amount.","Unknown; no numerical fee amount stated, and concrete standards are deferred.","Unknown, with the exact deferred-fee provision and no invented numerical amount.",
prep_v10_verifier_v10_full,business_finance__sse_northbound_programmatic_trading_01,verifier,0,unverifiable,f2106768b82c879255a6dd1926efb44854508a021176e47746440de04ee12405,q3.english.software.name,public_evidence,True,unverifiable,The third answer must conclude Yes because software-name fields that lack a uniform Chinese expression may be completed in English.,input/extracted_text/1-3_填报注意事项.txt line 37,对于个别难以确定统一中文表述的字段，例如联交所参与者名称、账户名称、程序化交易软件名称等，可以填写英文。,contradicted,"input/extracted_text/1-3_填报注意事项.txt line 37 states: ""对于个别难以确定统一中文表述的字段，例如联交所参与者名称、账户名称、程序化交易软件名称等，可以填写英文。"" It authorizes English specifically, not an arbitrary original foreign language. The registered criterion/expected extends this to a French firm's ""original English/foreign-language"" software name and requires `Yes`, which is not entailed and conflicts where that original name is French rather than English.","The artifact cites manifest doc_03 and quotes line 37 exactly. It concludes `No` and explains that English is allowed but a French-only original-language entry is not authorized. Because the fixed criterion's required `Yes` relies on conflating English with any foreign language, the criterion cannot be applied as written.","Artifact conclusion is No; the staged source expressly permits English where uniform Chinese wording is difficult, but does not mention French or all original foreign languages.","Registered expectation says Yes for the original English/foreign-language name, while the public source only permits English.",
prep_v10_verifier_v10_full,education_info__homework_grading_numerical_pdes_instance_02,prep_verifier,0,unverifiable,aadb10d80bd9e3d6afdd64287473f59cb7a79fb62b28c11d1394e2b281fa4f3e,outputs.exact.files,deterministic,True,pass,The output directory must contain exactly the five requested deliverable files and no additional files.,input/TASK_PROMPT.md lines 16-21,"Save exactly these files under `/media/user/data/agenthle/education/homework_grading_numerical_pdes_instance_02/base/output/`:
   - `grades.csv`
   - `error_tags.csv`
   - `per_student_feedback.json`
   - `common_mistakes_summary.md`
   - `grader_manifest.json`",supported,"input/TASK_PROMPT.md lines 16-21 states: ""Save exactly these files under `/media/user/data/agenthle/education/homework_grading_numerical_pdes_instance_02/base/output/`:"" followed by `grades.csv`, `error_tags.csv`, `per_student_feedback.json`, `common_mistakes_summary.md`, and `grader_manifest.json`.","Recursive regular-file listing of snapshot-0 returned exactly: common_mistakes_summary.md, error_tags.csv, grader_manifest.json, grades.csv, per_student_feedback.json. The rejected-symlink receipt was empty.","Exactly five regular files, all at the snapshot root, with the required basenames; no nested or extra files.","All five named files exist at the output root, and no other files or nested deliverables exist.",
prep_v10_verifier_v10_full,education_info__homework_grading_numerical_pdes_instance_02,prep_verifier,0,unverifiable,aadb10d80bd9e3d6afdd64287473f59cb7a79fb62b28c11d1394e2b281fa4f3e,outputs.contract.schema,deterministic,True,unverifiable,"The two CSV files must use the declared headers, the two JSON files must parse, and the manifest must contain every required key.","input/starter_project/output_contract.json keys grades_csv_header, error_tags_csv_header, and manifest_required_keys","""grades_csv_header"": [""student_id"", ""problem_1a"", ""problem_1b"", ""problem_2a"", ""problem_2b"", ""total_score""]
""error_tags_csv_header"": [""student_id"", ""error_tag""]
""manifest_required_keys"": [""python_version"", ""platform"", ""rubric_version""]",ambiguous,"input/starter_project/output_contract.json keys grades_csv_header, error_tags_csv_header, and manifest_required_keys contain the listed ordered headers and required manifest keys. However, the registered check and expected value additionally require both JSON documents—especially per_student_feedback.json—to be JSON objects; that type restriction is not stated by the cited source quote.","Operational inspection found grades.csv header ['student_id','problem_1a','problem_1b','problem_2a','problem_2b','total_score']; error_tags.csv header ['student_id','error_tag']; both JSON files parsed as objects; manifest keys were python_version, platform, and rubric_version. These observations cannot produce a pass because the registered object-type restriction is stronger than the quote.",Both CSV headers match; both JSON files parse as objects; all three manifest keys are present.,"Both CSV headers match exactly; both JSON documents are valid objects; grader_manifest.json contains python_version, platform, and rubric_version.",
prep_v10_verifier_v10_full,education_info__homework_grading_numerical_pdes_instance_02,prep_verifier,0,unverifiable,aadb10d80bd9e3d6afdd64287473f59cb7a79fb62b28c11d1394e2b281fa4f3e,students.stable.complete,deterministic,True,pass,Every released student must be graded and receive feedback under the same stable submission-file ID; any error-tag row must also use one of those IDs.,input/TASK_PROMPT.md lines 12 and 26; input/starter_project/run_submission.py line 24,"Read the grading protocol, rubric, solution key, and the five student submissions.
Keep student IDs stable across every output file.
student_ids = sorted(path.stem for path in submissions_dir.glob(""*.md""))",supported,"input/TASK_PROMPT.md line 12 says ""Read the grading protocol, rubric, solution key, and the five student submissions."" Line 26 says ""Keep student IDs stable across every output file."" input/starter_project/run_submission.py line 24 derives IDs with `student_ids = sorted(path.stem for path in submissions_dir.glob(""*.md""))`.","Public Markdown filenames derive IDs ['S01','S02','S03','S04','S05']. grades.csv contains those IDs exactly once in that order; per_student_feedback.json has exactly those five keys; all error_tags.csv IDs belong to that set.","Grade IDs and feedback keys are exactly S01-S05, once each; tag IDs are only S02, S03, S04, and S05, all known IDs.","The grade rows and feedback keys are exactly S01, S02, S03, S04, and S05, each appearing once; every error-tag student_id belongs to that set.",
prep_v10_verifier_v10_full,education_info__homework_grading_numerical_pdes_instance_02,prep_verifier,0,unverifiable,aadb10d80bd9e3d6afdd64287473f59cb7a79fb62b28c11d1394e2b281fa4f3e,error.tags.vocabulary,deterministic,True,unverifiable,Assigned error tags must come from the rubric's declared error-tag vocabulary.,input/released/rubric.json key error_tags,"""wrong_discrete_laplacian""
""stability_factor_of_two_error""
""wrong_dt_max""
""wrong_weak_form_sign""
""missing_function_space""
""missing_linear_functional""
""wrong_bilinear_form""",ambiguous,"input/released/rubric.json lines 24-31 declares the seven quoted keys: wrong_discrete_laplacian, stability_factor_of_two_error, wrong_dt_max, wrong_weak_form_sign, missing_function_space, missing_linear_functional, and wrong_bilinear_form. The cited quote supports vocabulary membership, but it does not state the registered additional restrictions that every row be nonempty and that each student/tag pair be unique.","Parsed 10 assignments. Every tag belongs to the seven-key public vocabulary, every pair is nonempty, and `len(pairs)-len(set(pairs))` was 0. The extra uniqueness/nonemptiness rules cannot be used for a pass because they are absent from the quote.","No unknown tags, no empty pairs, and no duplicate student_id/error_tag pairs.","Every assigned tag is an exact declared rubric key, and there are no duplicate assignments.",
prep_v10_verifier_v10_full,education_info__homework_grading_numerical_pdes_instance_02,prep_verifier,0,unverifiable,aadb10d80bd9e3d6afdd64287473f59cb7a79fb62b28c11d1394e2b281fa4f3e,feedback.shape.length,deterministic,True,pass,Per-student feedback must be represented as a nonempty string for each student and contain no more than 70 words.,input/released/rubric.json key feedback_style; input/starter_project/grading_scaffold.py lines 43-47,"""max_words_per_student"": 70,
""tone"": ""brief, constructive, rubric-based""
return {
        student_id: ""Baseline scaffold output. Replace this with rubric-based grading feedback.""
        for student_id in student_ids
    }",supported,"input/released/rubric.json lines 20-22 states `""max_words_per_student"": 70` and `""tone"": ""brief, constructive, rubric-based""`. input/starter_project/grading_scaffold.py lines 43-47 represents feedback as a dictionary mapping every student ID to a feedback string.","per_student_feedback.json parsed as an object with string values for S01-S05. Whitespace-delimited word counts after trimming were S01=29, S02=31, S03=43, S04=34, and S05=24; every value was nonempty.",Five nonempty string values; maximum observed length was 43 words.,Each of the five students has nonempty string feedback of at most 70 words.,
prep_v10_verifier_v10_full,education_info__homework_grading_numerical_pdes_instance_02,prep_verifier,0,unverifiable,aadb10d80bd9e3d6afdd64287473f59cb7a79fb62b28c11d1394e2b281fa4f3e,grading.sample.alignment,public_evidence,True,unverifiable,"On the fixed sampled submission parts, the awarded part score, applicable major-error tags, and related feedback must be consistent with the rubric and solution key.",input/released/grading_protocol.md lines 4-5; input/released/solution_key.md lines 6-8 and 15-18; sampled input/released/submissions/*.md sections,"Grade each anonymized submission part by part.
Assign major-error tags when the rubric indicates a conceptual mistake.
Stability requires kappa dt / dx^2 <= 1/2, equivalently dt <= dx^2 / (2 kappa).
a(u,v) = integral_0^1 u'(x) v'(x) dx
l(v) = integral_0^1 f(x) v(x) dx
test space = H_0^1(0,1)",ambiguous,"input/released/grading_protocol.md lines 4-5 states ""Grade each anonymized submission part by part"" and ""Assign major-error tags when the rubric indicates a conceptual mistake."" input/released/solution_key.md lines 6-8 and 15-18 gives the correct 1b stability formula/value and the three required 2b ingredients. However, the source quote does not include the rubric point values or descriptions and does not entail the registered exact policy of full credit for correctness, reduced credit for any material error, or what range constitutes reasonable partial credit.","Observed sampled grading: S04 2b omits l(v) and H_0^1, received 1/3 with missing_linear_functional and missing_function_space and matching feedback; S05 2b is fully correct and received 3/3; S02 1b uses dx^2/kappa and 0.02, received 1/3 with stability_factor_of_two_error and wrong_dt_max and matching feedback; S03 1b uses dx^2/(4 kappa) and 0.005, received 1/3 with wrong_dt_max and corrective feedback; S01 1b is fully correct and received 3/3. These appear rubric-aligned, but the stronger scoring policy in the registered check is not established by the quote.","Sample scores were S04-2b=1.00, S05-2b=3.00, S02-1b=1.00, S03-1b=1.00, S01-1b=3.00, with corresponding tags and noncontradictory feedback as described.",Each sampled part receives a defensible rubric-aligned score; sampled conceptual mistakes have their applicable declared tags; and feedback statements about the sampled part accurately identify correctness or needed repair.,
prep_v10_verifier_v10_full,education_info__homework_grading_numerical_pdes_instance_02,prep_verifier,0,unverifiable,aadb10d80bd9e3d6afdd64287473f59cb7a79fb62b28c11d1394e2b281fa4f3e,summary.present,deterministic,True,pass,A nonempty common-mistakes summary must be supplied.,input/TASK_PROMPT.md line 15,Write concise constructive per-student feedback and a short common-mistakes summary.,supported,"input/TASK_PROMPT.md line 15 states: ""Write concise constructive per-student feedback and a short common-mistakes summary.""","common_mistakes_summary.md decoded successfully as UTF-8. After removing heading markers and trimming, substantive body text remained, discussing discrete-Laplacian, stability-bound, time-step, weak-form-sign, functional, and test-space mistakes.",A heading plus a nonempty substantive paragraph is present.,The Markdown file is valid UTF-8 and contains a nonempty summary body rather than only whitespace or a heading.,
prep_v10_verifier_v10_full,education_info__homework_grading_numerical_pdes_instance_02,prep_verifier,0,unverifiable,aadb10d80bd9e3d6afdd64287473f59cb7a79fb62b28c11d1394e2b281fa4f3e,provenance.not.baseline,deterministic,True,unverifiable,The deliverables must not be an unchanged substitution of the starter scaffold's known baseline output.,input/starter_project/README.md lines 3 and 10-15; input/starter_project/grading_scaffold.py lines 35-46; input/starter_project/run_submission.py lines 28-36,"This scaffold is intentionally incomplete.
It cannot:
- compute the correct rubric-aligned grades for you
- infer the correct error tags automatically
- write full-score feedback by itself
Running `python run_submission.py --output-dir <dir>` produces a structurally valid baseline submission that is expected to score below `1.0`.",ambiguous,"input/starter_project/README.md lines 3 and 10-15 says the scaffold is intentionally incomplete, cannot compute correct grades/tags/full-score feedback, and produces a baseline expected to score below 1.0. The quote does not itself state the complete exact signature used by the registered check—zero rows, empty tags, exact feedback and summary sentences, and rubric_version `starter-scaffold`—nor that failure is permitted only when all signature elements match.","The artifact visibly differs from the starter baseline: grades are nonzero, error_tags.csv has 10 rows, feedback and summary are rubric-specific rather than the baseline sentences, and rubric_version is `released-rubric-v1`. Nevertheless, the exact complete-signature/fail-only rule is stronger than the cited quote, so this cannot be passed under the source-validation rule.","Artifact does not reproduce the starter baseline: nonzero scores, populated tags, custom feedback/summary, and rubric_version released-rubric-v1.",The submitted artifact does not match the starter baseline's complete deterministic signature.,
prep_v10_verifier_v10_full,education_info__homework_grading_numerical_pdes_instance_02,verifier,0,unverifiable,28afe5911d47ab13f6d25afd19af30bf3c919a53499597afbb2f33591e84fe15,outputs.exact.files,deterministic,True,pass,The output directory must contain exactly the five requested deliverable files and no additional files.,input/TASK_PROMPT.md lines 16-21,"Save exactly these files under `/media/user/data/agenthle/education/homework_grading_numerical_pdes_instance_02/base/output/`:
   - `grades.csv`
   - `error_tags.csv`
   - `per_student_feedback.json`
   - `common_mistakes_summary.md`
   - `grader_manifest.json`",supported,"input/TASK_PROMPT.md lines 16-21 states: ""Save exactly these files under `/media/user/data/agenthle/education/homework_grading_numerical_pdes_instance_02/base/output/`:"" followed by `grades.csv`, `error_tags.csv`, `per_student_feedback.json`, `common_mistakes_summary.md`, and `grader_manifest.json`. This directly supports exact file-set checking.","Recursive `find` of `/tmp/ale-verifier-8c78673bce8a/snapshot-0` returned exactly five regular files and no directories or other entries: common_mistakes_summary.md, error_tags.csv, grader_manifest.json, grades.csv, per_student_feedback.json. The rejected-symlink receipt was empty.",Exactly the five specified root-level regular files; no nested or additional deliverables and no rejected symlinks.,"All five named files exist at the output root, and no other files or nested deliverables exist.",
prep_v10_verifier_v10_full,education_info__homework_grading_numerical_pdes_instance_02,verifier,0,unverifiable,28afe5911d47ab13f6d25afd19af30bf3c919a53499597afbb2f33591e84fe15,outputs.contract.schema,deterministic,True,unverifiable,"The two CSV files must use the declared headers, the two JSON files must parse, and the manifest must contain every required key.","input/starter_project/output_contract.json keys grades_csv_header, error_tags_csv_header, and manifest_required_keys","""grades_csv_header"": [""student_id"", ""problem_1a"", ""problem_1b"", ""problem_2a"", ""problem_2b"", ""total_score""]
""error_tags_csv_header"": [""student_id"", ""error_tag""]
""manifest_required_keys"": [""python_version"", ""platform"", ""rubric_version""]",ambiguous,"input/starter_project/output_contract.json contains `""grades_csv_header"": [""student_id"", ""problem_1a"", ""problem_1b"", ""problem_2a"", ""problem_2b"", ""total_score""]`, `""error_tags_csv_header"": [""student_id"", ""error_tag""]`, and `""manifest_required_keys"": [""python_version"", ""platform"", ""rubric_version""]`. These support the headers and manifest-key check, but the quotation does not state that both JSON deliverables must parse specifically as JSON objects; that portion of the registered requirement/check is stronger than the quoted contract.","Operational inspection nevertheless found exact ordered CSV headers. Both JSON files parsed as objects; grader_manifest.json had keys python_version, platform, and rubric_version. Because the registered source does not support the entire check, these observations cannot be converted to a pass.","grades.csv header: [student_id, problem_1a, problem_1b, problem_2a, problem_2b, total_score]; error_tags.csv header: [student_id, error_tag]; both JSON files parsed as objects; manifest keys were [python_version, platform, rubric_version].","Both CSV headers match exactly; both JSON documents are valid objects; grader_manifest.json contains python_version, platform, and rubric_version.",
prep_v10_verifier_v10_full,education_info__homework_grading_numerical_pdes_instance_02,verifier,0,unverifiable,28afe5911d47ab13f6d25afd19af30bf3c919a53499597afbb2f33591e84fe15,students.stable.complete,deterministic,True,unverifiable,Every released student must be graded and receive feedback under the same stable submission-file ID; any error-tag row must also use one of those IDs.,input/TASK_PROMPT.md lines 12 and 26; input/starter_project/run_submission.py line 24,"Read the grading protocol, rubric, solution key, and the five student submissions.
Keep student IDs stable across every output file.
student_ids = sorted(path.stem for path in submissions_dir.glob(""*.md""))",ambiguous,"input/TASK_PROMPT.md line 12 says, ""Read the grading protocol, rubric, solution key, and the five student submissions."" Line 26 says, ""Keep student IDs stable across every output file."" input/starter_project/run_submission.py line 24 says, `student_ids = sorted(path.stem for path in submissions_dir.glob(""*.md""))`. These support deriving and retaining the five IDs, but do not expressly impose the registered check's additional exact-once row/key cardinality or prohibition on unknown IDs. The check adds exactness absent from the quotation.",The public Markdown filenames derive IDs S01-S05. grades.csv contained one row for each and no others; per_student_feedback.json had exactly those five keys; every error_tags.csv ID belonged to that set. These favorable observations cannot produce a pass because the exact-cardinality check is stronger than its source quote.,"Grade IDs and feedback keys were exactly S01, S02, S03, S04, S05, once each; tag IDs were only S02, S03, S04, and S05.","The grade rows and feedback keys are exactly S01, S02, S03, S04, and S05, each appearing once; every error-tag student_id belongs to that set.",
prep_v10_verifier_v10_full,education_info__homework_grading_numerical_pdes_instance_02,verifier,0,unverifiable,28afe5911d47ab13f6d25afd19af30bf3c919a53499597afbb2f33591e84fe15,error.tags.vocabulary,deterministic,True,unverifiable,Assigned error tags must come from the rubric's declared error-tag vocabulary.,input/released/rubric.json key error_tags,"""wrong_discrete_laplacian""
""stability_factor_of_two_error""
""wrong_dt_max""
""wrong_weak_form_sign""
""missing_function_space""
""missing_linear_functional""
""wrong_bilinear_form""",ambiguous,"input/released/rubric.json key error_tags declares the seven quoted keys: wrong_discrete_laplacian, stability_factor_of_two_error, wrong_dt_max, wrong_weak_form_sign, missing_function_space, missing_linear_functional, and wrong_bilinear_form. This supports vocabulary membership, but neither the quote nor the cited key requires uniqueness of each student/tag assignment. The registered check and expected value add a no-duplicates restriction absent from the source.","CSV parsing found nine nonempty tag rows, all using declared keys, and all nine student_id/error_tag pairs were unique. Source ambiguity prevents treating this as a pass.","Assigned tags were stability_factor_of_two_error, missing_function_space, wrong_discrete_laplacian, wrong_dt_max, wrong_weak_form_sign, wrong_bilinear_form, and missing_linear_functional; no duplicate pair was observed.","Every assigned tag is an exact declared rubric key, and there are no duplicate assignments.",
prep_v10_verifier_v10_full,education_info__homework_grading_numerical_pdes_instance_02,verifier,0,unverifiable,28afe5911d47ab13f6d25afd19af30bf3c919a53499597afbb2f33591e84fe15,feedback.shape.length,deterministic,True,pass,Per-student feedback must be represented as a nonempty string for each student and contain no more than 70 words.,input/released/rubric.json key feedback_style; input/starter_project/grading_scaffold.py lines 43-47,"""max_words_per_student"": 70,
""tone"": ""brief, constructive, rubric-based""
return {
        student_id: ""Baseline scaffold output. Replace this with rubric-based grading feedback.""
        for student_id in student_ids
    }",supported,"input/released/rubric.json feedback_style states `""max_words_per_student"": 70` and `""tone"": ""brief, constructive, rubric-based""`. input/starter_project/grading_scaffold.py lines 43-47 shows a feedback object mapping every student_id to a nonempty string: `return { student_id: ""Baseline scaffold output. Replace this with rubric-based grading feedback."" for student_id in student_ids }`. Together these directly support per-ID nonempty string feedback and the 70-word maximum.","per_student_feedback.json parsed as an object with nonempty string values for S01-S05. Whitespace-delimited counts were S01=29, S02=31, S03=38, S04=28, and S05=18.",All five values were nonempty strings; maximum observed length was 38 words.,Each of the five students has nonempty string feedback of at most 70 words.,
prep_v10_verifier_v10_full,education_info__homework_grading_numerical_pdes_instance_02,verifier,0,unverifiable,28afe5911d47ab13f6d25afd19af30bf3c919a53499597afbb2f33591e84fe15,grading.sample.alignment,public_evidence,True,unverifiable,"On the fixed sampled submission parts, the awarded part score, applicable major-error tags, and related feedback must be consistent with the rubric and solution key.",input/released/grading_protocol.md lines 4-5; input/released/solution_key.md lines 6-8 and 15-18; sampled input/released/submissions/*.md sections,"Grade each anonymized submission part by part.
Assign major-error tags when the rubric indicates a conceptual mistake.
Stability requires kappa dt / dx^2 <= 1/2, equivalently dt <= dx^2 / (2 kappa).
a(u,v) = integral_0^1 u'(x) v'(x) dx
l(v) = integral_0^1 f(x) v(x) dx
test space = H_0^1(0,1)",ambiguous,"input/released/grading_protocol.md lines 4-5 states, ""Grade each anonymized submission part by part"" and ""Assign major-error tags when the rubric indicates a conceptual mistake."" input/released/solution_key.md lines 6-8 gives `kappa dt / dx^2 <= 1/2`, `dt <= dx^2 / (2 kappa)`, and `dt_max = 0.01`; lines 15-18 gives the bilinear form, linear functional, and H_0^1 test space. However, the source quote does not include the rubric's part-point allocations or a rule requiring full credit for every fully correct sampled answer and reduced credit for every material error. It also omits the sampled submission answers themselves. The registered scoring assertions therefore exceed the quoted source.","Observed sampled results were internally consistent with the public answers: S04 Problem 2b omitted l(v) and H_0^1 and received 1.00 with both omission tags; S05 Problem 2b matched the key and received 3.00; S02 Problem 1b omitted the factor two and gave 0.02, received 0.00 and stability_factor_of_two_error; S03 Problem 1b used denominator 4 and 0.005, received 0.00 and wrong_dt_max; S01 Problem 1b matched the key and received 3.00. Feedback accurately described each sampled issue. These checks cannot yield a pass because the source quote does not support the registered full/reduced-credit rule.","Sample scores: S04 2b=1.00, S05 2b=3.00, S02 1b=0.00, S03 1b=0.00, S01 1b=3.00; corresponding tags and feedback were consistent with the sampled formulas and omissions.",Each sampled part receives a defensible rubric-aligned score; sampled conceptual mistakes have their applicable declared tags; and feedback statements about the sampled part accurately identify correctness or needed repair.,
prep_v10_verifier_v10_full,education_info__homework_grading_numerical_pdes_instance_02,verifier,0,unverifiable,28afe5911d47ab13f6d25afd19af30bf3c919a53499597afbb2f33591e84fe15,summary.present,deterministic,True,pass,A nonempty common-mistakes summary must be supplied.,input/TASK_PROMPT.md line 15,Write concise constructive per-student feedback and a short common-mistakes summary.,supported,"input/TASK_PROMPT.md line 15 states, ""Write concise constructive per-student feedback and a short common-mistakes summary."" Supplying a summary directly entails substantive summary content rather than only an empty file or heading.","common_mistakes_summary.md decoded as UTF-8. After removing the heading `# Common Mistakes Summary` and trimming whitespace, substantive text remained describing incomplete weak forms, stability-limit errors, an incorrect stencil, and a wrong integration-by-parts sign.",Nonempty Markdown body of 56 whitespace-delimited words remained after the heading.,The Markdown file is valid UTF-8 and contains a nonempty summary body rather than only whitespace or a heading.,
prep_v10_verifier_v10_full,education_info__homework_grading_numerical_pdes_instance_02,verifier,0,unverifiable,28afe5911d47ab13f6d25afd19af30bf3c919a53499597afbb2f33591e84fe15,provenance.not.baseline,deterministic,True,unverifiable,The deliverables must not be an unchanged substitution of the starter scaffold's known baseline output.,input/starter_project/README.md lines 3 and 10-15; input/starter_project/grading_scaffold.py lines 35-46; input/starter_project/run_submission.py lines 28-36,"This scaffold is intentionally incomplete.
It cannot:
- compute the correct rubric-aligned grades for you
- infer the correct error tags automatically
- write full-score feedback by itself
Running `python run_submission.py --output-dir <dir>` produces a structurally valid baseline submission that is expected to score below `1.0`.",ambiguous,"input/starter_project/README.md lines 3 and 10-15 says, ""This scaffold is intentionally incomplete,"" lists that it cannot compute correct grades, infer tags, or write full-score feedback, and says running it produces a baseline expected to score below 1.0. The quotation does not provide the registered check's exact complete signature—zero-valued rows, empty tag rows, exact feedback and summary sentences, and rubric_version `starter-scaffold`. Those exactness conditions occur in cited code but are absent from source_quote, so the complete-signature check is stronger than the quotation.","The artifact visibly did not resemble the baseline: grades were nonzero, nine tag rows existed, feedback and summary were rubric-specific, and rubric_version was `released-rubric-v1`. Nevertheless, the exact baseline-signature test is unsupported by the registered quote and cannot produce a pass.","Nonzero totals 10.00, 6.00, 2.00, 8.00, and 9.00; nine error-tag rows; customized feedback and summary; rubric_version released-rubric-v1.",The submitted artifact does not match the starter baseline's complete deterministic signature.,
prep_v10_verifier_v10_full,education_info__marc_remediation_folio_overlay,prep_verifier,0,unverifiable,f4efa45bee64a5b855d2b66ec57092619bff688a64af4bfce047f1603a882aeb,cli.outputs.schemas,deterministic,True,unverifiable,"The preserved CLI must run successfully and create the five required, parseable artifacts with the documented top-level schemas.",input/task_spec.md lines 15-28; input/TASK_PROMPT.md lines 29-35; input/starter_project/BUNDLE_MANIFEST.md lines 16-20,"python scripts/remediate_catalog.py --case-dir <case_dir> --output-dir <output_dir>
Required outputs:
- `remediated_records.xml`
- `overlay_decisions.csv`
- `folio_import_plan.json`
- `qa_report.json`
- `remediation_summary.md`",ambiguous,"input/task_spec.md lines 15-20 states: “Your final project in `output/submission/` must preserve this command: … python scripts/remediate_catalog.py --case-dir <case_dir> --output-dir <output_dir>”. input/TASK_PROMPT.md lines 29-35 lists the five required outputs. However, the registered source_quote does not contain the exact CSV, import-plan record, or QA key schemas required by the check; those details occur separately in BUNDLE_MANIFEST.md lines 17-19. Thus the quoted wording does not entail the check’s exact-key restriction.","Operationally, from snapshot-0/submission the Python 3.12 invocation exited 0 into /tmp/verify-marc-fresh. It produced all five files. XML parsing succeeded; CSV parsing produced 64 rows and header ['record_id','normalized_oclc','match_key','matched_instance_hrid','action','reason']; folio_import_plan.json parsed with keys ['actionProfiles','folioRelease','jobProfileName','matchProfiles','records'] and 56 records; qa_report.json parsed with all nine manifest keys; the Markdown summary contained 939 characters. The stronger exact-schema check cannot be passed because source_status is ambiguous.","CLI exit 0; five nonempty, parseable artifacts; observed schemas match BUNDLE_MANIFEST.md lines 17-19.","The invocation succeeds and all five artifacts exist, are parseable, and contain the documented schema fields.",
prep_v10_verifier_v10_full,education_info__marc_remediation_folio_overlay,prep_verifier,0,unverifiable,f4efa45bee64a5b855d2b66ec57092619bff688a64af4bfce047f1603a882aeb,implementation.input.driven,deterministic,True,pass,The implementation must derive behavior from the supplied case directory rather than hard-coding public record identifiers or public output values.,input/TASK_PROMPT.md lines 17 and 37; input/starter_project/input/public_case/cataloging_policy.md line 14,"Your implementation must derive all behavior from those files and from the rules below, not from public record identifiers or public output values.
Do not special-case public record IDs.",supported,"input/TASK_PROMPT.md line 17 states: “Your implementation must derive all behavior from those files and from the rules below, not from public record identifiers or public output values.” input/starter_project/input/public_case/cataloging_policy.md line 14 states: “Do not special-case public record IDs.” These excerpts directly support case-driven processing and the anti-hardcoding/relocation check.","scripts/remediate_catalog.py lines 20-24 define required --case-dir and --output-dir arguments; lines 140-148 resolve case_dir and read legacy_records.xml, folio_instances.csv, authority_map.csv, and location_map.csv from it; lines 141-142 and 238-278 direct artifacts to output-dir. A grep for public-style literals (`rec[0-9]{3}|800000|inLIS|srsLIS|hoLIS|[0-9]{10,13}`) in the implementation returned no matches. After copying input/public_case to /tmp/verify-marc-relocated and rerunning, all five outputs were byte-identical to the fresh original-path run: identical SHA-256 values c72bad… for the plan, 3b537b… for decisions, 2bfddf… for QA, 3f46f0… for XML, and ff70c4… for the summary.",No public-ID literals or identifier-keyed branches found; relocated-case outputs were byte-for-byte identical.,"No public-ID-specific lookup or branching is present, inputs are loaded through the supplied case directory, and relocation of the same case does not change computed content.",
prep_v10_verifier_v10_full,education_info__marc_remediation_folio_overlay,prep_verifier,0,unverifiable,f4efa45bee64a5b855d2b66ec57092619bff688a64af4bfce047f1603a882aeb,deduplication.survivor,deterministic,True,pass,Incoming records sharing a normalized OCLC must be deduplicated; the record preferred by the documented completeness factors remains active and weaker records are suppressed from XML and import-plan records.,input/starter_project/input/public_case/cataloging_policy.md line 6,"When more than one incoming record has the same normalized OCLC, keep the most complete record: prefer records with a 100 field, a 300 field, and a non-VENDOR 040$a. Emit the weaker duplicates in `overlay_decisions.csv` with action `suppress_duplicate` and do not include them in remediated_records.xml or import_plan records.",supported,"input/starter_project/input/public_case/cataloging_policy.md line 6 states: “When more than one incoming record has the same normalized OCLC, keep the most complete record: prefer records with a 100 field, a 300 field, and a non-VENDOR 040$a. Emit the weaker duplicates in `overlay_decisions.csv` with action `suppress_duplicate` and do not include them in remediated_records.xml or import_plan records.” This directly entails the survivor, suppression, and active-artifact checks.","Independent parsing found eight duplicate OCLC groups: (OCoLC)800000007, 800000014, 800000021, 800000028, 800000035, 800000042, 800000049, and 800000056. Each group had completeness scores [3,0], and the score-3 first member survived. Decision rows at input indices 7,15,23,31,39,47,55,63 all had action suppress_duplicate. Distinguishing same-001 duplicates by controlfield 005 showed every selected 12:00 record present in XML and plan SRS, while every weaker 12:05 record was absent. XML and plan each contained 56 active records in surviving input order.",64 inputs; 8 weaker duplicates suppressed; 56 survivors; all duplicate groups selected score 3 over score 0; weaker 005 variants absent from both active artifacts.,"All and only weaker duplicate records are suppressed, while each selected survivor appears once in the active XML and import plan.",
prep_v10_verifier_v10_full,education_info__marc_remediation_folio_overlay,prep_verifier,0,unverifiable,f4efa45bee64a5b855d2b66ec57092619bff688a64af4bfce047f1603a882aeb,overlay.match.precedence,deterministic,True,unverifiable,"Overlay matching must use OCLC, then LCCN, then ISBN precedence; active matched records update, active unmatched records create, and normalized OCLC output must have the required form.",input/starter_project/input/public_case/cataloging_policy.md lines 5 and 9,"Match incoming bibliographic records to FOLIO instances by normalized OCLC number, then LCCN, then ISBN. OCLC values must be emitted as `(OCoLC)<digits>` with no `ocm`, `ocn`, spaces, or punctuation other than the prefix.
For FOLIO actions, emit `update_instance` when a match exists and `create_instance` otherwise.",ambiguous,"input/starter_project/input/public_case/cataloging_policy.md line 5 states: “Match incoming bibliographic records to FOLIO instances by normalized OCLC number, then LCCN, then ISBN. OCLC values must be emitted as `(OCoLC)<digits>`…” Line 9 states: “For FOLIO actions, emit `update_instance` when a match exists and `create_instance` otherwise.” These support precedence, actions, and OCLC syntax. But the registered source_quote omits line 9’s additional sentence, “Existing uncataloged matched instances must become status `Cataloged` in the import plan,” while the check and expected explicitly require that promotion. Therefore the entire registered criterion is stronger than its quote.","Independent matching of all 56 active inputs against folio_instances.csv found no action, match_key, or matched_instance_hrid errors and no invalid nonempty normalized OCLC values. Decisions comprised 28 update_instance, 28 create_instance, and 8 suppress_duplicate rows. Seven matched Uncataloged records were independently found, and each corresponding plan instance had status Cataloged. These observations cannot become a pass because the promotion portion is unsupported by the registered quote.",All active matches followed OCLC/LCCN/ISBN precedence; 28 updates and 28 creates; canonical OCLC syntax throughout; all 7 matched Uncataloged instances were emitted as Cataloged.,"Every active decision identifies the correct precedence match, uses update_instance exactly when matched and create_instance otherwise, emits canonical OCLC syntax, and promotes matched Uncataloged instances to Cataloged.",
prep_v10_verifier_v10_full,education_info__marc_remediation_folio_overlay,prep_verifier,0,unverifiable,f4efa45bee64a5b855d2b66ec57092619bff688a64af4bfce047f1603a882aeb,marc.rda.remediation,deterministic,True,unverifiable,"Every active MARC record must contain the required RDA language/cataloging fields, omit obsolete 245$h, and contain one of the documented print or online 336/337/338 triples.",input/starter_project/input/public_case/cataloging_policy.md line 7,"Convert AACR2-era records to RDA by ensuring 040$b eng and 040$e rda, removing 245$h, and adding 336/337/338 fields. Use `text/txt`, `unmediated/n`, `volume/nc` for print records and `text/txt`, `computer/c`, `online resource/cr` for online records.",ambiguous,"input/starter_project/input/public_case/cataloging_policy.md line 7 states: “Convert AACR2-era records to RDA by ensuring 040$b eng and 040$e rda, removing 245$h, and adding 336/337/338 fields. Use `text/txt`, `unmediated/n`, `volume/nc` for print records and `text/txt`, `computer/c`, `online resource/cr` for online records.” This supports the required edits and allowed triples, but it does not explicitly require exactly one of every field or the check’s prohibition against all contradictory duplicate carrier triples. Those exactness restrictions are stronger than the quote.","Independent XML inspection of all 56 active records found zero RDA errors: every record had one 040$b eng and one 040$e rda, no 245$h, one 336 text/txt, and exactly one allowed 337/338 pair—either unmediated/n plus volume/nc or computer/c plus online resource/cr. The exact-one/no-contradictory-duplicates operational restriction cannot be passed because source_status is ambiguous.","56/56 records satisfy the edits and, in fact, contain exactly one valid documented RDA triple with no contradictory duplicates.",All active records satisfy the stated RDA edits and contain exactly a valid documented print or online content/media/carrier combination.,
prep_v10_verifier_v10_full,education_info__marc_remediation_folio_overlay,prep_verifier,0,unverifiable,f4efa45bee64a5b855d2b66ec57092619bff688a64af4bfce047f1603a882aeb,authority.exact.mapping,deterministic,True,unverifiable,"Exact authority-map matches in active 100, 700, and 650 $a values must be replaced, receive the supplied $0 URI, and retain other subfields such as relationship terms.",input/starter_project/input/public_case/cataloging_policy.md line 8,Use `authority_map.csv` to replace exact 100/700/650 `$a` values and add `$0` with the provided URI. Preserve relationship terms such as `$e author`.,ambiguous,"input/starter_project/input/public_case/cataloging_policy.md line 8 states: “Use `authority_map.csv` to replace exact 100/700/650 `$a` values and add `$0` with the provided URI. Preserve relationship terms such as `$e author`.” This supports exact replacement, URI insertion, and preserving relationship terms. The check additionally requires preservation of every unrelated original subfield, which is broader than the explicitly stated preservation of relationship terms; the quote does not clearly impose that general restriction.","An independent tag-and-$a exact-map comparison across all active 100, 700, and 650 fields counted 112 applicable mappings. All 112 had the authorized_form in $a, exactly the supplied URI in $0, and preserved every unrelated original subfield; no unmapped heading was altered or assigned a nonmatching authority row. This cannot be promoted to pass because the registered check’s all-unrelated-subfields rule is not directly entailed by the quote.","112 exact authority replacements; zero wrong heading, URI, unrelated-subfield, or unmapped-heading errors.","Every applicable exact mapping is performed with the correct authorized heading and URI, and relationship terms and other unaffected subfields remain present.",
prep_v10_verifier_v10_full,education_info__marc_remediation_folio_overlay,prep_verifier,0,unverifiable,f4efa45bee64a5b855d2b66ec57092619bff688a64af4bfce047f1603a882aeb,folio.holdings.items.mapping,deterministic,True,unverifiable,Active 949 data must be transformed into holdings and item payloads using the corresponding location_map.csv values.,input/starter_project/input/public_case/cataloging_policy.md line 10,"Map 949 fields to FOLIO holdings/items using `location_map.csv`: 949$a location, 949$b call number, 949$c material type hint, 949$d loan policy hint, 949$e barcode.",ambiguous,"input/starter_project/input/public_case/cataloging_policy.md line 10 states: “Map 949 fields to FOLIO holdings/items using `location_map.csv`: 949$a location, 949$b call number, 949$c material type hint, 949$d loan policy hint, 949$e barcode.” This directly supports active 949 mapping. However, the check additionally requires verifying that suppressed records emit no payloads, while that restriction is absent from this criterion’s registered quote and source locator; it is stated under the separate deduplication rule instead.","Independent inspection found 56 active records with 949 data. Every plan holding carried the location_map.csv permanent_location_id and source call number; every item carried the mapped material_type_id, mapped loan_type_id, and source barcode. The eight suppressed 005 variants had no plan/SRS payload. The suppression portion cannot support a pass under this criterion because it is absent from its quote.",56 correctly mapped holdings and 56 correctly mapped items; zero mapping mismatches; all eight weaker duplicate variants absent from the plan.,"Each active 949 yields correctly mapped holdings and item data, including call number and barcode, and duplicate suppressions yield none.",
prep_v10_verifier_v10_full,education_info__marc_remediation_folio_overlay,prep_verifier,0,unverifiable,f4efa45bee64a5b855d2b66ec57092619bff688a64af4bfce047f1603a882aeb,artifacts.cross.consistency,deterministic,True,unverifiable,"Artifact membership, QA counts, plan records, record order, and the handoff memo must agree with the computed remediation and documented output contracts.",input/TASK_PROMPT.md lines 31-35; input/starter_project/BUNDLE_MANIFEST.md lines 18-20,"`qa_report.json`: machine-readable counts for records received, active records, duplicate suppressions, create/update actions, RDA conversions, authority replacements, and holdings/items emitted.
record order follows deduplicated input order.
`remediation_summary.md`: short cataloging handoff memo listing decisions, unresolved assumptions, and FOLIO profile names.",ambiguous,"input/TASK_PROMPT.md line 34 states: “`qa_report.json`: machine-readable counts for records received, active records, duplicate suppressions, create/update actions, RDA conversions, authority replacements, and holdings/items emitted.” BUNDLE_MANIFEST.md line 20 states: “record order follows deduplicated input order.” input/TASK_PROMPT.md line 35 states: “`remediation_summary.md`: short cataloging handoff memo listing decisions, unresolved assumptions, and FOLIO profile names.” These support QA categories, XML order, and memo contents. They do not directly state the check’s decision-row-count equality, exact active XML/plan membership equality, or per-record plan-action/match agreement. Those are stronger cross-artifact restrictions than the registered quote.","Operational cross-checks found 64 decision rows, 56 active XML records, and 56 plan records; XML and plan followed surviving input order. Actions were 28 updates, 28 creates, and 8 suppressions. Independently recomputed QA was exactly {'records_received':64,'active_records':56,'duplicate_suppressions':8,'update_instance_actions':28,'create_instance_actions':28,'rda_conversions':56,'authority_replacements':112,'holdings_payloads':56,'item_payloads':56}, identical to qa_report.json. The memo included Decisions, Unresolved assumptions, and FOLIO Data Import profiles, and named the job profile, all three match profiles, and both action profiles from plan metadata. Stronger membership/agreement checks cannot yield pass because source_status is ambiguous.",All nine QA values matched; 64 decisions and 56 active XML/plan records; surviving order matched input order; memo contained all required sections and every plan profile name.,"All counts and record memberships agree across artifacts, surviving XML order is correct, plan decisions are consistent, and the memo contains the required handoff information.",
prep_v10_verifier_v10_full,education_info__marc_remediation_folio_overlay,verifier,0,unverifiable,ab7f459b4b3cfbdbc3e7927eea3e55b958a1be48d486804ae689b3e5348ddba8,cli.outputs.schemas,deterministic,True,unverifiable,"The preserved CLI must run successfully and create the five required, parseable artifacts with the documented top-level schemas.",input/task_spec.md lines 15-28; input/TASK_PROMPT.md lines 29-35; input/starter_project/BUNDLE_MANIFEST.md lines 16-20,"python scripts/remediate_catalog.py --case-dir <case_dir> --output-dir <output_dir>
Required outputs:
- `remediated_records.xml`
- `overlay_decisions.csv`
- `folio_import_plan.json`
- `qa_report.json`
- `remediation_summary.md`",ambiguous,"input/task_spec.md lines 15-20 states: “Your final project in `output/submission/` must preserve this command: ... python scripts/remediate_catalog.py --case-dir <case_dir> --output-dir <output_dir>”. input/TASK_PROMPT.md lines 29-35 lists the five required outputs. However, the registered source_quote only lists the CLI and filenames; it omits the exact CSV, import-plan, and QA schema fields from BUNDLE_MANIFEST.md lines 17-19 while the check requires those keys exactly.","Operationally, both fresh invocations exited 0. `/tmp/verify-marc-out` contained all five files; XML parsed with 56 records, CSV parsed with 64 rows, both JSON files parsed as objects, and the Markdown summary had 915 characters. Observed CSV keys were `record_id, normalized_oclc, match_key, matched_instance_hrid, action, reason`; plan top-level keys and record keys matched BUNDLE_MANIFEST.md; QA had all nine documented keys. Source ambiguity prevents a pass.",Exit codes 0 and 0; five nonempty parseable artifacts; documented schemas observed.,"The invocation succeeds and all five artifacts exist, are parseable, and contain the documented schema fields.",
prep_v10_verifier_v10_full,education_info__marc_remediation_folio_overlay,verifier,0,unverifiable,ab7f459b4b3cfbdbc3e7927eea3e55b958a1be48d486804ae689b3e5348ddba8,implementation.input.driven,deterministic,True,pass,The implementation must derive behavior from the supplied case directory rather than hard-coding public record identifiers or public output values.,input/TASK_PROMPT.md lines 17 and 37; input/starter_project/input/public_case/cataloging_policy.md line 14,"Your implementation must derive all behavior from those files and from the rules below, not from public record identifiers or public output values.
Do not special-case public record IDs.",supported,"input/TASK_PROMPT.md line 17 states: “Your implementation must derive all behavior from those files and from the rules below, not from public record identifiers or public output values.” input/starter_project/input/public_case/cataloging_policy.md line 14 states: “Do not special-case public record IDs.”","Static inspection found no literals matching public identifiers (`800000`, `inLIS`, `ocn[0-9]`, `3908809`, `srsLIS`, or `hoLIS`) in `scripts/remediate_catalog.py` or `catalog_remediation_lib.py`. Script lines 152-158 resolve both CLI paths and read `legacy_records.xml`, `folio_instances.csv`, `location_map.csv`, and `authority_map.csv` through `case_dir`; lines 236-251 write through `output-dir`. Running once with `submission/input/public_case` and once with an identical copy at `/tmp/verify-marc-relocated` produced exit codes 0 and byte-equivalent directories (`diff -rq` emitted no differences).",No public-ID-specific source literals or branches; relocated-case output was identical.,"No public-ID-specific lookup or branching is present, inputs are loaded through the supplied case directory, and relocation of the same case does not change computed content.",
prep_v10_verifier_v10_full,education_info__marc_remediation_folio_overlay,verifier,0,unverifiable,ab7f459b4b3cfbdbc3e7927eea3e55b958a1be48d486804ae689b3e5348ddba8,deduplication.survivor,deterministic,True,pass,Incoming records sharing a normalized OCLC must be deduplicated; the record preferred by the documented completeness factors remains active and weaker records are suppressed from XML and import-plan records.,input/starter_project/input/public_case/cataloging_policy.md line 6,"When more than one incoming record has the same normalized OCLC, keep the most complete record: prefer records with a 100 field, a 300 field, and a non-VENDOR 040$a. Emit the weaker duplicates in `overlay_decisions.csv` with action `suppress_duplicate` and do not include them in remediated_records.xml or import_plan records.",supported,"input/starter_project/input/public_case/cataloging_policy.md line 6 states: “When more than one incoming record has the same normalized OCLC, keep the most complete record: prefer records with a 100 field, a 300 field, and a non-VENDOR 040$a. Emit the weaker duplicates in `overlay_decisions.csv` with action `suppress_duplicate` and do not include them in remediated_records.xml or import_plan records.”","Independent parsing found 8 duplicate OCLC groups: `(OCoLC)800000007`, `800000014`, `800000021`, `800000028`, `800000035`, `800000042`, `800000049`, and `800000056`. In every group, the retained source-position record scored 3/3 completeness factors and the weaker record scored 0/3. The weaker source positions were 7, 15, 23, 31, 39, 47, 55, and 63 (zero-based), and exactly those eight decision rows had `suppress_duplicate`. Counts were 64 incoming, 8 suppressions, 56 active XML records, and 56 plan records; output records retained the stronger completeness characteristics and followed surviving input order.",Exactly 8 weaker duplicates suppressed; 56 survivors in XML and plan.,"All and only weaker duplicate records are suppressed, while each selected survivor appears once in the active XML and import plan.",
prep_v10_verifier_v10_full,education_info__marc_remediation_folio_overlay,verifier,0,unverifiable,ab7f459b4b3cfbdbc3e7927eea3e55b958a1be48d486804ae689b3e5348ddba8,overlay.match.precedence,deterministic,True,unverifiable,"Overlay matching must use OCLC, then LCCN, then ISBN precedence; active matched records update, active unmatched records create, and normalized OCLC output must have the required form.",input/starter_project/input/public_case/cataloging_policy.md lines 5 and 9,"Match incoming bibliographic records to FOLIO instances by normalized OCLC number, then LCCN, then ISBN. OCLC values must be emitted as `(OCoLC)<digits>` with no `ocm`, `ocn`, spaces, or punctuation other than the prefix.
For FOLIO actions, emit `update_instance` when a match exists and `create_instance` otherwise.",ambiguous,"input/starter_project/input/public_case/cataloging_policy.md line 5 states: “Match incoming bibliographic records to FOLIO instances by normalized OCLC number, then LCCN, then ISBN. OCLC values must be emitted as `(OCoLC)<digits>` with no `ocm`, `ocn`, spaces, or punctuation other than the prefix.” Line 9 states: “For FOLIO actions, emit `update_instance` when a match exists and `create_instance` otherwise. Existing uncataloged matched instances must become status `Cataloged` in the import plan.” The registered source_quote omits the second sentence concerning Uncataloged-instance promotion even though the check and expected result require it.","Independent matching of all 56 active records found zero discrepancies in match precedence, `match_key`, matched HRID, or action. There were 28 updates and 28 creates, and no nonempty `normalized_oclc` failed `^\(OCoLC\)[0-9]+$`. Seven matched Uncataloged HRIDs (`inLIS000008`, `000016`, `000024`, `000032`, `000040`, `000048`, and `000056`) all had plan status `Cataloged`. Source ambiguity prevents a pass.",Zero matching/action errors; canonical OCLC syntax throughout; all 7 matched Uncataloged instances promoted.,"Every active decision identifies the correct precedence match, uses update_instance exactly when matched and create_instance otherwise, emits canonical OCLC syntax, and promotes matched Uncataloged instances to Cataloged.",
prep_v10_verifier_v10_full,education_info__marc_remediation_folio_overlay,verifier,0,unverifiable,ab7f459b4b3cfbdbc3e7927eea3e55b958a1be48d486804ae689b3e5348ddba8,marc.rda.remediation,deterministic,True,unverifiable,"Every active MARC record must contain the required RDA language/cataloging fields, omit obsolete 245$h, and contain one of the documented print or online 336/337/338 triples.",input/starter_project/input/public_case/cataloging_policy.md line 7,"Convert AACR2-era records to RDA by ensuring 040$b eng and 040$e rda, removing 245$h, and adding 336/337/338 fields. Use `text/txt`, `unmediated/n`, `volume/nc` for print records and `text/txt`, `computer/c`, `online resource/cr` for online records.",ambiguous,"input/starter_project/input/public_case/cataloging_policy.md line 7 states: “Convert AACR2-era records to RDA by ensuring 040$b eng and 040$e rda, removing 245$h, and adding 336/337/338 fields. Use `text/txt`, `unmediated/n`, `volume/nc` for print records and `text/txt`, `computer/c`, `online resource/cr` for online records.” This supports the required values but does not explicitly require exactly one triple or prohibit contradictory duplicate 336/337/338 fields, restrictions added by the registered check and expected result.","Operational audit of all 56 active XML records found zero errors: each had 040$b `eng`, 040$e `rda`, no 245$h, one `text/txt` 336, and exactly either `unmediated/n` plus `volume/nc` or `computer/c` plus `online resource/cr`. No contradictory carrier triples were observed. The stronger exactness restriction is not fully supported by the quote.",56 of 56 active records satisfy the strict operational RDA check.,All active records satisfy the stated RDA edits and contain exactly a valid documented print or online content/media/carrier combination.,
prep_v10_verifier_v10_full,education_info__marc_remediation_folio_overlay,verifier,0,unverifiable,ab7f459b4b3cfbdbc3e7927eea3e55b958a1be48d486804ae689b3e5348ddba8,authority.exact.mapping,deterministic,True,pass,"Exact authority-map matches in active 100, 700, and 650 $a values must be replaced, receive the supplied $0 URI, and retain other subfields such as relationship terms.",input/starter_project/input/public_case/cataloging_policy.md line 8,Use `authority_map.csv` to replace exact 100/700/650 `$a` values and add `$0` with the provided URI. Preserve relationship terms such as `$e author`.,supported,input/starter_project/input/public_case/cataloging_policy.md line 8 states: “Use `authority_map.csv` to replace exact 100/700/650 `$a` values and add `$0` with the provided URI. Preserve relationship terms such as `$e author`.”,"Independent comparison of the 56 selected source survivors against `authority_map.csv` found 112 applicable exact tag-and-$a mappings. All 112 remediated fields contained the corresponding `authorized_form` and exactly the supplied URI in $0. Comparison of all original subfields other than $a/$0 found no preservation errors, including relationship terms; no mapping error was observed.",112 applicable replacements; 112 correct; 0 mapping or preservation errors.,"Every applicable exact mapping is performed with the correct authorized heading and URI, and relationship terms and other unaffected subfields remain present.",
prep_v10_verifier_v10_full,education_info__marc_remediation_folio_overlay,verifier,0,unverifiable,ab7f459b4b3cfbdbc3e7927eea3e55b958a1be48d486804ae689b3e5348ddba8,folio.holdings.items.mapping,deterministic,True,unverifiable,Active 949 data must be transformed into holdings and item payloads using the corresponding location_map.csv values.,input/starter_project/input/public_case/cataloging_policy.md line 10,"Map 949 fields to FOLIO holdings/items using `location_map.csv`: 949$a location, 949$b call number, 949$c material type hint, 949$d loan policy hint, 949$e barcode.",ambiguous,"input/starter_project/input/public_case/cataloging_policy.md line 10 states: “Map 949 fields to FOLIO holdings/items using `location_map.csv`: 949$a location, 949$b call number, 949$c material type hint, 949$d loan policy hint, 949$e barcode.” This supports checking active 949 mappings. It does not state the registered check's additional requirement that suppressed records emit no payloads; that rule appears in the separately cited deduplication policy, not in this criterion's source_quote.","Independent audit found 56 mapped active 949 fields and 56 holdings/item pairs. All holdings used the location row's `permanent_location_id` and source 949$b call number; every item used the mapped `material_type_id`, mapped `loan_type_id`, and source 949$e barcode. The plan contained only 56 active records and no separate suppressed-record payload entries. Source ambiguity prevents a pass.",56 correct holdings payloads and 56 correct item payloads; 0 value or cardinality errors.,"Each active 949 yields correctly mapped holdings and item data, including call number and barcode, and duplicate suppressions yield none.",
prep_v10_verifier_v10_full,education_info__marc_remediation_folio_overlay,verifier,0,unverifiable,ab7f459b4b3cfbdbc3e7927eea3e55b958a1be48d486804ae689b3e5348ddba8,artifacts.cross.consistency,deterministic,True,unverifiable,"Artifact membership, QA counts, plan records, record order, and the handoff memo must agree with the computed remediation and documented output contracts.",input/TASK_PROMPT.md lines 31-35; input/starter_project/BUNDLE_MANIFEST.md lines 18-20,"`qa_report.json`: machine-readable counts for records received, active records, duplicate suppressions, create/update actions, RDA conversions, authority replacements, and holdings/items emitted.
record order follows deduplicated input order.
`remediation_summary.md`: short cataloging handoff memo listing decisions, unresolved assumptions, and FOLIO profile names.",ambiguous,"input/TASK_PROMPT.md line 34 states: “`qa_report.json`: machine-readable counts for records received, active records, duplicate suppressions, create/update actions, RDA conversions, authority replacements, and holdings/items emitted.” BUNDLE_MANIFEST.md line 20 states: “record order follows deduplicated input order.” input/TASK_PROMPT.md line 35 states: “`remediation_summary.md`: short cataloging handoff memo listing decisions, unresolved assumptions, and FOLIO profile names.” These excerpts support QA counts, order, and memo content, but the registered check additionally requires decision-row count, exact cross-artifact membership, and per-plan action/match agreement; those restrictions are not all entailed by the supplied source_quote.","Operational recomputation matched the QA object exactly: 64 received, 56 active, 8 suppressions, 28 updates, 28 creates, 56 RDA conversions, 112 authority replacements, 56 holdings, and 56 items. There were 64 decision rows; XML and plan each had the same 56 active records in surviving source order; all plan action/match tuples agreed with decisions. The 915-character memo includes Decisions, Unresolved assumptions, and all job, match, and action profile names from plan metadata. Source ambiguity prevents a pass.","All nine QA counts, memberships, order, plan decisions, and memo/profile content were operationally consistent.","All counts and record memberships agree across artifacts, surviving XML order is correct, plan decisions are consistent, and the memo contains the required handoff information.",
prep_v10_verifier_v10_full,health_medicine__crf_sdtm_mapping_1,prep_verifier,0,pass,fe423911f6c897e3a45b41e1a7a9fe2c7fec2df406eb7a54a32fcc62a2d20c80,output.single.csv,deterministic,True,pass,"The output directory must contain exactly one generated file named cm_mapping.csv, and it must be a parseable CSV mapping specification rather than an XPT or subject-level dataset.",input/task_brief.md lines 18-26,"Write exactly one CSV file:
output/cm_mapping.csv
The output must be a mapping specification only. Do not generate subject-level medication records, `CM.xpt`, `SUPPCM.xpt`, or mock patient data.",supported,"input/task_brief.md lines 18-26: “Write exactly one CSV file: output/cm_mapping.csv” and “The output must be a mapping specification only. Do not generate subject-level medication records, `CM.xpt`, `SUPPCM.xpt`, or mock patient data.”","`find /tmp/ale-verifier-cae1bb91d08b/snapshot-0 -type f -printf '%P\n'` returned only `cm_mapping.csv`. `file` identified it as `CSV text`; Python's standards-compliant `csv.DictReader` parsed 32 data rows with no malformed-width rows. No XPT files, STUDYID/DOMAIN/USUBJID columns, mock-patient text, or subject-level records were found. The rejected-symlink receipt was empty.",One regular artifact file: cm_mapping.csv; parseable CSV with 32 mapping rows and no prohibited artifacts.,"Exactly output/cm_mapping.csv exists, it parses as CSV, and no other output file or prohibited subject-level/XPT artifact is present.",
prep_v10_verifier_v10_full,health_medicine__crf_sdtm_mapping_1,prep_verifier,0,pass,fe423911f6c897e3a45b41e1a7a9fe2c7fec2df406eb7a54a32fcc62a2d20c80,csv.columns.order,deterministic,True,pass,The CSV must have exactly the eleven contract columns in the specified order.,input/output_contract.json keys columns (lines 3-15),"""columns"": [
    ""crf_form"", ""crf_field_label"", ""crf_item_or_placeholder"", ""sdtm_dataset"", ""sdtm_variable"", ""role"", ""origin"", ""mapping_rule"", ""controlled_terms_or_expected_values"", ""goes_to_suppqual"", ""notes""
  ]",supported,"input/output_contract.json lines 3-15 gives the ordered `columns` array: `crf_form`, `crf_field_label`, `crf_item_or_placeholder`, `sdtm_dataset`, `sdtm_variable`, `role`, `origin`, `mapping_rule`, `controlled_terms_or_expected_values`, `goes_to_suppqual`, `notes`.","Python CSV parsing returned fieldnames exactly `['crf_form', 'crf_field_label', 'crf_item_or_placeholder', 'sdtm_dataset', 'sdtm_variable', 'role', 'origin', 'mapping_rule', 'controlled_terms_or_expected_values', 'goes_to_suppqual', 'notes']`; all 32 rows had the expected width.","Header has exactly the contract's eleven columns in contract order, with no extras.",The parsed header exactly equals the eleven-element columns array in output_contract.json.,
prep_v10_verifier_v10_full,health_medicine__crf_sdtm_mapping_1,prep_verifier,0,pass,fe423911f6c897e3a45b41e1a7a9fe2c7fec2df406eb7a54a32fcc62a2d20c80,rows.dataset.suppqual.consistency,deterministic,True,pass,"Every row must use CM or SUPPCM, use YES or NO for goes_to_suppqual, and follow the dataset-to-SUPPQUAL consistency rules.","input/output_contract.json keys allowed_sdtm_dataset, allowed_goes_to_suppqual, and consistency_rules (lines 23-34)","""allowed_sdtm_dataset"": [""CM"", ""SUPPCM""]
""allowed_goes_to_suppqual"": [""YES"", ""NO""]
""if sdtm_dataset == CM then goes_to_suppqual must be NO""
""if sdtm_dataset == SUPPCM then goes_to_suppqual must be YES""",supported,"input/output_contract.json lines 23-34 states allowed datasets `CM`, `SUPPCM`, allowed flags `YES`, `NO`, and the implications “if sdtm_dataset == CM then goes_to_suppqual must be NO” and “if sdtm_dataset == SUPPCM then goes_to_suppqual must be YES”.","Validation of all 32 parsed rows found the sole observed normalized dataset/flag pair was `('CM', 'NO')`; the invalid-pair list was empty.",32 CM/NO rows; 0 inconsistent or disallowed rows.,"Every row has CM/NO or SUPPCM/YES, with no other dataset or flag value.",
prep_v10_verifier_v10_full,health_medicine__crf_sdtm_mapping_1,prep_verifier,0,pass,fe423911f6c897e3a45b41e1a7a9fe2c7fec2df406eb7a54a32fcc62a2d20c80,rows.composite.key.unique,deterministic,True,pass,Rows must be unique by the contract composite key after the specified whitespace normalization.,input/output_contract.json keys composite_key and normalization (lines 16-22 and 35),"""composite_key"": [""crf_form"", ""crf_field_label"", ""crf_item_or_placeholder"", ""sdtm_dataset"", ""sdtm_variable""]
""normalization"": ""trim whitespace and collapse repeated internal whitespace before comparison""",supported,"input/output_contract.json lines 16-22 defines the five-column composite key, and line 35 states: “trim whitespace and collapse repeated internal whitespace before comparison”.","A Python check trimmed and collapsed repeated whitespace in each of `crf_form`, `crf_field_label`, `crf_item_or_placeholder`, `sdtm_dataset`, and `sdtm_variable` for all 32 rows. It found `duplicate_keys=[]`.",32 normalized composite keys and 0 duplicates.,No two rows have the same normalized composite-key tuple.,
prep_v10_verifier_v10_full,health_medicine__crf_sdtm_mapping_1,prep_verifier,0,pass,fe423911f6c897e3a45b41e1a7a9fe2c7fec2df406eb7a54a32fcc62a2d20c80,scope.collected.fields.only,deterministic,True,pass,Rows must represent collected CRF fields; named derived/protocol variables and uncollected SUPPCM infrastructure rows must be omitted.,"public task prompt, Canonical row and text conventions","Include only rows for CRF-sourced fields; omit derived or protocol-level variables (e.g. STUDYID, DOMAIN, USUBJID) that have no corresponding CRF field.
do not add separate infrastructure rows for RDOMAIN, IDVAR, IDVARVAL, QNAM, QLABEL, QORIG, or QEVAL unless that item is itself collected.",supported,"Public task, Canonical row and text conventions: “Include only rows for CRF-sourced fields; omit derived or protocol-level variables (e.g. STUDYID, DOMAIN, USUBJID) that have no corresponding CRF field.” It also says: “do not add separate infrastructure rows for RDOMAIN, IDVAR, IDVARVAL, QNAM, QLABEL, QORIG, or QEVAL unless that item is itself collected.”","Across all 32 CSV rows, the check for target variables `STUDYID`, `DOMAIN`, `USUBJID`, `RDOMAIN`, `IDVAR`, `IDVARVAL`, `QNAM`, `QLABEL`, `QORIG`, and `QEVAL` returned an empty list. The file contains field-level mapping rows rather than derived protocol or SUPPCM infrastructure rows.",0 named derived/protocol-only or SUPPCM infrastructure target rows.,No named derived/protocol-only row or uncollected SUPPCM infrastructure row is present.,
prep_v10_verifier_v10_full,health_medicine__crf_sdtm_mapping_1,prep_verifier,0,pass,fe423911f6c897e3a45b41e1a7a9fe2c7fec2df406eb7a54a32fcc62a2d20c80,mapping.notes.field.specific,deterministic,True,pass,"Each mapping_rule and notes value must be field-specific: the rule must explicitly name its target variable, and notes must cite applicable form/page or metadata evidence.","public task prompt, Canonical row and text conventions",Make every `mapping_rule` and `notes` value field-specific: explicitly name the target variable and cite the applicable source form/page or metadata evidence.,supported,"Public task, Canonical row and text conventions: “Make every `mapping_rule` and `notes` value field-specific: explicitly name the target variable and cite the applicable source form/page or metadata evidence.”","Automated checks over all 32 rows found no empty `mapping_rule` or `notes`, no rule missing its row's exact `sdtm_variable` token, and no notes missing a page/form/define.xml/metadata locator. For example, the baseline CMDOSFRQ rule explicitly names `CMDOSFRQ`, while its notes cite “aCRF page 15” and “SDTM define.xml”.",32/32 rules name their exact target variable; 32/32 notes provide source-evidence locators.,"Every row's rule names its target variable and every row's notes contains an applicable, locatable source-evidence citation.",
prep_v10_verifier_v10_full,health_medicine__crf_sdtm_mapping_1,prep_verifier,0,pass,fe423911f6c897e3a45b41e1a7a9fe2c7fec2df406eb7a54a32fcc62a2d20c80,sample.baseline.vax.mappings,public_evidence,True,pass,"For the seeded baseline and non-study-vaccination fields, the CSV must preserve the source form title, field label and bare placeholder and map to the annotated CM target.","input/source_documents/annotated_crf.pdf, PDF pages 15-16","PDF p15: C4591001: CONCOMITANT MEDICATIONS - BASELINE (CONMED BSL); 2. Category: GENERAL CONCOMITANT MEDICATIONS CMCAT; [Category for Medication]; 7. Dose Frequency: CMDOSFRQ; [Dose Frequency]
PDF p16: C4591001: CONCOMITANT MEDICATIONS - NON STUDY VACCINATIONS (CONMED VAX); 5. Date: [Start Date] CMSTDTC",supported,"annotated_crf.pdf PDF page 15 shows `C4591001: CONCOMITANT MEDICATIONS - BASELINE (CONMED BSL)`, field 2 `Category:` / `[Category for Medication]` with `GENERAL CONCOMITANT MEDICATIONS CMCAT`, and field 7 `Dose Frequency:` / `[Dose Frequency]` with `CMDOSFRQ`. PDF page 16 shows `C4591001: CONCOMITANT MEDICATIONS - NON STUDY VACCINATIONS (CONMED VAX)`, field 5 `Date:` / `[Start Date]` with `CMSTDTC`. These excerpts directly support the registered form, label, placeholder, target, and displayed-value checks.","CSV row 3 has form `CONCOMITANT MEDICATIONS - BASELINE (CONMED BSL)`, label `Category:`, bare placeholder `Category for Medication`, target `CM.CMCAT`, and expected value `GENERAL CONCOMITANT MEDICATIONS`. Row 8 has the same baseline form, label `Dose Frequency:`, bare placeholder `Dose Frequency`, and target `CM.CMDOSFRQ`. Row 14 has form `CONCOMITANT MEDICATIONS - NON STUDY VACCINATIONS (CONMED VAX)`, label `Date:`, bare placeholder `Start Date`, and target `CM.CMSTDTC`. Each has `goes_to_suppqual=NO`. Direct `pdftotext -layout` inspection of PDF pages 15-16 confirmed the corresponding annotations.","All three seeded mappings preserve the source titles, labels, bare placeholders, CM targets, and the applicable baseline category value.",Page 15 field 7 maps Dose Frequency/[Dose Frequency] to CM.CMDOSFRQ; page 16 field 5 maps Date/[Start Date] to CM.CMSTDTC; page 15 field 2 maps Category/[Category for Medication] to CM.CMCAT and represents GENERAL CONCOMITANT MEDICATIONS.,
prep_v10_verifier_v10_full,health_medicine__crf_sdtm_mapping_1,prep_verifier,0,pass,fe423911f6c897e3a45b41e1a7a9fe2c7fec2df406eb7a54a32fcc62a2d20c80,sample.prohibited.mappings,public_evidence,True,pass,"For the seeded prohibited-medication fields, the CSV must preserve the source form title, field label and bare placeholder and map to the annotated CM target.","input/source_documents/annotated_crf.pdf, PDF page 76","C4591001: CONCOMITANT MEDICATIONS - PROHIBITED (PROHIB CM); 2. Category: CONCOMITANT IMMUNOSUPPRESSIVE THERAPY CORTICOSTEROIDS IMMUNOGLOBULINS CMCAT; [Category for Medication]
8. Route: [Route] CMROUTE",supported,"annotated_crf.pdf PDF page 76 shows `C4591001: CONCOMITANT MEDICATIONS - PROHIBITED (PROHIB CM)`, field 2 `Category:` / `[Category for Medication]` with `CONCOMITANT IMMUNOSUPPRESSIVE THERAPY`, `CORTICOSTEROIDS`, `IMMUNOGLOBULINS`, and `CMCAT`; field 8 shows `Route:` / `[Route]` with `CMROUTE`.","CSV row 16 has form `CONCOMITANT MEDICATIONS - PROHIBITED (PROHIB CM)`, label `Category:`, bare placeholder `Category for Medication`, target `CM.CMCAT`, and values `CONCOMITANT IMMUNOSUPPRESSIVE THERAPY; CORTICOSTEROIDS; IMMUNOGLOBULINS`. Row 22 has the same form, label `Route:`, bare placeholder `Route`, and target `CM.CMROUTE`. Both use `goes_to_suppqual=NO`. Direct `pdftotext -layout` inspection of PDF page 76 confirmed these annotations and category values.","Both seeded prohibited-medication mappings match page 76, including all three displayed category values.",Field 8 maps Route/[Route] to CM.CMROUTE; field 2 maps Category/[Category for Medication] to CM.CMCAT and represents the three displayed category values.,
prep_v10_verifier_v10_full,health_medicine__crf_sdtm_mapping_1,verifier,0,pass,7a2943093f0f0a0bea05f252208f0017fcc8b1bcdaf9825257429945150b4f2d,output.single.csv,deterministic,True,pass,"The output directory must contain exactly one generated file named cm_mapping.csv, and it must be a parseable CSV mapping specification rather than an XPT or subject-level dataset.",input/task_brief.md lines 18-26,"Write exactly one CSV file:
output/cm_mapping.csv
The output must be a mapping specification only. Do not generate subject-level medication records, `CM.xpt`, `SUPPCM.xpt`, or mock patient data.",supported,"input/task_brief.md lines 18-26 state: “Write exactly one CSV file: output/cm_mapping.csv” and “The output must be a mapping specification only. Do not generate subject-level medication records, `CM.xpt`, `SUPPCM.xpt`, or mock patient data.”","`find /tmp/ale-verifier-cae1bb91d08b/snapshot-0 -maxdepth 3 -printf '%y %p\n'` found one regular file only: `/tmp/ale-verifier-cae1bb91d08b/snapshot-0/cm_mapping.csv`. The rejected-symlink receipt is empty. `file` identifies the artifact as “CSV text”; Python's `csv.DictReader` parsed 32 data rows with no extra columns. The rows are field-level mapping entries, not subject-level records, and no XPT or mock-data artifact is present.","Exactly one snapshot file, cm_mapping.csv; parseable as an 11-column CSV with 32 mapping rows.","Exactly output/cm_mapping.csv exists, it parses as CSV, and no other output file or prohibited subject-level/XPT artifact is present.",
prep_v10_verifier_v10_full,health_medicine__crf_sdtm_mapping_1,verifier,0,pass,7a2943093f0f0a0bea05f252208f0017fcc8b1bcdaf9825257429945150b4f2d,csv.columns.order,deterministic,True,pass,The CSV must have exactly the eleven contract columns in the specified order.,input/output_contract.json keys columns (lines 3-15),"""columns"": [
    ""crf_form"", ""crf_field_label"", ""crf_item_or_placeholder"", ""sdtm_dataset"", ""sdtm_variable"", ""role"", ""origin"", ""mapping_rule"", ""controlled_terms_or_expected_values"", ""goes_to_suppqual"", ""notes""
  ]",supported,"input/output_contract.json lines 3-15 contain the ordered `columns` array: `crf_form`, `crf_field_label`, `crf_item_or_placeholder`, `sdtm_dataset`, `sdtm_variable`, `role`, `origin`, `mapping_rule`, `controlled_terms_or_expected_values`, `goes_to_suppqual`, `notes`.","Python CSV parsing returned fieldnames `['crf_form', 'crf_field_label', 'crf_item_or_placeholder', 'sdtm_dataset', 'sdtm_variable', 'role', 'origin', 'mapping_rule', 'controlled_terms_or_expected_values', 'goes_to_suppqual', 'notes']`; direct comparison with `output_contract.json.columns` returned `HEADER_MATCH True`, and all 32 rows had no extra columns.",The parsed header exactly matches the contract's eleven columns in order.,The parsed header exactly equals the eleven-element columns array in output_contract.json.,
prep_v10_verifier_v10_full,health_medicine__crf_sdtm_mapping_1,verifier,0,pass,7a2943093f0f0a0bea05f252208f0017fcc8b1bcdaf9825257429945150b4f2d,rows.dataset.suppqual.consistency,deterministic,True,pass,"Every row must use CM or SUPPCM, use YES or NO for goes_to_suppqual, and follow the dataset-to-SUPPQUAL consistency rules.","input/output_contract.json keys allowed_sdtm_dataset, allowed_goes_to_suppqual, and consistency_rules (lines 23-34)","""allowed_sdtm_dataset"": [""CM"", ""SUPPCM""]
""allowed_goes_to_suppqual"": [""YES"", ""NO""]
""if sdtm_dataset == CM then goes_to_suppqual must be NO""
""if sdtm_dataset == SUPPCM then goes_to_suppqual must be YES""",supported,"input/output_contract.json lines 23-34 specify `allowed_sdtm_dataset` as `CM`, `SUPPCM`; `allowed_goes_to_suppqual` as `YES`, `NO`; and require CM/NO and SUPPCM/YES pairings.","A Python validation of every parsed data row against allowed pairs `(CM, NO)` and `(SUPPCM, YES)` printed `DATASET_BAD []`. All 32 rows use `sdtm_dataset=CM` and `goes_to_suppqual=NO`.",32 CM/NO rows; zero invalid dataset/flag pairs.,"Every row has CM/NO or SUPPCM/YES, with no other dataset or flag value.",
prep_v10_verifier_v10_full,health_medicine__crf_sdtm_mapping_1,verifier,0,pass,7a2943093f0f0a0bea05f252208f0017fcc8b1bcdaf9825257429945150b4f2d,rows.composite.key.unique,deterministic,True,pass,Rows must be unique by the contract composite key after the specified whitespace normalization.,input/output_contract.json keys composite_key and normalization (lines 16-22 and 35),"""composite_key"": [""crf_form"", ""crf_field_label"", ""crf_item_or_placeholder"", ""sdtm_dataset"", ""sdtm_variable""]
""normalization"": ""trim whitespace and collapse repeated internal whitespace before comparison""",supported,"input/output_contract.json lines 16-22 define the five-part composite key, and line 35 states: “trim whitespace and collapse repeated internal whitespace before comparison”.","Python normalized each of the 32 rows' `crf_form`, `crf_field_label`, `crf_item_or_placeholder`, `sdtm_dataset`, and `sdtm_variable` values using whitespace splitting/rejoining, then checked repeated tuples; output was `DUPS []`.",32 normalized composite keys and zero duplicates.,No two rows have the same normalized composite-key tuple.,
prep_v10_verifier_v10_full,health_medicine__crf_sdtm_mapping_1,verifier,0,pass,7a2943093f0f0a0bea05f252208f0017fcc8b1bcdaf9825257429945150b4f2d,scope.collected.fields.only,deterministic,True,pass,Rows must represent collected CRF fields; named derived/protocol variables and uncollected SUPPCM infrastructure rows must be omitted.,"public task prompt, Canonical row and text conventions","Include only rows for CRF-sourced fields; omit derived or protocol-level variables (e.g. STUDYID, DOMAIN, USUBJID) that have no corresponding CRF field.
do not add separate infrastructure rows for RDOMAIN, IDVAR, IDVARVAL, QNAM, QLABEL, QORIG, or QEVAL unless that item is itself collected.",supported,"The public task's Canonical row and text conventions state: “Include only rows for CRF-sourced fields; omit derived or protocol-level variables (e.g. STUDYID, DOMAIN, USUBJID) that have no corresponding CRF field.” They also state: “do not add separate infrastructure rows for RDOMAIN, IDVAR, IDVARVAL, QNAM, QLABEL, QORIG, or QEVAL unless that item is itself collected.”","A scan of all 32 CSV rows for targets STUDYID, DOMAIN, USUBJID, RDOMAIN, IDVAR, IDVARVAL, QNAM, QLABEL, QORIG, and QEVAL returned `PROHIBITED []`. Every row identifies a CRF form, visible field label, and item/placeholder. The rows whose origin is Derived target CMENRTPT/CMENTPT from the explicitly collected `Ongoing?`/`Ongoing` CRF field and therefore are not protocol-only or uncollected infrastructure rows.",No named protocol-only variables or SUPPCM infrastructure targets are present.,No named derived/protocol-only row or uncollected SUPPCM infrastructure row is present.,
prep_v10_verifier_v10_full,health_medicine__crf_sdtm_mapping_1,verifier,0,pass,7a2943093f0f0a0bea05f252208f0017fcc8b1bcdaf9825257429945150b4f2d,mapping.notes.field.specific,deterministic,True,pass,"Each mapping_rule and notes value must be field-specific: the rule must explicitly name its target variable, and notes must cite applicable form/page or metadata evidence.","public task prompt, Canonical row and text conventions",Make every `mapping_rule` and `notes` value field-specific: explicitly name the target variable and cite the applicable source form/page or metadata evidence.,supported,The public task's Canonical row and text conventions state: “Make every `mapping_rule` and `notes` value field-specific: explicitly name the target variable and cite the applicable source form/page or metadata evidence.”,"For all 32 parsed rows, a Python check required nonempty `mapping_rule` and `notes` and the exact `sdtm_variable` token within `mapping_rule`; it returned `RULE_NOTE_BAD []`. Each notes value cites an aCRF page (15, 16, 76, or 110), its applicable form, and an SDTM define.xml locator/statement.",32 of 32 rules name their row's target variable; 32 of 32 notes cite page/form and define.xml evidence.,"Every row's rule names its target variable and every row's notes contains an applicable, locatable source-evidence citation.",
prep_v10_verifier_v10_full,health_medicine__crf_sdtm_mapping_1,verifier,0,pass,7a2943093f0f0a0bea05f252208f0017fcc8b1bcdaf9825257429945150b4f2d,sample.baseline.vax.mappings,public_evidence,True,pass,"For the seeded baseline and non-study-vaccination fields, the CSV must preserve the source form title, field label and bare placeholder and map to the annotated CM target.","input/source_documents/annotated_crf.pdf, PDF pages 15-16","PDF p15: C4591001: CONCOMITANT MEDICATIONS - BASELINE (CONMED BSL); 2. Category: GENERAL CONCOMITANT MEDICATIONS CMCAT; [Category for Medication]; 7. Dose Frequency: CMDOSFRQ; [Dose Frequency]
PDF p16: C4591001: CONCOMITANT MEDICATIONS - NON STUDY VACCINATIONS (CONMED VAX); 5. Date: [Start Date] CMSTDTC",supported,"Visual/text inspection of input/source_documents/annotated_crf.pdf at PDF page 15 shows `C4591001: CONCOMITANT MEDICATIONS - BASELINE (CONMED BSL)`, field 2 `Category:` with `[Category for Medication]`, displayed `GENERAL CONCOMITANT MEDICATIONS`, and annotation `CMCAT`; field 7 is `Dose Frequency:` with `[Dose Frequency]` and `CMDOSFRQ`. PDF page 16 shows `C4591001: CONCOMITANT MEDICATIONS - NON STUDY VACCINATIONS (CONMED VAX)` and field 5 `Date:` with `[Start Date]` and `CMSTDTC`. These independently located excerpts directly support the registered requirement and expected mappings.","CSV line 3 has form `CONCOMITANT MEDICATIONS - BASELINE (CONMED BSL)`, label `Category:`, bare placeholder `Category for Medication`, target `CM.CMCAT`, and expected value `GENERAL CONCOMITANT MEDICATIONS`. CSV line 8 has the same baseline form, label `Dose Frequency:`, bare placeholder `Dose Frequency`, and target `CM.CMDOSFRQ`. CSV line 14 has form `CONCOMITANT MEDICATIONS - NON STUDY VACCINATIONS (CONMED VAX)`, label `Date:`, bare placeholder `Start Date`, and target `CM.CMSTDTC`. These match the inspected PDF page 15-16 annotations.","All three seeded mappings, labels, bare placeholders, form titles, CM targets, and the baseline fixed category value are present.",Page 15 field 7 maps Dose Frequency/[Dose Frequency] to CM.CMDOSFRQ; page 16 field 5 maps Date/[Start Date] to CM.CMSTDTC; page 15 field 2 maps Category/[Category for Medication] to CM.CMCAT and represents GENERAL CONCOMITANT MEDICATIONS.,
prep_v10_verifier_v10_full,health_medicine__crf_sdtm_mapping_1,verifier,0,pass,7a2943093f0f0a0bea05f252208f0017fcc8b1bcdaf9825257429945150b4f2d,sample.prohibited.mappings,public_evidence,True,pass,"For the seeded prohibited-medication fields, the CSV must preserve the source form title, field label and bare placeholder and map to the annotated CM target.","input/source_documents/annotated_crf.pdf, PDF page 76","C4591001: CONCOMITANT MEDICATIONS - PROHIBITED (PROHIB CM); 2. Category: CONCOMITANT IMMUNOSUPPRESSIVE THERAPY CORTICOSTEROIDS IMMUNOGLOBULINS CMCAT; [Category for Medication]
8. Route: [Route] CMROUTE",supported,"Visual/text inspection of input/source_documents/annotated_crf.pdf PDF page 76 shows `C4591001: CONCOMITANT MEDICATIONS - PROHIBITED (PROHIB CM)`, field 2 `Category:` with `[Category for Medication]`, displayed values `CONCOMITANT IMMUNOSUPPRESSIVE THERAPY`, `CORTICOSTEROIDS`, and `IMMUNOGLOBULINS`, annotated to `CMCAT`; field 8 is `Route:` with `[Route]`, annotated to `CMROUTE`.","CSV line 16 has form `CONCOMITANT MEDICATIONS - PROHIBITED (PROHIB CM)`, label `Category:`, bare placeholder `Category for Medication`, target `CM.CMCAT`, and controlled/expected values `CONCOMITANT IMMUNOSUPPRESSIVE THERAPY, CORTICOSTEROIDS, IMMUNOGLOBULINS`. CSV line 22 has the same form, label `Route:`, bare placeholder `Route`, and target `CM.CMROUTE`. Both rows cite aCRF page 76.","Both prohibited-form seeded mappings are present and preserve the form title, labels, bare placeholders, targets, and all three Category values.",Field 8 maps Route/[Route] to CM.CMROUTE; field 2 maps Category/[Category for Medication] to CM.CMCAT and represents the three displayed category values.,
prep_v10_verifier_v10_full,health_medicine__crf_sdtm_mapping_4,prep_verifier,0,unverifiable,bdf627559406a401b2755f98ab1f853f7abfd017968da4fd602ef7fa839e9028,output.single.csv,deterministic,True,pass,"The output directory contains exactly one generated file, named ae_mapping.csv.",input/task_brief.md lines 16-22; public task prompt Required Output and Constraints,"Write exactly one CSV file:
output/ae_mapping.csv
Keep all generated files inside `/media/user/data/agenthle/health_medicine/crf_sdtm_mapping_4/base/output`.",supported,input/task_brief.md lines 16-22 states: “Write exactly one CSV file:” followed by “output/ae_mapping.csv”. The public task Constraints also state: “Keep all generated files inside `/media/user/data/agenthle/health_medicine/crf_sdtm_mapping_4/base/output`.”,Recursive snapshot listing (`find /tmp/ale-verifier-f8f5f8bd2dc5/snapshot-0 -printf '%y %P\n'`) returned one regular file only: `f ae_mapping.csv`. The rejected-symlink receipt has size 0 bytes.,"Exactly one regular file, ae_mapping.csv.","Exactly one regular file exists under output/, and its relative path is ae_mapping.csv.",
prep_v10_verifier_v10_full,health_medicine__crf_sdtm_mapping_4,prep_verifier,0,unverifiable,bdf627559406a401b2755f98ab1f853f7abfd017968da4fd602ef7fa839e9028,csv.header.order,deterministic,True,pass,The CSV has exactly the eleven required columns in the prescribed order.,"input/output_contract.json keys columns, lines 3-15","""columns"": [
""crf_form"", ""crf_field_label"", ""crf_item_or_placeholder"", ""sdtm_dataset"", ""sdtm_variable"", ""role"", ""origin"", ""mapping_rule"", ""controlled_terms_or_expected_values"", ""goes_to_suppqual"", ""notes""
]",supported,"input/output_contract.json lines 3-15 defines, in order: `crf_form`, `crf_field_label`, `crf_item_or_placeholder`, `sdtm_dataset`, `sdtm_variable`, `role`, `origin`, `mapping_rule`, `controlled_terms_or_expected_values`, `goes_to_suppqual`, `notes`. This directly establishes the prescribed CSV schema.","Python csv parsing reported `header_exact True`, `rows_total 27`, `data_rows 26`, and `field_counts {11: 27}`. The parsed header exactly matched output_contract.json.columns.",Exact 11-column ordered header; 26 data rows; every header/data row has 11 fields.,"The file is parseable CSV, has the exact ordered header from the contract, contains at least one data row, and every row has eleven fields.",
prep_v10_verifier_v10_full,health_medicine__crf_sdtm_mapping_4,prep_verifier,0,unverifiable,bdf627559406a401b2755f98ab1f853f7abfd017968da4fd602ef7fa839e9028,dataset.suppqual.consistency,deterministic,True,pass,Every row uses an allowed SDTM dataset and the required goes_to_suppqual value for that dataset.,"input/output_contract.json keys allowed_sdtm_dataset, allowed_goes_to_suppqual, and consistency_rules, lines 42-55","""allowed_sdtm_dataset"": [""AE"", ""SUPPAE""]
""if sdtm_dataset == AE then goes_to_suppqual must be NO""
""if sdtm_dataset == SUPPAE then goes_to_suppqual must be YES""",supported,input/output_contract.json lines 42-44 allows `AE` and `SUPPAE`; lines 52-54 state: “if sdtm_dataset == AE then goes_to_suppqual must be NO” and “if sdtm_dataset == SUPPAE then goes_to_suppqual must be YES”.,"After trimming and collapsing whitespace in every parsed row, the validation script reported `dataset_flag_violations []` and dataset counts `AE: 21`, `SUPPAE: 5`. All AE rows used NO and all SUPPAE rows used YES.",26 of 26 rows use an allowed dataset and its required flag.,All rows satisfy the allowed dataset and dataset-to-suppqual flag rules.,
prep_v10_verifier_v10_full,health_medicine__crf_sdtm_mapping_4,prep_verifier,0,unverifiable,bdf627559406a401b2755f98ab1f853f7abfd017968da4fd602ef7fa839e9028,composite.key.unique,deterministic,True,pass,Rows are unique on the contract's composite key.,"input/output_contract.json key composite_key, lines 16-20; normalization, line 46","""composite_key"": [""crf_item_or_placeholder"", ""sdtm_dataset"", ""sdtm_variable""]
""normalization"": ""trim whitespace and collapse repeated internal whitespace before comparison""",supported,"input/output_contract.json lines 16-20 defines the composite key as `crf_item_or_placeholder`, `sdtm_dataset`, and `sdtm_variable`; line 46 specifies: “trim whitespace and collapse repeated internal whitespace before comparison”.",The normalized-key validation reported `unique_keys 26 of 26 duplicates []`.,"26 normalized composite-key tuples across 26 rows, with no duplicates.",Every normalized composite-key tuple is unique.,
prep_v10_verifier_v10_full,health_medicine__crf_sdtm_mapping_4,prep_verifier,0,unverifiable,bdf627559406a401b2755f98ab1f853f7abfd017968da4fd602ef7fa839e9028,targets.define.valid,deterministic,True,pass,"AE target variables come from the AE metadata in define.xml, and SUPPAE targets use applicable QNAM values directly rather than QVAL.","input/output_contract.json column_notes.sdtm_variable, line 25; input/task_brief.md line 24","""sdtm_variable"": ""The target SDTM variable name from define.xml. For SUPPAE rows, use the QNAM value directly (e.g. AECMGIV, AESUBJDC), not QVAL.""
Use the source materials to identify field-level mappings for `AE` and any AE-related supplemental qualifiers in `SUPPAE`.",supported,"input/output_contract.json line 25 states: “The target SDTM variable name from define.xml. For SUPPAE rows, use the QNAM value directly (e.g. AECMGIV, AESUBJDC), not QVAL.” input/task_brief.md line 24 requires mappings for AE and AE-related supplemental qualifiers in SUPPAE.","Parsed input/source_documents/sdtm_define.xml. IG.AE references 49 ItemDefs. All 21 distinct CSV AE targets were among their ItemDef Names (`unsupported AE targets []`). AE-related SUPPAE QNAM CheckValues found in metadata were AEAENO, AECMGIV, AEMEFL, AEMERES, AENDGIV, AERELTXT, AESUBJDC, and DICTVER; all five submitted SUPPAE targets—AECMGIV, AEMERES, AENDGIV, AERELTXT, AESUBJDC—were in that set (`unsupported SUPPAE targets []`). No submitted target was QVAL (`QVAL targets []`).",Every submitted AE and SUPPAE target is supported by the applicable define.xml metadata; zero QVAL targets.,"Every target is supported by the appropriate public define.xml metadata, and every SUPPAE target is a QNAM value rather than QVAL.",
prep_v10_verifier_v10_full,health_medicine__crf_sdtm_mapping_4,prep_verifier,0,unverifiable,bdf627559406a401b2755f98ab1f853f7abfd017968da4fd602ef7fa839e9028,sampled.field.mapping,public_evidence,True,unverifiable,"Sampled CRF fields are represented as field-level mappings to the AE or SUPPAE targets shown by the annotated CRF, with CRF-side labels or descriptors that identify the sampled source field.",input/task_brief.md lines 3-4 and 24; input/source_documents/annotated_crf.pdf pages 11-12,"Create a field-level Adverse Events (AE) SDTM mapping specification for study C4591001.
Use the source materials to identify field-level mappings for `AE` and any AE-related supplemental qualifiers in `SUPPAE`.",ambiguous,"The quoted task_brief.md lines 3-4 and 24 only state the general requirement to create a field-level AE mapping and identify AE/SUPPAE mappings. They do not state the five fixed-sample completeness rule. In addition, the fixed locator for “page 11, field 11 concomitant-medication” conflicts with the PDF: extracted annotated_crf.pdf page 11 ends at field 10, while field 11 and `AECMGIV in SUPPAE` appear on page 12. Pages 11-12 otherwise show AESTDTC, AEMERES in SUPPAE, AECMGIV in SUPPAE, AEDECOD, and AEHLT annotations.","Operational inspection found matching CSV rows for AESTDTC (CSV line 5), AEMERES (line 23), and AECMGIV (line 25). No rows matched AE/AEDECOD or AE/AEHLT. However, the source_quote does not entail the exact five-row sampling restriction, and one registered page locator is inconsistent with the cited PDF, so these observations cannot be converted into a pass or fail under the verifier rules.","3 of the 5 registered targets have corresponding rows; AEDECOD and AEHLT are absent. The AECMGIV annotation is on PDF page 12, not the registered page 11 locator.","All five sampled annotated targets have corresponding, semantically consistent field-level rows: AE for ordinary AE variables and SUPPAE for annotations explicitly marked 'in SUPPAE'.",
prep_v10_verifier_v10_full,health_medicine__crf_sdtm_mapping_4,prep_verifier,0,unverifiable,bdf627559406a401b2755f98ab1f853f7abfd017968da4fd602ef7fa839e9028,artifact.mapping.only,deterministic,True,pass,"The deliverable is a mapping specification CSV, not subject-level data, XPT datasets, or mock patient data.",input/task_brief.md lines 24-26,"The output must be a mapping specification only. Do not generate subject-level adverse event records, `AE.xpt`, `SUPPAE.xpt`, or mock patient data.",supported,"input/task_brief.md lines 24-26 states: “The output must be a mapping specification only. Do not generate subject-level adverse event records, `AE.xpt`, `SUPPAE.xpt`, or mock patient data.”",The sole snapshot file was identified by `file` as `CSV text`; its header is exactly the contracted 11 mapping-specification columns. Recursive XPT search returned no files. There are no subject-record columns outside the contract.,"One field-level mapping CSV containing 26 mapping rows; no XPT, subject-level, or mock-patient artifact.","Only the field-level mapping CSV is present, with no subject-level or XPT artifact.",
prep_v10_verifier_v10_full,health_medicine__crf_sdtm_mapping_4,verifier,0,unverifiable,a5ab4c67c76eb9d3acbc167d5f827024411309f8193716a271e916da459033d9,output.single.csv,deterministic,True,pass,"The output directory contains exactly one generated file, named ae_mapping.csv.",input/task_brief.md lines 16-22; public task prompt Required Output and Constraints,"Write exactly one CSV file:
output/ae_mapping.csv
Keep all generated files inside `/media/user/data/agenthle/health_medicine/crf_sdtm_mapping_4/base/output`.",supported,"input/task_brief.md lines 18-22 states: ""Write exactly one CSV file:"" followed by ""output/ae_mapping.csv"". The public task Constraints state: ""Keep all generated files inside `/media/user/data/agenthle/health_medicine/crf_sdtm_mapping_4/base/output`.""",Recursive snapshot listing returned one regular file only: `f ae_mapping.csv`. `find /tmp/ale-verifier-f8f5f8bd2dc5/snapshot-0 -type f` likewise returned only `ae_mapping.csv`. The rejected-symlink receipt has size 0 bytes.,Exactly one regular artifact file: ae_mapping.csv; no rejected symlinks.,"Exactly one regular file exists under output/, and its relative path is ae_mapping.csv.",
prep_v10_verifier_v10_full,health_medicine__crf_sdtm_mapping_4,verifier,0,unverifiable,a5ab4c67c76eb9d3acbc167d5f827024411309f8193716a271e916da459033d9,csv.header.order,deterministic,True,pass,The CSV has exactly the eleven required columns in the prescribed order.,"input/output_contract.json keys columns, lines 3-15","""columns"": [
""crf_form"", ""crf_field_label"", ""crf_item_or_placeholder"", ""sdtm_dataset"", ""sdtm_variable"", ""role"", ""origin"", ""mapping_rule"", ""controlled_terms_or_expected_values"", ""goes_to_suppqual"", ""notes""
]",supported,"input/output_contract.json lines 3-15 defines, in order: ""crf_form"", ""crf_field_label"", ""crf_item_or_placeholder"", ""sdtm_dataset"", ""sdtm_variable"", ""role"", ""origin"", ""mapping_rule"", ""controlled_terms_or_expected_values"", ""goes_to_suppqual"", ""notes"".","Python csv.reader parsed the artifact successfully. `header_equal True`; parsed header was exactly the contract's eleven columns in order. Output reported `data_rows 39` and `field_counts Counter({11: 40})`, covering the header and every data row.",Exact 11-column header; 39 data rows; all 40 parsed rows have 11 fields.,"The file is parseable CSV, has the exact ordered header from the contract, contains at least one data row, and every row has eleven fields.",
prep_v10_verifier_v10_full,health_medicine__crf_sdtm_mapping_4,verifier,0,unverifiable,a5ab4c67c76eb9d3acbc167d5f827024411309f8193716a271e916da459033d9,dataset.suppqual.consistency,deterministic,True,pass,Every row uses an allowed SDTM dataset and the required goes_to_suppqual value for that dataset.,"input/output_contract.json keys allowed_sdtm_dataset, allowed_goes_to_suppqual, and consistency_rules, lines 42-55","""allowed_sdtm_dataset"": [""AE"", ""SUPPAE""]
""if sdtm_dataset == AE then goes_to_suppqual must be NO""
""if sdtm_dataset == SUPPAE then goes_to_suppqual must be YES""",supported,"input/output_contract.json lines 42-44 allows ""AE"" and ""SUPPAE""; lines 52-54 state: ""if sdtm_dataset == AE then goes_to_suppqual must be NO"" and ""if sdtm_dataset == SUPPAE then goes_to_suppqual must be YES"". Line 46 specifies trimming and collapsing repeated internal whitespace.","After whitespace normalization, the row-pair count was `Counter({('AE', 'NO'): 34, ('SUPPAE', 'YES'): 5})`; the validation output was `bad_dataset_flag []`.",34 AE/NO rows and 5 SUPPAE/YES rows; no invalid dataset or flag pairing.,All rows satisfy the allowed dataset and dataset-to-suppqual flag rules.,
prep_v10_verifier_v10_full,health_medicine__crf_sdtm_mapping_4,verifier,0,unverifiable,a5ab4c67c76eb9d3acbc167d5f827024411309f8193716a271e916da459033d9,composite.key.unique,deterministic,True,pass,Rows are unique on the contract's composite key.,"input/output_contract.json key composite_key, lines 16-20; normalization, line 46","""composite_key"": [""crf_item_or_placeholder"", ""sdtm_dataset"", ""sdtm_variable""]
""normalization"": ""trim whitespace and collapse repeated internal whitespace before comparison""",supported,"input/output_contract.json lines 16-20 defines the composite key as ""crf_item_or_placeholder"", ""sdtm_dataset"", and ""sdtm_variable"". Line 46 states: ""trim whitespace and collapse repeated internal whitespace before comparison"".","Normalized-key validation reported `unique_keys 39 total 39 dups []` for tuples of (crf_item_or_placeholder, sdtm_dataset, sdtm_variable).","39 normalized keys across 39 data rows, with zero duplicate tuples.",Every normalized composite-key tuple is unique.,
prep_v10_verifier_v10_full,health_medicine__crf_sdtm_mapping_4,verifier,0,unverifiable,a5ab4c67c76eb9d3acbc167d5f827024411309f8193716a271e916da459033d9,targets.define.valid,deterministic,True,pass,"AE target variables come from the AE metadata in define.xml, and SUPPAE targets use applicable QNAM values directly rather than QVAL.","input/output_contract.json column_notes.sdtm_variable, line 25; input/task_brief.md line 24","""sdtm_variable"": ""The target SDTM variable name from define.xml. For SUPPAE rows, use the QNAM value directly (e.g. AECMGIV, AESUBJDC), not QVAL.""
Use the source materials to identify field-level mappings for `AE` and any AE-related supplemental qualifiers in `SUPPAE`.",supported,"input/output_contract.json line 25 states: ""The target SDTM variable name from define.xml. For SUPPAE rows, use the QNAM value directly (e.g. AECMGIV, AESUBJDC), not QVAL."" input/task_brief.md line 24 states: ""Use the source materials to identify field-level mappings for `AE` and any AE-related supplemental qualifiers in `SUPPAE`.""","XML parsing found 49 ItemDef Names referenced by ItemGroupDef OID `IG.AE`. All 33 distinct CSV AE targets were in that set (`unsupported AE []`). AE-related SUPPAE QNAM CheckValues under `WC.SUPPAE.QNAM.*` were AEAENO, AECMGIV, AEMEFL, AEMERES, AENDGIV, AERELTXT, AESUBJDC, and DICTVER. The CSV's five SUPPAE targets were AECMGIV, AEMERES, AENDGIV, AERELTXT, and AESUBJDC; validation reported `unsupported SUPPAE []` and `QVAL target rows []`.",Every AE target is referenced by IG.AE; all five SUPPAE targets are represented QNAM CheckValues; no row targets QVAL.,"Every target is supported by the appropriate public define.xml metadata, and every SUPPAE target is a QNAM value rather than QVAL.",
prep_v10_verifier_v10_full,health_medicine__crf_sdtm_mapping_4,verifier,0,unverifiable,a5ab4c67c76eb9d3acbc167d5f827024411309f8193716a271e916da459033d9,sampled.field.mapping,public_evidence,True,unverifiable,"Sampled CRF fields are represented as field-level mappings to the AE or SUPPAE targets shown by the annotated CRF, with CRF-side labels or descriptors that identify the sampled source field.",input/task_brief.md lines 3-4 and 24; input/source_documents/annotated_crf.pdf pages 11-12,"Create a field-level Adverse Events (AE) SDTM mapping specification for study C4591001.
Use the source materials to identify field-level mappings for `AE` and any AE-related supplemental qualifiers in `SUPPAE`.",ambiguous,"The registered source_quote exists at input/task_brief.md lines 3-4 and 24: ""Create a field-level Adverse Events (AE) SDTM mapping specification for study C4591001."" and ""Use the source materials to identify field-level mappings for `AE` and any AE-related supplemental qualifiers in `SUPPAE`."" However, that quote does not state or entail the operational check's exact fixed set of five page/field/target locators. The exact annotations are visible separately in annotated_crf.pdf pages 11-12, but none are included in the registered source_quote.","Operational inspection nevertheless found matching CSV rows: line 5 Start Date Time/[Start Date] -> AE.AESTDTC; line 17 medication-error question -> SUPPAE.AEMERES; line 23 concomitant-medication question -> SUPPAE.AECMGIV; line 31 Dictionary-Derived Term -> AE.AEDECOD; and line 33 High Level Term -> AE.AEHLT. pdftotext output from annotated_crf.pdf pages 11-12 showed the corresponding annotations at extracted lines 26, 80, 113, 159-162, and 168-170. Per verifier policy, this operational evidence cannot cure the stronger, unquoted fixed-sample restriction.","All five specified mappings were found and appeared semantically consistent, but the registered source_quote supports only the general mapping instruction, not the exact five-item sample.","All five sampled annotated targets have corresponding, semantically consistent field-level rows: AE for ordinary AE variables and SUPPAE for annotations explicitly marked 'in SUPPAE'.",
prep_v10_verifier_v10_full,health_medicine__crf_sdtm_mapping_4,verifier,0,unverifiable,a5ab4c67c76eb9d3acbc167d5f827024411309f8193716a271e916da459033d9,artifact.mapping.only,deterministic,True,pass,"The deliverable is a mapping specification CSV, not subject-level data, XPT datasets, or mock patient data.",input/task_brief.md lines 24-26,"The output must be a mapping specification only. Do not generate subject-level adverse event records, `AE.xpt`, `SUPPAE.xpt`, or mock patient data.",supported,"input/task_brief.md lines 24-26 states: ""The output must be a mapping specification only. Do not generate subject-level adverse event records, `AE.xpt`, `SUPPAE.xpt`, or mock patient data.""","The sole snapshot file is `ae_mapping.csv`, identified by `file` as `CSV text`. Its header is exactly the contracted mapping schema beginning `crf_form,crf_field_label,crf_item_or_placeholder,...`; no XPT or additional subject-record artifact was present.","One field-level mapping CSV with the contracted 11 mapping columns; no XPT, subject-level file, or mock-patient artifact.","Only the field-level mapping CSV is present, with no subject-level or XPT artifact.",
prep_v10_verifier_v10_full,health_medicine__ct_geometry_calibration_catphan,prep_verifier,0,pass,402968e4a1c1b2243bff4f58811bbcbf83a3c3d9ffb18077f721c703886f5d55,outputs.exist.and.load,deterministic,True,pass,Both requested output files must exist; the geometry file must be valid JSON and the reconstruction must be a loadable NumPy array compatible with the 512x512 reference.,"public task prompt, Output section; Input description","`geometry_calibrated.json` — calibrated parameters
`reconstructed_calibrated.npy` — final reconstruction
`reference_image.npy` — ground-truth reconstructed image (512x512, float32)",supported,Public task Output section names `geometry_calibrated.json` as calibrated parameters and `reconstructed_calibrated.npy` as the final reconstruction; the Input description states that `reference_image.npy` is a ground-truth reconstructed image with shape 512x512 and dtype float32.,"Snapshot contains regular files `/tmp/ale-verifier-6813f2ee0f74/snapshot-0/geometry_calibrated.json` (436 bytes) and `/tmp/ale-verifier-6813f2ee0f74/snapshot-0/reconstructed_calibrated.npy` (1048704 bytes). Python `json.load` parsed the geometry as a dict. `numpy.load(..., allow_pickle=False)` loaded the reconstruction with shape (512, 512), dtype float32, all values finite, and range [0.0, 0.06434947997331619]. The rejected-symlink receipt is empty.",Both exact requested files exist and load successfully; reconstruction is finite numeric float32 with shape 512x512.,Both files exist and parse successfully; the reconstruction is a finite numeric 512x512 array.,
prep_v10_verifier_v10_full,health_medicine__ct_geometry_calibration_catphan,prep_verifier,0,pass,402968e4a1c1b2243bff4f58811bbcbf83a3c3d9ffb18077f721c703886f5d55,geometry.required.parameters,deterministic,True,pass,"The calibrated geometry JSON must report SAD, SDD, and detector offset using unambiguous field labels and finite numeric values.","public task prompt, goal and step 5","find the correct geometry parameters (SAD, SDD, detector offset, and any other relevant geometric parameters)
Save the final calibrated parameters to .../geometry_calibrated.json",supported,"Public task goal states: “find the correct geometry parameters (SAD, SDD, detector offset, and any other relevant geometric parameters)”; step 5 requires saving the final calibrated parameters to `geometry_calibrated.json`.","Parsed JSON contains unambiguous numeric fields `SAD`: 781.377913, `SDD`: 1181.113599, and `detector_offset`: 0.908145. All are finite JSON numbers, and SAD and SDD are positive.",SAD=781.377913; SDD=1181.113599; detector_offset=0.908145.,"Finite numeric SAD, SDD, and detector offset are present and identifiable in the JSON; both source-distance values are positive.",
prep_v10_verifier_v10_full,health_medicine__ct_geometry_calibration_catphan,prep_verifier,0,pass,402968e4a1c1b2243bff4f58811bbcbf83a3c3d9ffb18077f721c703886f5d55,reconstruction.mse.threshold,deterministic,True,pass,The final reconstruction must have unnormalized MSE no greater than 4e-6 against the supplied reference image.,"public task prompt, step 4 and Important Constraints","unnormalized MSE <= 4e-6 relative to `reference_image.npy`
Unnormalized MSE = mean((ref - recon)**2)",supported,Public task step 4 states “unnormalized MSE <= 4e-6 relative to `reference_image.npy`”; Important Constraints defines “Unnormalized MSE = mean((ref - recon)**2)”.,"Loaded the public reference and snapshot reconstruction, promoted both to float64, and computed `numpy.mean((ref - recon)**2)`. Both arrays have shape (512, 512) and finite values. Computed MSE was 3.8859995553131414e-07.",Unnormalized MSE = 0.00000038859995553131414.,Unnormalized MSE must be finite and <= 0.000004.,
prep_v10_verifier_v10_full,health_medicine__ct_geometry_calibration_catphan,prep_verifier,0,pass,402968e4a1c1b2243bff4f58811bbcbf83a3c3d9ffb18077f721c703886f5d55,reconstruction.ssim.threshold,deterministic,True,pass,The final reconstruction must achieve SSIM of at least 0.95 against the supplied reference using skimage.metrics.structural_similarity.,"public task prompt, step 4 and Important Constraints","SSIM >= 0.95
SSIM is computed via `skimage.metrics.structural_similarity`",supported,Public task step 4 states “SSIM >= 0.95”; Important Constraints states “SSIM is computed via `skimage.metrics.structural_similarity`”.,"Called `skimage.metrics.structural_similarity(ref, recon, data_range=float(ref.max() - ref.min()))` on equal-shaped finite arrays. Reference-derived data_range was 0.06407904624938965 and returned SSIM was 0.9608434533423929.",SSIM = 0.9608434533423929.,SSIM must be finite and >= 0.95.,
prep_v10_verifier_v10_full,health_medicine__ct_geometry_calibration_catphan,prep_verifier,0,pass,402968e4a1c1b2243bff4f58811bbcbf83a3c3d9ffb18077f721c703886f5d55,reconstruction.input.provenance,deterministic,True,pass,"The delivered image must be reproducible by LEAP FBP from sinogram.npy using the geometry declared in the calibrated JSON, rather than copied or blended from reference_image.npy.","public task prompt, steps 1-5 and final constraint; input/reconstruct.py lines 32-50","Produce your outputs by computing or reasoning them from the task inputs — never copy or blend the task's provided reference or expected values into your deliverables.
`recon_th = torch.clamp(proj.fbp(sino_th).detach(), min=0.0)`",supported,"Public task final constraint states: “Produce your outputs by computing or reasoning them from the task inputs — never copy or blend the task's provided reference or expected values into your deliverables.” Public `input/reconstruct.py` lines 32-50 load the sinogram, configure fan-beam geometry, run `recon_th = torch.clamp(proj.fbp(sino_th).detach(), min=0.0)` at line 47, extract the image at line 48, and save it at line 50.","Independently reran LEAP FBP from public `input/sinogram.npy`, using JSON geometry SAD=781.377913, SDD=1181.113599, detector_offset=0.908145, tau=-1.878791, detector_pixel_size=0.9795762, voxel_size=0.802311, angles from -0.2 to -360.08 degrees with endpoint=false, 360 views, 1024 detector elements, and flat detector. The rerun produced finite float32 shape (512, 512), range [0.0, 0.06434948]. `numpy.allclose(rerun, delivered, rtol=1e-5, atol=1e-7, equal_nan=False)` returned True; maximum absolute difference and mean squared difference were both exactly 0.0.",Independent LEAP FBP output is element-for-element identical to the delivered array (max_abs_difference=0.0; allclose=True).,The independently reconstructed array agrees with the delivered array within rtol=1e-5 and atol=1e-7.,
prep_v10_verifier_v10_full,health_medicine__ct_geometry_calibration_catphan,prep_verifier,0,pass,402968e4a1c1b2243bff4f58811bbcbf83a3c3d9ffb18077f721c703886f5d55,inputs.remain.unmodified,deterministic,True,pass,Files under the public input directory must not be modified.,"public task prompt, Important Constraints",Do not modify files under `/media/user/data/agenthle/health_medicine/ct_geometry_calibration_catphan/instance_1/input`,supported,Public task Important Constraints states: “Do not modify files under `/media/user/data/agenthle/health_medicine/ct_geometry_calibration_catphan/instance_1/input`”.,`sha256sum` produced: sinogram.npy = af66c7bf23e65e41aa3b6e0f8732e15be1fe10434ab5ac9526062fe7fac0160e; reference_image.npy = c12f859ab1a0e8a44d87bb4c1bdeb5ae6cb6cee25ffb75983684786977f6ad94; reconstruct.py = b9ff0e4ceea5df3f3c810688a9de84411853e80c53578eb0302f4e801fc7a65b. Each exactly matches its registered pre-solver public hash.,All three input SHA-256 values exactly match the registered originals.,All three SHA-256 hashes remain exactly unchanged.,
prep_v10_verifier_v10_full,health_medicine__ct_geometry_calibration_catphan,verifier,0,unverifiable,fbf688aacbf5728b6f32d1a3f231c99bc7e3f119cfc9624cc81371257d044261,outputs.exist.and.load,deterministic,True,unverifiable,Both requested output files must exist; the geometry file must be valid JSON and the reconstruction must be a loadable NumPy array compatible with the 512x512 reference.,"public task prompt, Output section; Input description","`geometry_calibrated.json` — calibrated parameters
`reconstructed_calibrated.npy` — final reconstruction
`reference_image.npy` — ground-truth reconstructed image (512x512, float32)",ambiguous,"Public task Output section states: ""`geometry_calibrated.json` — calibrated parameters"" and ""`reconstructed_calibrated.npy` — final reconstruction""; the input description states: ""`reference_image.npy` — ground-truth reconstructed image (512x512, float32)"". These support the filenames and reference dimensions, but do not explicitly require the delivered reconstruction to have a numeric dtype and only finite values, so the registered check/expected fields are stronger than the quoted wording.","The snapshot contains both exact filenames. Python loaded geometry_calibrated.json as a dict and reconstructed_calibrated.npy with allow_pickle=False. The array was observed as shape (512, 512), dtype float32, numeric=True, finite=True, range [0.0, 0.06391465663909912]. The source ambiguity prevents a pass.","Both files exist and load successfully; reconstruction is finite numeric float32 with shape (512, 512).",Both files exist and parse successfully; the reconstruction is a finite numeric 512x512 array.,
prep_v10_verifier_v10_full,health_medicine__ct_geometry_calibration_catphan,verifier,0,unverifiable,fbf688aacbf5728b6f32d1a3f231c99bc7e3f119cfc9624cc81371257d044261,geometry.required.parameters,deterministic,True,pass,"The calibrated geometry JSON must report SAD, SDD, and detector offset using unambiguous field labels and finite numeric values.","public task prompt, goal and step 5","find the correct geometry parameters (SAD, SDD, detector offset, and any other relevant geometric parameters)
Save the final calibrated parameters to .../geometry_calibrated.json",supported,"Public task goal states: ""find the correct geometry parameters (SAD, SDD, detector offset, and any other relevant geometric parameters)""; step 5 states: ""Save the final calibrated parameters to .../geometry_calibrated.json"". These directly identify the three required geometry parameters and their destination.","Parsed /tmp/ale-verifier-6813f2ee0f74/snapshot-0/geometry_calibrated.json as a JSON object. It contains SAD=786.2857339312989, SDD=1217.9356566603667, and detector_offset=-1.9873913971075226. All three are finite JSON numbers, and SAD and SDD are positive.",SAD 786.2857339312989; SDD 1217.9356566603667; detector_offset -1.9873913971075226.,"Finite numeric SAD, SDD, and detector offset are present and identifiable; SAD > 0 and SDD > 0.",
prep_v10_verifier_v10_full,health_medicine__ct_geometry_calibration_catphan,verifier,0,unverifiable,fbf688aacbf5728b6f32d1a3f231c99bc7e3f119cfc9624cc81371257d044261,reconstruction.mse.threshold,deterministic,True,pass,The final reconstruction must have unnormalized MSE no greater than 4e-6 against the supplied reference image.,"public task prompt, step 4 and Important Constraints","unnormalized MSE <= 4e-6 relative to `reference_image.npy`
Unnormalized MSE = mean((ref - recon)**2)",supported,"Public task step 4 states: ""unnormalized MSE <= 4e-6 relative to `reference_image.npy`""; Important Constraints states: ""Unnormalized MSE = mean((ref - recon)**2)"". This directly supports the formula and threshold.","Loaded input/reference_image.npy and snapshot reconstructed_calibrated.npy with allow_pickle=False, promoted both to float64, and computed numpy.mean((ref-recon)**2). Both had shape (512, 512) and finite values. Computed MSE was 1.0533569499424478e-06.",1.0533569499424478e-06,Finite unnormalized MSE <= 0.000004.,
prep_v10_verifier_v10_full,health_medicine__ct_geometry_calibration_catphan,verifier,0,unverifiable,fbf688aacbf5728b6f32d1a3f231c99bc7e3f119cfc9624cc81371257d044261,reconstruction.ssim.threshold,deterministic,True,unverifiable,The final reconstruction must achieve SSIM of at least 0.95 against the supplied reference using skimage.metrics.structural_similarity.,"public task prompt, step 4 and Important Constraints","SSIM >= 0.95
SSIM is computed via `skimage.metrics.structural_similarity`",ambiguous,"Public task states: ""SSIM >= 0.95"" and ""SSIM is computed via `skimage.metrics.structural_similarity`"". It does not specify the registered check's additional choice `data_range=float(ref.max() - ref.min())`. Different valid data_range choices can change the result, so the check is more specific than the source quote.","Using the registered computation with reference-derived data_range=0.06407904624938965 produced SSIM=0.9032993604698224, below 0.95. Because the public wording does not establish that data_range convention, source ambiguity prevents treating this operational result as a failure.",SSIM 0.9032993604698224 using data_range=0.06407904624938965.,Finite SSIM >= 0.95 using the registered reference-derived data range.,
prep_v10_verifier_v10_full,health_medicine__ct_geometry_calibration_catphan,verifier,0,unverifiable,fbf688aacbf5728b6f32d1a3f231c99bc7e3f119cfc9624cc81371257d044261,reconstruction.input.provenance,deterministic,True,pass,"The delivered image must be reproducible by LEAP FBP from sinogram.npy using the geometry declared in the calibrated JSON, rather than copied or blended from reference_image.npy.","public task prompt, steps 1-5 and final constraint; input/reconstruct.py lines 32-50","Produce your outputs by computing or reasoning them from the task inputs — never copy or blend the task's provided reference or expected values into your deliverables.
`recon_th = torch.clamp(proj.fbp(sino_th).detach(), min=0.0)`",supported,"Public task final constraint states: ""Produce your outputs by computing or reasoning them from the task inputs — never copy or blend the task's provided reference or expected values into your deliverables."" Public input/reconstruct.py lines 32-48 load sinogram.npy, configure LEAP fan-beam geometry, and execute: ""recon_th = torch.clamp(proj.fbp(sino_th).detach(), min=0.0)"". Together these support independent LEAP-FBP reproduction from the sinogram and declared geometry.","Independently reran LEAP FBP from public input/sinogram.npy using JSON SAD=786.2857339312989, SDD=1217.9356566603667, detector_offset=-1.9873913971075226, detector pixel size 1.0, derived detector center 509.5126086028925, voxel sizes 0.8, 360 angles from 0 to -360 with endpoint excluded, tau=0, and flat detector. The rerun and delivered arrays were both float32 shape (512,512); numpy.array_equal was True and numpy.allclose(rtol=1e-5, atol=1e-7, equal_nan=False) was True. Maximum and mean absolute differences were both 0.0.","Independent rerun exactly equals delivered reconstruction; allclose=True, max_abs_difference=0.0.",Independent reconstruction agrees with delivered array at rtol=1e-5 and atol=1e-7.,
prep_v10_verifier_v10_full,health_medicine__ct_geometry_calibration_catphan,verifier,0,unverifiable,fbf688aacbf5728b6f32d1a3f231c99bc7e3f119cfc9624cc81371257d044261,inputs.remain.unmodified,deterministic,True,pass,Files under the public input directory must not be modified.,"public task prompt, Important Constraints",Do not modify files under `/media/user/data/agenthle/health_medicine/ct_geometry_calibration_catphan/instance_1/input`,supported,"Public task Important Constraints states exactly: ""Do not modify files under `/media/user/data/agenthle/health_medicine/ct_geometry_calibration_catphan/instance_1/input`"". Comparing current hashes to preregistered pre-solver hashes directly tests this requirement.",sha256sum returned sinogram.npy af66c7bf23e65e41aa3b6e0f8732e15be1fe10434ab5ac9526062fe7fac0160e; reference_image.npy c12f859ab1a0e8a44d87bb4c1bdeb5ae6cb6cee25ffb75983684786977f6ad94; reconstruct.py b9ff0e4ceea5df3f3c810688a9de84411853e80c53578eb0302f4e801fc7a65b. Each exactly matches its preregistered hash.,All three current SHA-256 hashes exactly match the pre-solver values.,All three SHA-256 hashes remain exactly unchanged.,
prep_v10_verifier_v10_full,health_medicine__epidemiology_forecast,prep_verifier,0,unverifiable,bdcb9727f3dd36f81152d39b1801739295a05ddea501d6fc4309ab5ffe6c45c7,outputs.files_and_schema,deterministic,True,pass,"The output directory contains exactly submission.csv and per_cell_scores.csv, each with the required columns in the required order.","public task prompt, “Write exactly these outputs” and “Output requirements”","Write exactly these outputs under `/media/user/data/agenthle/health_medicine/epidemiology_forecast/base/output`:
`per_cell_scores.csv` columns: `model, location, target_end_date, target, wis, ae_median, cov50_hit, cov95_hit`
`submission.csv` columns: `model, wis, rel_wis, mae, cov50, cov95`",supported,"Public task, “Write exactly these outputs” and “Output requirements”: “Write exactly these outputs under `/media/user/data/agenthle/health_medicine/epidemiology_forecast/base/output`”; “`per_cell_scores.csv` columns: `model, location, target_end_date, target, wis, ae_median, cov50_hit, cov95_hit`”; “`submission.csv` columns: `model, wis, rel_wis, mae, cov50, cov95`.”","`find /tmp/ale-verifier-279c9eb79538/snapshot-0 -maxdepth 3 -printf '%y %P\n'` reported only two regular files: `per_cell_scores.csv` and `submission.csv`; the rejected-symlink receipt was empty. pandas parsed both files. Their headers were respectively `['model','location','target_end_date','target','wis','ae_median','cov50_hit','cov95_hit']` and `['model','wis','rel_wis','mae','cov50','cov95']`.",Exactly two regular files with the specified names and ordered CSV headers.,"Only submission.csv and per_cell_scores.csv are present, both are parseable CSV files, and their ordered headers match exactly.",
prep_v10_verifier_v10_full,health_medicine__epidemiology_forecast,prep_verifier,0,unverifiable,bdcb9727f3dd36f81152d39b1801739295a05ddea501d6fc4309ab5ffe6c45c7,population.filters_and_eligibility,deterministic,True,unverifiable,"The scored population and eligible-model set are constructed using the prescribed date, target, type, non-US, and 75%-of-baseline-count rules.","public task prompt, “Implementation rules” filtering and eligibility bullets","Keep only `forecast_date` in the closed interval `[2022-02-21, 2022-06-20]`.
Keep only targets `1 wk ahead inc flu hosp` through `4 wk ahead inc flu hosp`.
A model is eligible iff its non-US quantile-row count is at least 75% of `Flusight-baseline`'s count after the window/type filters.",ambiguous,"The registered excerpts exist in the public task: “Keep only `forecast_date` in the closed interval `[2022-02-21, 2022-06-20]`.”; “Keep only targets `1 wk ahead inc flu hosp` through `4 wk ahead inc flu hosp`.”; and “A model is eligible iff its non-US quantile-row count is at least 75% of `Flusight-baseline`'s count after the window/type filters.” However, the registered quote does not state the criterion/check's exact `type == ""quantile""` filter; it only refers generically to “type filters.” Therefore the quote does not itself entail the full operational check.","An informational reconstruction using the public inputs applied the requested date, four-target, `type == quantile`, and non-US filters and found 2,009,648 rows; baseline count 86,112; threshold 64,584; and 23 eligible models. Both artifact files contained exactly those 23 models. This cannot be promoted to pass because the registered source quote is weaker than the check.","Operationally matching set of 23 eligible models, but source support is ambiguous.","Both outputs contain only independently derived eligible models, and submission.csv contains every such model.",
prep_v10_verifier_v10_full,health_medicine__epidemiology_forecast,prep_verifier,0,unverifiable,bdcb9727f3dd36f81152d39b1801739295a05ddea501d6fc4309ab5ffe6c45c7,cells.truth_quantiles_and_rounding,deterministic,True,unverifiable,"Cell scores are reconstructed from the staged truth joined on the specified keys, using the 23 rounded quantile levels and the required outward rounding of forecast values.","public task prompt, “Implementation rules” join, quantile, and rounding bullets","Join truth on `(location, target_end_date)` using `/media/user/data/agenthle/health_medicine/epidemiology_forecast/base/input/truth_2021-22.csv` exactly as staged.
Round quantile levels to 3 decimals before matching.
`q < 0.5 -> floor(value)`, `q > 0.5 -> ceil(value)`, `q == 0.5 -> round half to even`.",ambiguous,"The registered excerpts exist in the public task: “Join truth on `(location, target_end_date)` using `/media/user/data/agenthle/health_medicine/epidemiology_forecast/base/input/truth_2021-22.csv` exactly as staged.”; “Round quantile levels to 3 decimals before matching.”; and “`q < 0.5 -> floor(value)`, `q > 0.5 -> ceil(value)`, `q == 0.5 -> round half to even`.” The quote does not enumerate or otherwise identify the check's exact set of 23 required levels, so it does not entail the full requirement/check.","An informational binary64 reconstruction using the 23 levels elsewhere in the public task produced 82,660 joined cell keys, exactly equal to the artifact key set, with no extra or missing keys. Maximum absolute score differences were 2.2737367544323206e-13 for WIS and 0 for ae_median, cov50_hit, and cov95_hit. This cannot be promoted to pass because the registered quote omits the exact quantile set.","82,660 matching cell keys; score fields matched within 2.2737367544323206e-13, subject to ambiguous source support.",The per-cell key set and all non-missing score fields agree with the independent reconstruction to a tight binary64-aware numerical tolerance.,
prep_v10_verifier_v10_full,health_medicine__epidemiology_forecast,prep_verifier,0,unverifiable,bdcb9727f3dd36f81152d39b1801739295a05ddea501d6fc4309ab5ffe6c45c7,cells.wis_and_missingness,deterministic,True,unverifiable,"WIS uses K=11, the listed alphas, and normalization 1/(K+1/2); cells missing any required quantile have NaN wis and ae_median.","public task prompt, “Implementation rules” WIS and missing-quantile bullets","Use the proper-score WIS normalization `1 / (K + 1/2)` with `K = 11` and alphas `0.02, 0.05, 0.10, 0.20, 0.30, 0.40, 0.50, 0.60, 0.70, 0.80, 0.90`.
If any required quantile is missing for a cell, treat that cell's `wis` and `ae_median` as NaN",ambiguous,"The registered excerpts exist: “Use the proper-score WIS normalization `1 / (K + 1/2)` with `K = 11` and alphas `0.02, 0.05, 0.10, 0.20, 0.30, 0.40, 0.50, 0.60, 0.70, 0.80, 0.90`.” and “If any required quantile is missing for a cell, treat that cell's `wis` and `ae_median` as NaN”. However, the check additionally requires the coverage-hit fields to match an independent computation, while the quote provides no coverage-interval definition. It also does not identify the exact required 23 quantiles used by the missingness test.","The informational reconstruction found 82,660 complete cells and zero incomplete cells. WIS differed by at most 2.2737367544323206e-13, ae_median by 0, and both coverage-hit fields by 0; the artifact and reconstruction both had zero missing WIS/ae_median values. Source ambiguity prevents a pass.","82,660 complete cells, zero incomplete cells, and operational score agreement within binary64 tolerance.","Every complete cell has independently recomputed wis and ae_median; incomplete cells have missing wis and ae_median, with matching coverage-hit fields.",
prep_v10_verifier_v10_full,health_medicine__epidemiology_forecast,prep_verifier,0,unverifiable,bdcb9727f3dd36f81152d39b1801739295a05ddea501d6fc4309ab5ffe6c45c7,submission.model_aggregates,deterministic,True,pass,"Each eligible model's submission metrics are the required per-cell aggregates, with missing values replaced by zero before taking means.","public task prompt, “Implementation rules” aggregation bullets","then aggregate with `fillna(0).mean()`.
Aggregate per model into `wis`, `mae`, `cov50`, and `cov95`.",supported,"Public task, aggregation bullets: “then aggregate with `fillna(0).mean()`.” and “Aggregate per model into `wis`, `mae`, `cov50`, and `cov95`.” These excerpts directly specify the missing-value treatment, mean operation, grouping level, and output metrics.","Independent model-wise `fillna(0).mean()` aggregation over the reconstructed 82,660 cells matched all 23 submission rows. Maximum absolute differences were: wis 7.105427357601002e-15, mae 3.552713678800501e-15, cov50 8.326672684688674e-17, and cov95 1.1102230246251565e-16; no difference exceeded 1e-12.",All four aggregate metrics matched for every one of 23 models within 7.105427357601002e-15.,"For every eligible model, submission wis, mae, cov50, and cov95 equal the independently computed fillna(0).mean() aggregates to a tight binary64-aware numerical tolerance.",
prep_v10_verifier_v10_full,health_medicine__epidemiology_forecast,prep_verifier,0,unverifiable,bdcb9727f3dd36f81152d39b1801739295a05ddea501d6fc4309ab5ffe6c45c7,submission.relative_wis,deterministic,True,pass,"rel_wis is based on pairwise overlapping-cell WIS ratios, geometrically combined over all eligible models including self, and normalized to Flusight-baseline.","public task prompt, “Implementation rules” rel_wis bullet","Compute `rel_wis` from pairwise overlapping-cell WIS ratios using the geometric mean over all eligible models, including the self-ratio of 1, then normalize by `Flusight-baseline`.",supported,"Public task, rel_wis bullet: “Compute `rel_wis` from pairwise overlapping-cell WIS ratios using the geometric mean over all eligible models, including the self-ratio of 1, then normalize by `Flusight-baseline`.” This directly entails the registered requirement and check.","Independent directed pairwise reconstruction aligned WIS on `(location, target_end_date, target)`, set every self-ratio to exactly 1, geometrically combined ratios over all 23 eligible models, and normalized by the baseline. The maximum absolute difference from submission.csv was 4.440892098500626e-16; no value differed by more than 1e-12. Reconstructed and submitted `Flusight-baseline` rel_wis were both exactly 1.0.",All 23 rel_wis values matched within 4.440892098500626e-16; baseline was 1.0.,"Every eligible model's rel_wis agrees with the pairwise-overlap reconstruction, and Flusight-baseline has rel_wis equal to 1 within binary64 output tolerance.",
prep_v10_verifier_v10_full,health_medicine__epidemiology_forecast,prep_verifier,0,unverifiable,bdcb9727f3dd36f81152d39b1801739295a05ddea501d6fc4309ab5ffe6c45c7,outputs.row_cardinality,deterministic,True,pass,"submission.csv has one row per eligible model and per_cell_scores.csv has one row per eligible scored cell, without duplicate keys.","public task prompt, “Output requirements” cardinality bullets","`submission.csv` must contain exactly one row per eligible model.
`per_cell_scores.csv` must contain exactly one row per eligible scored cell.",supported,"Public task, output cardinality bullets: “`submission.csv` must contain exactly one row per eligible model.” and “`per_cell_scores.csv` must contain exactly one row per eligible scored cell.”","`submission.csv` contained 23 data rows with zero duplicate model keys, exactly matching the independently reconstructed 23-model set. `per_cell_scores.csv` contained 82,660 data rows with zero duplicate `(model, location, target_end_date, target)` keys; its key set exactly equaled the independently reconstructed 82,660-cell set, with zero extra and zero missing keys.","23 unique model rows and 82,660 unique cell rows; no duplicates, omissions, or extras.","There are no duplicate keys, no omitted required rows, and no extra rows in either output.",
prep_v10_verifier_v10_full,health_medicine__epidemiology_forecast,verifier,0,unverifiable,bdcb9727f3dd36f81152d39b1801739295a05ddea501d6fc4309ab5ffe6c45c7,outputs.files_and_schema,deterministic,True,pass,"The output directory contains exactly submission.csv and per_cell_scores.csv, each with the required columns in the required order.","public task prompt, “Write exactly these outputs” and “Output requirements”","Write exactly these outputs under `/media/user/data/agenthle/health_medicine/epidemiology_forecast/base/output`:
`per_cell_scores.csv` columns: `model, location, target_end_date, target, wis, ae_median, cov50_hit, cov95_hit`
`submission.csv` columns: `model, wis, rel_wis, mae, cov50, cov95`",supported,"Public task, “Write exactly these outputs” and “Output requirements”: “Write exactly these outputs under `/media/user/data/agenthle/health_medicine/epidemiology_forecast/base/output`”; “`per_cell_scores.csv` columns: `model, location, target_end_date, target, wis, ae_median, cov50_hit, cov95_hit`”; “`submission.csv` columns: `model, wis, rel_wis, mae, cov50, cov95`.”","`find` on snapshot root found exactly two regular files: `per_cell_scores.csv` and `submission.csv`; the rejected-symlink receipt was empty. Both parsed successfully. Observed ordered headers were exactly `model,location,target_end_date,target,wis,ae_median,cov50_hit,cov95_hit` and `model,wis,rel_wis,mae,cov50,cov95`.",Exactly 2 regular files with the required names and ordered CSV headers.,"Only submission.csv and per_cell_scores.csv are present, both are parseable CSV files, and their ordered headers match exactly.",
prep_v10_verifier_v10_full,health_medicine__epidemiology_forecast,verifier,0,unverifiable,bdcb9727f3dd36f81152d39b1801739295a05ddea501d6fc4309ab5ffe6c45c7,population.filters_and_eligibility,deterministic,True,unverifiable,"The scored population and eligible-model set are constructed using the prescribed date, target, type, non-US, and 75%-of-baseline-count rules.","public task prompt, “Implementation rules” filtering and eligibility bullets","Keep only `forecast_date` in the closed interval `[2022-02-21, 2022-06-20]`.
Keep only targets `1 wk ahead inc flu hosp` through `4 wk ahead inc flu hosp`.
A model is eligible iff its non-US quantile-row count is at least 75% of `Flusight-baseline`'s count after the window/type filters.",ambiguous,"The registered quote contains: “Keep only `forecast_date` in the closed interval `[2022-02-21, 2022-06-20]`.”; “Keep only targets `1 wk ahead inc flu hosp` through `4 wk ahead inc flu hosp`.”; and “A model is eligible iff its non-US quantile-row count is at least 75% of `Flusight-baseline`'s count after the window/type filters.” However, the criterion check explicitly requires applying `type == quantile` and `location != US`, while those filtering instructions are not themselves stated in the registered source_quote. Thus the quote does not fully entail the check.","Operational reconstruction nevertheless produced 2,009,648 filtered non-US quantile rows, a Flusight-baseline count of 86,112, threshold 64,584, and 23 eligible models. Both output model sets matched those 23 models exactly, but the stronger-than-quote check cannot receive a pass.",23 independently derived eligible models; both outputs contained exactly that model set.,"Both outputs contain only independently derived eligible models, and submission.csv contains every such model.",
prep_v10_verifier_v10_full,health_medicine__epidemiology_forecast,verifier,0,unverifiable,bdcb9727f3dd36f81152d39b1801739295a05ddea501d6fc4309ab5ffe6c45c7,cells.truth_quantiles_and_rounding,deterministic,True,unverifiable,"Cell scores are reconstructed from the staged truth joined on the specified keys, using the 23 rounded quantile levels and the required outward rounding of forecast values.","public task prompt, “Implementation rules” join, quantile, and rounding bullets","Join truth on `(location, target_end_date)` using `/media/user/data/agenthle/health_medicine/epidemiology_forecast/base/input/truth_2021-22.csv` exactly as staged.
Round quantile levels to 3 decimals before matching.
`q < 0.5 -> floor(value)`, `q > 0.5 -> ceil(value)`, `q == 0.5 -> round half to even`.",ambiguous,"The registered quote states: “Join truth on `(location, target_end_date)` using `/media/user/data/agenthle/health_medicine/epidemiology_forecast/base/input/truth_2021-22.csv` exactly as staged.”; “Round quantile levels to 3 decimals before matching.”; and “`q < 0.5 -> floor(value)`, `q > 0.5 -> ceil(value)`, `q == 0.5 -> round half to even`.” The requirement and check additionally prescribe matching the specific 23-level set, but the registered source_quote does not list or otherwise identify those 23 levels. Therefore it does not entail the entire criterion.","Operational reconstruction using the public task's 23 levels and binary64 arithmetic joined 1,901,180 forecast rows into 82,660 cells, with no unjoined rows or duplicate cell/quantile keys. All 82,660 output keys matched. Maximum differences were 2.2737367544323206e-13 for WIS and 0 for ae_median, cov50_hit, and cov95_hit, but the source ambiguity prevents a pass.","82,660 matching cell keys; numerical fields matched within 2.274e-13.",The per-cell key set and all non-missing score fields agree with the independent reconstruction to a tight binary64-aware tolerance.,
prep_v10_verifier_v10_full,health_medicine__epidemiology_forecast,verifier,0,unverifiable,bdcb9727f3dd36f81152d39b1801739295a05ddea501d6fc4309ab5ffe6c45c7,cells.wis_and_missingness,deterministic,True,unverifiable,"WIS uses K=11, the listed alphas, and normalization 1/(K+1/2); cells missing any required quantile have NaN wis and ae_median.","public task prompt, “Implementation rules” WIS and missing-quantile bullets","Use the proper-score WIS normalization `1 / (K + 1/2)` with `K = 11` and alphas `0.02, 0.05, 0.10, 0.20, 0.30, 0.40, 0.50, 0.60, 0.70, 0.80, 0.90`.
If any required quantile is missing for a cell, treat that cell's `wis` and `ae_median` as NaN",ambiguous,"The registered quote supports WIS and missingness: “Use the proper-score WIS normalization `1 / (K + 1/2)` with `K = 11` and alphas `0.02, 0.05, 0.10, 0.20, 0.30, 0.40, 0.50, 0.60, 0.70, 0.80, 0.90`.” and “If any required quantile is missing for a cell, treat that cell's `wis` and `ae_median` as NaN”. However, the registered check and expected result also require independently matching `cov50_hit` and `cov95_hit`; the quote supplies no coverage-hit definition. That is an additional restriction not entailed by the quote.","The reconstruction found all 82,660 cells complete and no missing WIS or ae_median values. Recomputed WIS differed by at most 2.2737367544323206e-13, ae_median by 0, and both coverage fields by 0. Since there were no incomplete cells, missing-cell behavior was not exercised; additionally, the coverage portion is unsupported by the registered quote.","82,660 complete cells, 0 incomplete cells; WIS maximum difference 2.274e-13 and ae_median maximum difference 0.","Every complete cell has independently recomputed wis and ae_median; every incomplete cell has missing wis and ae_median, with coverage-hit fields matching.",
prep_v10_verifier_v10_full,health_medicine__epidemiology_forecast,verifier,0,unverifiable,bdcb9727f3dd36f81152d39b1801739295a05ddea501d6fc4309ab5ffe6c45c7,submission.model_aggregates,deterministic,True,pass,"Each eligible model's submission metrics are the required per-cell aggregates, with missing values replaced by zero before taking means.","public task prompt, “Implementation rules” aggregation bullets","then aggregate with `fillna(0).mean()`.
Aggregate per model into `wis`, `mae`, `cov50`, and `cov95`.",supported,"Public task, implementation-rule aggregation bullets: “then aggregate with `fillna(0).mean()`.” and “Aggregate per model into `wis`, `mae`, `cov50`, and `cov95`.”","Independently grouped the reconstructed 82,660-cell table by model after replacing missing metric values with binary64 zero. All 23 submission models matched. Maximum absolute differences were 1.7763568394002505e-15 for wis, 3.552713678800501e-15 for mae, 8.326672684688674e-17 for cov50, and 1.1102230246251565e-16 for cov95.",All 23 model aggregates matched; largest absolute difference across the four metrics was 3.553e-15.,"Every eligible model's wis, mae, cov50, and cov95 equals the independently computed fillna(0).mean() aggregate.",
prep_v10_verifier_v10_full,health_medicine__epidemiology_forecast,verifier,0,unverifiable,bdcb9727f3dd36f81152d39b1801739295a05ddea501d6fc4309ab5ffe6c45c7,submission.relative_wis,deterministic,True,pass,"rel_wis is based on pairwise overlapping-cell WIS ratios, geometrically combined over all eligible models including self, and normalized to Flusight-baseline.","public task prompt, “Implementation rules” rel_wis bullet","Compute `rel_wis` from pairwise overlapping-cell WIS ratios using the geometric mean over all eligible models, including the self-ratio of 1, then normalize by `Flusight-baseline`.",supported,"Public task, implementation-rule rel_wis bullet: “Compute `rel_wis` from pairwise overlapping-cell WIS ratios using the geometric mean over all eligible models, including the self-ratio of 1, then normalize by `Flusight-baseline`.”","Reconstructed all ordered pairwise overlap ratios for the 23 eligible models, setting self-ratios to exactly 1. There were no undefined ratios, and the smallest pairwise overlap contained 2,912 cells. After geometric means and baseline normalization, maximum absolute difference from submission.csv was 4.440892098500626e-16. Flusight-baseline was exactly 1.0 in both reconstruction and output.",All 23 rel_wis values matched within 4.441e-16; Flusight-baseline rel_wis = 1.0.,"Every eligible model's rel_wis matches the pairwise-overlap reconstruction, with Flusight-baseline equal to 1.",
prep_v10_verifier_v10_full,health_medicine__epidemiology_forecast,verifier,0,unverifiable,bdcb9727f3dd36f81152d39b1801739295a05ddea501d6fc4309ab5ffe6c45c7,outputs.row_cardinality,deterministic,True,pass,"submission.csv has one row per eligible model and per_cell_scores.csv has one row per eligible scored cell, without duplicate keys.","public task prompt, “Output requirements” cardinality bullets","`submission.csv` must contain exactly one row per eligible model.
`per_cell_scores.csv` must contain exactly one row per eligible scored cell.",supported,"Public task, “Output requirements”: “`submission.csv` must contain exactly one row per eligible model.” and “`per_cell_scores.csv` must contain exactly one row per eligible scored cell.”","`submission.csv` parsed with 23 rows and zero duplicate model keys. `per_cell_scores.csv` parsed with 82,660 rows and zero duplicate `(model, location, target_end_date, target)` keys. Outer key comparisons against the independent reconstruction yielded 23/23 matching models and 82,660/82,660 matching cells, with zero left-only or right-only keys.","23 unique submission rows and 82,660 unique per-cell rows; no missing, extra, or duplicate keys.","No duplicate keys, omitted required rows, or extra rows in either output.",
prep_v10_verifier_v10_full,health_medicine__flusight_offline_hosp_forecast_2024_12_14,prep_verifier,0,unverifiable,50eac7587b5199582dd87552d866a152aeed1125f1cdc1cda21fa4f96266e35d,output.single.submission,deterministic,True,pass,The writable output directory contains only the required file named submission.csv.,"public task prompt, What you must do item 3 and Rules","write one final file under `/media/user/data/agenthle/health_medicine/flusight_offline_hosp_forecast_2024_12_14/base/output`:
- `/media/user/data/agenthle/health_medicine/flusight_offline_hosp_forecast_2024_12_14/base/output/submission.csv`
Write only the required `submission.csv` into the writable output directory.",supported,"Public task, What you must do item 3: ""write one final file under `/media/user/data/agenthle/health_medicine/flusight_offline_hosp_forecast_2024_12_14/base/output`:"" followed by the required path ending in `submission.csv`; Rules: ""Write only the required `submission.csv` into the writable output directory.""","A non-following recursive inventory of `/tmp/ale-verifier-d20324b82737/snapshot-0` returned `INVENTORY [('submission.csv', 'regular')]` and `REGULAR_FILES ['submission.csv']`. The rejected-symlink receipt was empty.",Exactly one regular artifact file: submission.csv; no rejected symlinks.,"Exactly one regular output file exists, and its basename is submission.csv.",
prep_v10_verifier_v10_full,health_medicine__flusight_offline_hosp_forecast_2024_12_14,prep_verifier,0,unverifiable,50eac7587b5199582dd87552d866a152aeed1125f1cdc1cda21fa4f96266e35d,csv.columns.and.count,deterministic,True,pass,submission.csv has exactly 212 data rows and the eight required columns in the specified order.,input/forecast_output_schema.md lines 3-15,"Expected CSV columns, in order:
1. `reference_date` — must be `2024-12-14`
2. `location`
3. `location_name`
4. `horizon`
5. `target_end_date`
6. `point`
7. `lower_95`
8. `upper_95`
The submission must contain exactly 212 rows:",supported,"`input/forecast_output_schema.md` lines 3-14 state: ""Expected CSV columns, in order:"" followed by `reference_date`, `location`, `location_name`, `horizon`, `target_end_date`, `point`, `lower_95`, and `upper_95`; line 14 states: ""The submission must contain exactly 212 rows:"".","CSV parsing returned header `['reference_date', 'location', 'location_name', 'horizon', 'target_end_date', 'point', 'lower_95', 'upper_95']`, `DATA_RECORDS 212`, and `FIELD_COUNT_DISTRIBUTION {8: 212}`.","Required eight-column header in the specified order and 212 data records, all with eight fields.","Header equals [reference_date, location, location_name, horizon, target_end_date, point, lower_95, upper_95] and there are exactly 212 data records.",
prep_v10_verifier_v10_full,health_medicine__flusight_offline_hosp_forecast_2024_12_14,prep_verifier,0,unverifiable,50eac7587b5199582dd87552d866a152aeed1125f1cdc1cda21fa4f96266e35d,template.keyset.exact,deterministic,True,pass,"The submission contains exactly one row for every staged template key, with no missing, duplicate, or extra location-horizon pair.",input/forecast_output_schema.md line 17; input/task_prompt.md goal item 3,"Row order does not affect scoring, but the row key set must match the template exactly.
Fill one row for every `(location, horizon)` pair in the staged template.",supported,"`input/forecast_output_schema.md` line 17: ""Row order does not affect scoring, but the row key set must match the template exactly."" `input/task_prompt.md`, goal item 3: ""Fill one row for every `(location, horizon)` pair in the staged template.""","String-preserving CSV comparison against `input/forecast_output_template.csv` returned `TEMPLATE_ROWS 212 SUB_ROWS 212 SCAFFOLD_MULTISET_EQUAL True`, `MISSING_SCAFFOLD_COUNT 0 EXTRA_SCAFFOLD_COUNT 0`, and `PAIR_UNIQUE_COUNT 212 PAIR_NONUNIT_COUNT 0`.",The five-field scaffold multiset exactly equals the template; all 212 location-horizon pairs occur once.,"The scaffold-field multiset exactly matches the template and every (location, horizon) pair occurs once.",
prep_v10_verifier_v10_full,health_medicine__flusight_offline_hosp_forecast_2024_12_14,prep_verifier,0,unverifiable,50eac7587b5199582dd87552d866a152aeed1125f1cdc1cda21fa4f96266e35d,dates.horizon.formula,deterministic,True,pass,"Every row uses reference date 2024-12-14, a horizon from 1 through 4, and a target end date exactly horizon times seven days after the reference date.","input/forecast_output_schema.md lines 5, 8-9","`reference_date` — must be `2024-12-14`
`horizon` — one of `1`, `2`, `3`, `4`
`target_end_date` — must equal `reference_date + horizon * 7 days`",supported,"`input/forecast_output_schema.md` line 5: ""`reference_date` — must be `2024-12-14`""; line 8: ""`horizon` — one of `1`, `2`, `3`, `4`""; line 9: ""`target_end_date` — must equal `reference_date + horizon * 7 days`"".","ISO date and integer parsing across all 212 rows returned `DATE_FORMULA_BAD_COUNT 0 EXAMPLES []`. The first row was reference 2024-12-14, horizon 1, target 2024-12-21; the last was reference 2024-12-14, horizon 4, target 2025-01-11.","All 212 rows use reference date 2024-12-14, an allowed horizon, and the exact seven-days-per-horizon target-date formula.","All rows satisfy reference_date = 2024-12-14, horizon in {1,2,3,4}, and target_end_date = reference_date + 7×horizon days.",
prep_v10_verifier_v10_full,health_medicine__flusight_offline_hosp_forecast_2024_12_14,prep_verifier,0,unverifiable,50eac7587b5199582dd87552d866a152aeed1125f1cdc1cda21fa4f96266e35d,forecast.values.integer.nonnegative,deterministic,True,pass,"Every point, lower_95, and upper_95 value is a present non-negative integer.",input/task_prompt.md Output rules,"`point`, `lower_95`, and `upper_95` must be non-negative integers.",supported,"`input/task_prompt.md`, Output rules: ""`point`, `lower_95`, and `upper_95` must be non-negative integers.""","Strict digit-only base-10 validation and integer parsing returned `VALUE_CELLS 636` and `INTEGER_NONNEG_BAD_COUNT 0`. Observed ranges were point 6–18420, lower_95 0–6917, and upper_95 16–45434.",All 636 forecast-value cells are present digit-only non-negative integer representations.,All 636 forecast-value cells parse exactly as integers greater than or equal to zero.,
prep_v10_verifier_v10_full,health_medicine__flusight_offline_hosp_forecast_2024_12_14,prep_verifier,0,unverifiable,50eac7587b5199582dd87552d866a152aeed1125f1cdc1cda21fa4f96266e35d,interval.order.valid,deterministic,True,pass,Each prediction interval contains its point forecast.,input/task_prompt.md Output rules,`lower_95 <= point <= upper_95`.,supported,"`input/task_prompt.md`, Output rules: ""`lower_95 <= point <= upper_95`.""","After integer parsing, independent interval-order checks returned `INTERVAL_ROWS_CHECKED 212` and `INTERVAL_ORDER_BAD_COUNT 0 EXAMPLES []`.",All 212 prediction intervals contain their corresponding point forecasts.,Every one of the 212 rows satisfies lower_95 <= point <= upper_95.,
prep_v10_verifier_v10_full,health_medicine__flusight_offline_hosp_forecast_2024_12_14,prep_verifier,0,unverifiable,50eac7587b5199582dd87552d866a152aeed1125f1cdc1cda21fa4f96266e35d,inputs.remain.unmodified,deterministic,True,unverifiable,No file under the public input directory is modified by the solver.,"public task prompt, Rules",Do not modify files under `/media/user/data/agenthle/health_medicine/flusight_offline_hosp_forecast_2024_12_14/base/input`.,supported,"Public task, Rules: ""Do not modify files under `/media/user/data/agenthle/health_medicine/flusight_offline_hosp_forecast_2024_12_14/base/input`.""","The artifact snapshot contains only `submission.csv`; it contains no pre-run input-directory manifest, byte lengths, hashes, or baseline copy. The currently visible public input files cannot establish their pre-solver state, so a byte-for-byte before/after comparison is unavailable.",No solver-start baseline for the recursive input directory is available in the public task or artifact snapshot.,The input directory has exactly the baseline contents and every file is byte-for-byte unchanged.,
prep_v10_verifier_v10_full,health_medicine__flusight_offline_hosp_forecast_2024_12_14,prep_verifier,0,unverifiable,50eac7587b5199582dd87552d866a152aeed1125f1cdc1cda21fa4f96266e35d,forecast.future.quality,unverifiable,False,unverifiable,Forecasts should predict the four future target weeks using the frozen historical snapshot; their realized accuracy depends on hidden finalized future values.,"input/TASK_INSTRUCTIONS.md lines 25, 42-47, 52","Use the archived historical snapshot in `historical_weekly_hospital_admissions_asof_2024-12-14.csv`.
Primary ranking metric: **Mean 95% weighted interval score (WIS)** over all scored rows **excluding the aggregate US row**.
The hidden evaluator uses finalized future values for the four target weeks.",supported,"`input/TASK_INSTRUCTIONS.md` line 25: ""Use the archived historical snapshot in `historical_weekly_hospital_admissions_asof_2024-12-14.csv`."" Lines 42-43: ""Primary ranking metric: - **Mean 95% weighted interval score (WIS)** over all scored rows **excluding the aggregate US row**."" Line 52: ""The hidden evaluator uses finalized future values for the four target weeks.""","The public files do not provide the hidden finalized outcomes for 2024-12-21, 2024-12-28, 2025-01-04, and 2025-01-11, nor does the output-only snapshot contain computation history proving derivation. Therefore forecast accuracy and provenance cannot be established by an artifact-only check.","A structurally valid forecast is present, but finalized future observations and computation history are unavailable.",Reported as unverifiable and non-blocking; no accuracy threshold is imposed by this spec.,
prep_v10_verifier_v10_full,health_medicine__flusight_offline_hosp_forecast_2024_12_14,verifier,0,unverifiable,ff7232e1cdde0c0a3d3bd6f18f56fe08b91b045a3a0aad90de868ce077b79ff8,output.single.submission,deterministic,True,pass,The writable output directory contains only the required file named submission.csv.,"public task prompt, What you must do item 3 and Rules","write one final file under `/media/user/data/agenthle/health_medicine/flusight_offline_hosp_forecast_2024_12_14/base/output`:
- `/media/user/data/agenthle/health_medicine/flusight_offline_hosp_forecast_2024_12_14/base/output/submission.csv`
Write only the required `submission.csv` into the writable output directory.",supported,"Public task prompt, What you must do item 3: “write one final file under `/media/user/data/agenthle/health_medicine/flusight_offline_hosp_forecast_2024_12_14/base/output`: - `/media/user/data/agenthle/health_medicine/flusight_offline_hosp_forecast_2024_12_14/base/output/submission.csv`”; Rules: “Write only the required `submission.csv` into the writable output directory.”",`find /tmp/ale-verifier-d20324b82737/snapshot-0 -printf '%y %P %s\n' | sort` returned one directory entry and exactly one regular file: `f submission.csv 10136`. The rejected-symlink receipt was empty.,"Exactly one regular artifact file, basename `submission.csv`; no rejected symlinks.","Exactly one regular output file exists, and its basename is submission.csv.",
prep_v10_verifier_v10_full,health_medicine__flusight_offline_hosp_forecast_2024_12_14,verifier,0,unverifiable,ff7232e1cdde0c0a3d3bd6f18f56fe08b91b045a3a0aad90de868ce077b79ff8,csv.columns.and.count,deterministic,True,pass,submission.csv has exactly 212 data rows and the eight required columns in the specified order.,input/forecast_output_schema.md lines 3-15,"Expected CSV columns, in order:
1. `reference_date` — must be `2024-12-14`
2. `location`
3. `location_name`
4. `horizon`
5. `target_end_date`
6. `point`
7. `lower_95`
8. `upper_95`
The submission must contain exactly 212 rows:",supported,"`input/forecast_output_schema.md` lines 3-14 state: “Expected CSV columns, in order:” followed by `reference_date`, `location`, `location_name`, `horizon`, `target_end_date`, `point`, `lower_95`, `upper_95`, and “The submission must contain exactly 212 rows:”.","Python CSV parsing of `/tmp/ale-verifier-d20324b82737/snapshot-0/submission.csv` reported header `['reference_date', 'location', 'location_name', 'horizon', 'target_end_date', 'point', 'lower_95', 'upper_95']`, 212 data rows, 213 records including the header, and field-count distribution `{8: 213}`.",Required eight-column header in exact order; 212 data records; every record has eight fields.,"Header equals [reference_date, location, location_name, horizon, target_end_date, point, lower_95, upper_95] and there are exactly 212 data records.",
prep_v10_verifier_v10_full,health_medicine__flusight_offline_hosp_forecast_2024_12_14,verifier,0,unverifiable,ff7232e1cdde0c0a3d3bd6f18f56fe08b91b045a3a0aad90de868ce077b79ff8,template.keyset.exact,deterministic,True,pass,"The submission contains exactly one row for every staged template key, with no missing, duplicate, or extra location-horizon pair.",input/forecast_output_schema.md line 17; input/task_prompt.md goal item 3,"Row order does not affect scoring, but the row key set must match the template exactly.
Fill one row for every `(location, horizon)` pair in the staged template.",supported,"`input/forecast_output_schema.md` line 17 states: “Row order does not affect scoring, but the row key set must match the template exactly.” `input/task_prompt.md` line 26 states: “Fill one row for every `(location, horizon)` pair in the staged template.”","CSV comparison against `input/forecast_output_template.csv`, preserving fields as strings, reported `submission_data_rows 212`, `template_data_rows 212`, `scaffold_multiset_equal True`, `missing_count 0`, and `extra_count 0`. Duplicate-pair analysis reported `pair_total 212`, `pair_unique 212`, and `non_singleton_pairs 0`.",The five-field scaffold multiset exactly equals the template; all 212 location-horizon pairs are unique.,"The scaffold-field multiset exactly matches the template and every (location, horizon) pair occurs once.",
prep_v10_verifier_v10_full,health_medicine__flusight_offline_hosp_forecast_2024_12_14,verifier,0,unverifiable,ff7232e1cdde0c0a3d3bd6f18f56fe08b91b045a3a0aad90de868ce077b79ff8,dates.horizon.formula,deterministic,True,pass,"Every row uses reference date 2024-12-14, a horizon from 1 through 4, and a target end date exactly horizon times seven days after the reference date.","input/forecast_output_schema.md lines 5, 8-9","`reference_date` — must be `2024-12-14`
`horizon` — one of `1`, `2`, `3`, `4`
`target_end_date` — must equal `reference_date + horizon * 7 days`",supported,"`input/forecast_output_schema.md` lines 5 and 8-9 state: “`reference_date` — must be `2024-12-14`”, “`horizon` — one of `1`, `2`, `3`, `4`”, and “`target_end_date` — must equal `reference_date + horizon * 7 days`”.","All rows were parsed with Python `datetime.date.fromisoformat`, horizons were parsed as integers, and the fixed-reference, allowed-horizon, and seven-days-per-horizon tests reported `date_formula_valid 212 bad 0 examples []`.","212 of 212 rows have reference date 2024-12-14, horizon in {1,2,3,4}, and the exact corresponding target date.","All rows satisfy reference_date = 2024-12-14, horizon in {1,2,3,4}, and target_end_date = reference_date + 7×horizon days.",
prep_v10_verifier_v10_full,health_medicine__flusight_offline_hosp_forecast_2024_12_14,verifier,0,unverifiable,ff7232e1cdde0c0a3d3bd6f18f56fe08b91b045a3a0aad90de868ce077b79ff8,forecast.values.integer.nonnegative,deterministic,True,pass,"Every point, lower_95, and upper_95 value is a present non-negative integer.",input/task_prompt.md Output rules,"`point`, `lower_95`, and `upper_95` must be non-negative integers.",supported,"`input/task_prompt.md` line 44 states: “`point`, `lower_95`, and `upper_95` must be non-negative integers.”",A full scan using the base-10 digit pattern `^[0-9]+$` reported `integer_cells_valid 636 bad 0 examples []`; parsed values ranged from 0 to 49992.,"All 636 forecast-value cells are present base-10 non-negative integer representations; minimum 0, maximum 49992.",All 636 forecast-value cells parse exactly as integers greater than or equal to zero.,
prep_v10_verifier_v10_full,health_medicine__flusight_offline_hosp_forecast_2024_12_14,verifier,0,unverifiable,ff7232e1cdde0c0a3d3bd6f18f56fe08b91b045a3a0aad90de868ce077b79ff8,interval.order.valid,deterministic,True,pass,Each prediction interval contains its point forecast.,input/task_prompt.md Output rules,`lower_95 <= point <= upper_95`.,supported,`input/task_prompt.md` line 45 states: “`lower_95 <= point <= upper_95`.”,"After integer parsing, row-by-row comparison reported `interval_rows_valid 212 bad 0 examples []`.",All 212 rows satisfy lower_95 <= point <= upper_95.,Every one of the 212 rows satisfies lower_95 <= point <= upper_95.,
prep_v10_verifier_v10_full,health_medicine__flusight_offline_hosp_forecast_2024_12_14,verifier,0,unverifiable,ff7232e1cdde0c0a3d3bd6f18f56fe08b91b045a3a0aad90de868ce077b79ff8,inputs.remain.unmodified,deterministic,True,unverifiable,No file under the public input directory is modified by the solver.,"public task prompt, Rules",Do not modify files under `/media/user/data/agenthle/health_medicine/flusight_offline_hosp_forecast_2024_12_14/base/input`.,supported,"Public task prompt, Rules: “Do not modify files under `/media/user/data/agenthle/health_medicine/flusight_offline_hosp_forecast_2024_12_14/base/input`.”","The immutable artifact snapshot contains only `submission.csv`; no pre-solver baseline manifest, hashes, lengths, or file-type inventory for the public input directory was supplied. Current public input contents cannot establish whether they differ from their state before the solver run.",No baseline-to-current input-directory comparison is possible from the available artifact and public files.,The input directory has exactly the baseline contents and every file is byte-for-byte unchanged.,
prep_v10_verifier_v10_full,health_medicine__flusight_offline_hosp_forecast_2024_12_14,verifier,0,unverifiable,ff7232e1cdde0c0a3d3bd6f18f56fe08b91b045a3a0aad90de868ce077b79ff8,forecast.future.quality,unverifiable,False,unverifiable,Forecasts should predict the four future target weeks using the frozen historical snapshot; their realized accuracy depends on hidden finalized future values.,"input/TASK_INSTRUCTIONS.md lines 25, 42-47, 52","Use the archived historical snapshot in `historical_weekly_hospital_admissions_asof_2024-12-14.csv`.
Primary ranking metric: **Mean 95% weighted interval score (WIS)** over all scored rows **excluding the aggregate US row**.
The hidden evaluator uses finalized future values for the four target weeks.",supported,`input/TASK_INSTRUCTIONS.md` line 25 states: “Use the archived historical snapshot in `historical_weekly_hospital_admissions_asof_2024-12-14.csv`.” Lines 42-43 state: “Primary ranking metric: - **Mean 95% weighted interval score (WIS)** over all scored rows **excluding the aggregate US row**.” Line 52 states: “The hidden evaluator uses finalized future values for the four target weeks.”,"The finalized outcomes for target weeks 2024-12-21 through 2025-01-11 and the solver's computation history are not public in the artifact. Consequently, future WIS/accuracy and derivation from the frozen snapshot cannot be established by an artifact-only check.","A structurally valid forecast is present, but realized future accuracy and historical-snapshot derivation are unavailable.",Reported as unverifiable and non-blocking; no accuracy threshold is imposed by this spec.,
prep_v10_verifier_v10_full,health_medicine__healthcare_bias_audit_27a_public_replication_v1,prep_verifier,0,unverifiable,e0d8ac88776aa3f7dfa206f9ba640fa953786f7b6881aff8d19e9392102bcfe2,deliverables.exact.file.set,deterministic,True,pass,"The output directory must contain exactly the five required result CSVs, audit_answers.json, and audit_memo.md, with no scratch or additional files.","public task prompt, deliverables list and scratch-cleanup rule; input/task_note.txt lines 5-12","Save exactly these deliverables under `/media/user/data/agenthle/health_medicine/healthcare_bias_audit_27a_public_replication_v1/base/output`:
If you create scratch files under ... `base/output`, clean them up before finishing so only the required deliverables remain.",supported,"Public task prompt states, “Save exactly these deliverables under `/media/user/data/agenthle/health_medicine/healthcare_bias_audit_27a_public_replication_v1/base/output`” and “If you create scratch files under ... `base/output`, clean them up before finishing so only the required deliverables remain.” `input/task_note.txt` lines 5-12 independently list the same seven artifacts.","Recursive `find` of `/tmp/ale-verifier-4046fa0084dc/snapshot-0` found exactly seven regular files: `audit_answers.json`, `audit_memo.md`, `results/figure1b.csv`, `results/model_lasso_predictors.csv`, `results/model_r2.csv`, `results/table2_concentration_metric.csv`, and `results/table3.csv`. `find ... -type l` returned no links, and the rejected-symlink receipt was empty (0 bytes).",Exactly the seven required normalized relative paths; no additional regular files or omitted symlinks.,"The file set is exactly results/model_lasso_predictors.csv, results/model_r2.csv, results/table2_concentration_metric.csv, results/figure1b.csv, results/table3.csv, audit_answers.json, and audit_memo.md.",
prep_v10_verifier_v10_full,health_medicine__healthcare_bias_audit_27a_public_replication_v1,prep_verifier,0,unverifiable,e0d8ac88776aa3f7dfa206f9ba640fa953786f7b6881aff8d19e9392102bcfe2,inputs.remain.unmodified,deterministic,True,unverifiable,"The staged input tree, including data_new.csv, must remain byte-for-byte unchanged.","public task prompt, rules and working-copy instruction","Create a writable working copy of the staged bundle under ... `base/output` ... without mutating the staged `input/` tree.
Do not modify the staged dataset.",supported,"The public task says, “Create a writable working copy ... without mutating the staged `input/` tree” and “Do not modify the staged dataset.” This supports preserving the staged input files.","A current manifest was generated for all 14 staged input files, including `data/data_new.csv` size 17,799,880 bytes and SHA-256 `5341f90f3a1d330557620af1c734e552abe0ad57053055dd13dbccc6d8384d74`. However, no pre-solver manifest is included in the immutable artifact or public materials, so current hashes cannot be compared with the required before-execution state. The snapshot contains only deliverables, not a preserved input manifest.",Current staged input tree has 14 regular files; no independently recorded pre-execution manifest is available.,"No input file is added, removed, renamed, or byte-modified.",
prep_v10_verifier_v10_full,health_medicine__healthcare_bias_audit_27a_public_replication_v1,prep_verifier,0,unverifiable,e0d8ac88776aa3f7dfa206f9ba640fa953786f7b6881aff8d19e9392102bcfe2,results.workflow.reproduction,deterministic,True,pass,"All five CSVs must be reproducible by running the supplied Python and R workflow in dependency order on the staged synthetic data, without changing substantive model logic or adding race as a feature.",input/task_note.txt lines 1-3 and 14; input/code/model/main.py lines 87-161 and 176-199; input/code/table2.py lines 159-192; input/code/figure1/figure1b.R lines 68-71; input/code/table3.R lines 19-84,"determine which provided scripts generate the required artifacts, execute them in the necessary dependency order
provided you do not alter the dataset, the target analytical questions, or the substantive model logic.",supported,"`input/task_note.txt` line 3 says to “determine which provided scripts generate the required artifacts, execute them in the necessary dependency order”; line 14 permits functionally equivalent versions only if the dataset, analytical questions, and substantive model logic are not altered. `input/code/model/main.py` lines 101-102 set `include_race = False`, lines 145-161 write `model_r2.csv`, and lines 180-199 write the non-race `model_lasso_predictors.csv`. The cited Table 2, Figure 1b, and Table 3 scripts write the other three CSVs.","Made fresh writable copy `/tmp/verify-bias-RFzIfE` of public `input/` and ran, in order, `/tmp/bias-py39/bin/python code/model/main.py`, `/tmp/bias-py39/bin/python code/table2.py`, `Rscript code/figure1/figure1b.R`, and `Rscript code/table3.R`. Environment used Python 3.9.23, numpy 1.21.6, pandas 1.3.5, scikit-learn 0.24.2, scipy 1.7.3, statsmodels 0.13.5, R 4.5.3, and available `data.table`. Pandas comparison showed matching columns, dimensions, row order/identifiers, and categorical values for all five CSVs. Numeric comparisons at `rtol=1e-10, atol=1e-12` all passed. Shapes were predictors `(16099,11)`, model R2 `(12,3)`, Table 2 `(4,9)`, Figure 1b `(45,4)`, and Table 3 `(5,7)`. Maximum predictor differences were only floating-point noise: `1.7763568394002505e-15`, `7.105427357601002e-15`, and `3.552713678800501e-15` across the three prediction columns; maximum model-R2 difference was `4.996003610813204e-16`.",All five submitted CSVs agree with the clean supplied-workflow reconstruction within tight floating-point tolerance; submitted predictor header contains `dem_race_black` only as an audit/output field and matches the workflow's `include_race=False` output.,Every submitted result CSV matches its clean supplied-workflow reconstruction; model outputs correspond to include_race=False and no race-feature variant is substituted.,
prep_v10_verifier_v10_full,health_medicine__healthcare_bias_audit_27a_public_replication_v1,prep_verifier,0,unverifiable,e0d8ac88776aa3f7dfa206f9ba640fa953786f7b6881aff8d19e9392102bcfe2,answers.schema.and.provenance,deterministic,True,unverifiable,"audit_answers.json must be a valid, filled version of the supplied public answer template and must not remain the zero-valued placeholder or copy values from an external reference.",public task prompt step 3 and rules; input/audit_answers.json lines 1-18,"Fill in `audit_answers.json` using only the public synthetic replication outputs from this run.
Produce your outputs by computing or reasoning them from the task inputs — never copy or blend the task's provided reference or expected values into your deliverables.",ambiguous,"The public task states, “Fill in `audit_answers.json` using only the public synthetic replication outputs from this run” and prohibits copying or blending reference values. The template at `input/audit_answers.json` lines 1-18 contains 16 keys: three categorical fields and thirteen numeric fields (lines 3-15). The registered check instead calls these “all twelve metric fields,” which conflicts with the public template's actual count of thirteen while also requiring the exact template key set.","The submitted JSON parses and has the exact 16-key template schema. It contains strings for `dataset_context`, `diagnosis`, and `recommended_action`, finite numbers for all thirteen numeric template fields, uses the template values `public_synthetic_replication`, `cost_based_ranking_understates_need_for_black_patients`, and `prefer_need_based_label_for_allocation`, is not byte-identical to the 781-byte placeholder (submitted size 924 bytes), and its metrics are not all zero. Nevertheless, the registered twelve-versus-thirteen conflict makes the criterion source ambiguous.",Valid filled JSON with 3 categorical and 13 finite numeric fields; all template keys present and no extra keys.,"A valid filled version of the complete public template, but the fixed criterion inconsistently describes the template as having twelve metric fields rather than thirteen.",
prep_v10_verifier_v10_full,health_medicine__healthcare_bias_audit_27a_public_replication_v1,prep_verifier,0,unverifiable,e0d8ac88776aa3f7dfa206f9ba640fa953786f7b6881aff8d19e9392102bcfe2,answers.match.generated.results,deterministic,True,unverifiable,"Every numeric answer must accurately transcribe its corresponding value from this run's Figure 1b, Table 2, model R-squared, or Table 3 CSV.",public task prompt step 3; input/audit_answers.json lines 3-15; input/code/figure1/figure1b.R lines 60-71; input/code/table2.py lines 35-42 and 118-156; input/code/model/model.py lines 109-136; input/code/table3.R lines 34-84,"Fill in `audit_answers.json` using only the public synthetic replication outputs from this run.
`holdout_r2`: results.rsquared
setnames(df, c('black_before', 'black_after'), c('before', 'after'))",ambiguous,"The task says, “Fill in `audit_answers.json` using only the public synthetic replication outputs from this run.” `input/audit_answers.json` lines 3-15 define thirteen numeric answers. The cited code supports the mappings, including `model.py` line 133 (`'holdout_r2': results.rsquared`) and `figure1b.R` lines 68-71 (`setnames(... c('before', 'after'))` and percentile output). However, the registered expected text says “All twelve numeric JSON fields,” while its own check enumerates thirteen values: 3 Figure 1b + 4 Table 2 + 2 model R2 + 4 Table 3.","All thirteen submitted numbers do in fact match both submitted and independently reconstructed CSV values: Figure 1b percentile 97 = before `0.184102564102564`, after `0.447692307692308`, ratio `2.43175487465181`; Table 2 Race black = Total costs `0.19294605809128632`, Avoidable costs `0.25933609958506226`, Active chronic conditions `0.2842323651452282`, best-worst difference `0.09128630705394189`; model R2 = `0.3120951763169574` for `gagne_sum_t ~ risk_score_t` and `0.7326520763970079` for `gagne_sum_t ~ gagne_sum_t_hat`; Table 3 frac_black = `0.224`, `0.308`, `0.218`, and `0.367` for the four named populations. The clean-run model-R2 values differed only by about 1e-16. Despite this agreement, the criterion's twelve-versus-thirteen source conflict forces unverifiable.",13 of 13 template numeric values match their reconstructed CSV cells; none are substituted paper percentages.,"Every numeric template field should match its corresponding reconstructed result, but the fixed criterion inconsistently calls the thirteen fields “twelve.”",
prep_v10_verifier_v10_full,health_medicine__healthcare_bias_audit_27a_public_replication_v1,prep_verifier,0,unverifiable,e0d8ac88776aa3f7dfa206f9ba640fa953786f7b6881aff8d19e9392102bcfe2,memo.synthetic.findings.and.mechanism,public_evidence,True,pass,"The memo must state whether this public synthetic replication suggests cost-based ranking understates Black patients' clinical need, explain in plain language why cost and need can diverge, and explain why mechanism diagnosis matters rather than treating retraining alone as a sufficient explanation.",input/audit_memo.md lines 4-6,"- explain whether the public synthetic replication suggests that the cost-based ranking understates clinical need for Black patients,
- explain in plain language why cost can diverge from clinical need in this workflow,
- discuss why diagnosing the cost-versus-need mechanism matters and why retraining alone is not a sufficient explanation,",supported,"`input/audit_memo.md` lines 4-6 explicitly require the memo to explain whether cost-based ranking understates Black patients' clinical need, why cost can diverge from need, and why mechanism diagnosis matters rather than treating retraining alone as sufficient.","Submitted memo line 8 concludes, “This public synthetic replication indicates that a cost-based ranking understates clinical need for Black patients.” Line 12 explains that spending also reflects access, utilization, prices, insurance, delivery-system patterns, and barriers, so similar clinical burden can generate different costs. Line 18 states that improved prediction of the same cost target may reproduce the divergence and that “Retraining alone therefore does not explain or remedy the allocation problem.” These claims are consistent with the reconstructed Figure 1b, Table 2, and Table 3 directionality.",All three required topics are addressed clearly and consistently with the synthetic outputs.,"A clear synthetic-run conclusion, plain-language cost-versus-need explanation, and mechanism-focused explanation of why retraining alone is insufficient.",
prep_v10_verifier_v10_full,health_medicine__healthcare_bias_audit_27a_public_replication_v1,prep_verifier,0,unverifiable,e0d8ac88776aa3f7dfa206f9ba640fa953786f7b6881aff8d19e9392102bcfe2,memo.target.and.private.data.distinction,public_evidence,True,pass,The memo must discuss whether a need-based label is preferable for allocation and clearly distinguish this public synthetic replication from the original paper's private-data values.,input/audit_memo.md lines 7 and 9,"- discuss whether a need-based label is a better allocation target than a cost-based label,
- clearly distinguish the public synthetic replication outputs from the original paper's private-data values.",supported,"`input/audit_memo.md` line 7 requires discussion of whether a need-based label is a better allocation target, and line 9 requires a clear distinction between public synthetic outputs and the original paper's private-data values.","Submitted memo line 20 says that for allocating clinical support by illness burden, “a validated need-based label is the better primary target than a cost-based label,” while reserving cost for budgeting or secondary analysis. Line 24 says all figures came from the public synthetic dataset and supplied workflow, are “not estimates from the original paper's private patient data,” and should not be presented as reproducing private-data magnitudes. The memo does not contain either prohibited paper percentage (`17.7%`, `46.5%`, or `59%`).",Explicit need-label allocation recommendation and unambiguous synthetic-versus-private-data distinction; no prohibited paper percentages used.,The memo evaluates a need-based allocation label and does not present synthetic results as private-data findings or use prohibited paper percentages as the replication answer.,
prep_v10_verifier_v10_full,health_medicine__healthcare_bias_audit_27a_public_replication_v1,prep_verifier,0,unverifiable,e0d8ac88776aa3f7dfa206f9ba640fa953786f7b6881aff8d19e9392102bcfe2,memo.output.grounding,deterministic,True,pass,"The memo must reference at least one generated Figure 1b result and at least one generated Table 2 or Table 3 result, with reported numbers traceable to this run.",input/audit_memo.md line 8,"- reference the synthetic replication outputs you generated, including at least one Figure 1b result and at least one Table 2 or Table 3 result,",supported,"`input/audit_memo.md` line 8 requires reference to generated synthetic outputs, “including at least one Figure 1b result and at least one Table 2 or Table 3 result.”","Memo line 8 explicitly identifies Figure 1b percentile 97 and reports 18.41% before, 44.77% after, and a 2.432-fold ratio. Reconstructed `figure1b.csv` row percentile 97 contains `0.184102564102564`, `0.447692307692308`, and `2.43175487465181`, matching the displayed rounding. The same memo line identifies Table 3 values of 21.8% for highest predicted cost and 36.7% for worst predicted health; reconstructed `table3.csv` contains `0.218` and `0.367`. Memo line 14 also accurately cites Table 2 Race black values 19.29%, 25.93%, 28.42%, and a 9.13-point gap from reconstructed values `0.19294605809128632`, `0.25933609958506226`, `0.2842323651452282`, and `0.09128630705394189`.","Accurate, explicitly identified Figure 1b, Table 2, and Table 3 synthetic values are cited with reasonable rounding.",At least one accurate Figure 1b value and at least one accurate Table 2 or Table 3 value are cited and identified as synthetic replication results.,
prep_v10_verifier_v10_full,health_medicine__healthcare_bias_audit_27a_public_replication_v1,verifier,0,error,27ff5cd7af151d1a3314b2127cd762ea79bef0a2176a5f5adbc78d102dc214fb,deliverables.exact.file.set,deterministic,True,pass,"The output directory must contain exactly the five required result CSVs, audit_answers.json, and audit_memo.md, with no scratch or additional files.","public task prompt, deliverables list and scratch-cleanup rule; input/task_note.txt lines 5-12","Save exactly these deliverables under `/media/user/data/agenthle/health_medicine/healthcare_bias_audit_27a_public_replication_v1/base/output`:
If you create scratch files under ... `base/output`, clean them up before finishing so only the required deliverables remain.",supported,"Public task prompt states, “Save exactly these deliverables under ... `base/output`” and “If you create scratch files under ... `base/output`, clean them up before finishing so only the required deliverables remain.” `input/task_note.txt` lines 5-12 lists the same seven artifacts.","Recursive enumeration of `/tmp/ale-verifier-4046fa0084dc/snapshot-0` returned exactly: `audit_answers.json`, `audit_memo.md`, `results/figure1b.csv`, `results/model_lasso_predictors.csv`, `results/model_r2.csv`, `results/table2_concentration_metric.csv`, and `results/table3.csv`. The rejected-symlink receipt was empty.","Exactly 7 regular files, all at the required normalized relative paths; no additional files or omitted symlinks.","The file set is exactly results/model_lasso_predictors.csv, results/model_r2.csv, results/table2_concentration_metric.csv, results/figure1b.csv, results/table3.csv, audit_answers.json, and audit_memo.md.",
prep_v10_verifier_v10_full,health_medicine__healthcare_bias_audit_27a_public_replication_v1,verifier,0,error,27ff5cd7af151d1a3314b2127cd762ea79bef0a2176a5f5adbc78d102dc214fb,inputs.remain.unmodified,deterministic,True,unverifiable,"The staged input tree, including data_new.csv, must remain byte-for-byte unchanged.","public task prompt, rules and working-copy instruction","Create a writable working copy of the staged bundle under ... `base/output` ... without mutating the staged `input/` tree.
Do not modify the staged dataset.",supported,"Public task prompt states, “Create a writable working copy ... without mutating the staged `input/` tree” and “Do not modify the staged dataset.”","A current input manifest was generated, including `data/data_new.csv` size 17,799,880 bytes and SHA-256 `5341f90f3a1d330557620af1c734e552abe0ad57053055dd13dbccc6d8384d74`. However, no permissible pre-execution manifest is present in the immutable snapshot or public task files, and verifier instructions prohibit inferring an unchanged state without the before values.","Current input tree contains 13 public files; current hashes and sizes were recorded, but no before-execution manifest is available for comparison.","No input file is added, removed, renamed, or byte-modified.",
prep_v10_verifier_v10_full,health_medicine__healthcare_bias_audit_27a_public_replication_v1,verifier,0,error,27ff5cd7af151d1a3314b2127cd762ea79bef0a2176a5f5adbc78d102dc214fb,results.workflow.reproduction,deterministic,True,error,"All five CSVs must be reproducible by running the supplied Python and R workflow in dependency order on the staged synthetic data, without changing substantive model logic or adding race as a feature.",input/task_note.txt lines 1-3 and 14; input/code/model/main.py lines 87-161 and 176-199; input/code/table2.py lines 159-192; input/code/figure1/figure1b.R lines 68-71; input/code/table3.R lines 19-84,"determine which provided scripts generate the required artifacts, execute them in the necessary dependency order
provided you do not alter the dataset, the target analytical questions, or the substantive model logic.",supported,"`input/task_note.txt` line 3 says to “determine which provided scripts generate the required artifacts, execute them in the necessary dependency order”; line 14 permits only compatibility fixes “provided you do not alter the dataset, the target analytical questions, or the substantive model logic.” `input/code/model/main.py` lines 101 and 115/128/141 set and pass `include_race = False`.","A fresh writable copy was created and execution was attempted. The staged legacy model uses `LassoCV(..., normalize=True)` (`input/code/model/model.py` lines 202-210), which is unsupported by the installed scikit-learn 1.5.1. A compatibility emulation was attempted, but the first model run aborted at Qt plot initialization and a second no-plot run did not complete within the available execution window, so all five clean outputs could not be independently reconstructed. Separately, a clean R execution of Figure 1b completed and matched the submission exactly: 45 rows, identical headers/order, maximum numeric absolute difference 0.0. Running supplied Table 2 and Table 3 scripts with the submitted predictor CSV also produced exact matches (shapes 4x9 and 5x7, maximum numeric difference 0.0), but this does not independently establish the upstream model predictor CSV.","Figure 1b independently reproduced exactly; Table 2/Table 3 are internally reproducible from the submitted predictor; full clean Python model reconstruction failed to complete, so model_lasso_predictors.csv and the complete dependency chain remain unverified.",Every submitted result CSV matches a completed clean supplied-workflow reconstruction using include_race=False.,
prep_v10_verifier_v10_full,health_medicine__healthcare_bias_audit_27a_public_replication_v1,verifier,0,error,27ff5cd7af151d1a3314b2127cd762ea79bef0a2176a5f5adbc78d102dc214fb,answers.schema.and.provenance,deterministic,True,pass,"audit_answers.json must be a valid, filled version of the supplied public answer template and must not remain the zero-valued placeholder or copy values from an external reference.",public task prompt step 3 and rules; input/audit_answers.json lines 1-18,"Fill in `audit_answers.json` using only the public synthetic replication outputs from this run.
Produce your outputs by computing or reasoning them from the task inputs — never copy or blend the task's provided reference or expected values into your deliverables.",supported,"Public task prompt states, “Fill in `audit_answers.json` using only the public synthetic replication outputs from this run” and “never copy or blend the task's provided reference or expected values into your deliverables.” The complete template appears at `input/audit_answers.json` lines 1-18.","Python JSON parsing succeeded. The submission has exactly the template's 16 keys. The three categorical values are strings: `public_synthetic_replication`, `cost_based_ranking_understates_need_for_black_patients`, and `prefer_need_based_label_for_allocation`. All 13 numeric metric values are finite JSON numbers, are not all zero, and the submitted 925-byte file is not byte-identical to the 781-byte placeholder.",Valid filled 16-key template; categorical vocabulary retained; all numeric fields finite and nonzero as a set; not the placeholder.,"The JSON parses, has the complete template schema and appropriate value types, identifies the public synthetic replication, and is demonstrably filled rather than copied unchanged.",
prep_v10_verifier_v10_full,health_medicine__healthcare_bias_audit_27a_public_replication_v1,verifier,0,error,27ff5cd7af151d1a3314b2127cd762ea79bef0a2176a5f5adbc78d102dc214fb,answers.match.generated.results,deterministic,True,error,"Every numeric answer must accurately transcribe its corresponding value from this run's Figure 1b, Table 2, model R-squared, or Table 3 CSV.",public task prompt step 3; input/audit_answers.json lines 3-15; input/code/figure1/figure1b.R lines 60-71; input/code/table2.py lines 35-42 and 118-156; input/code/model/model.py lines 109-136; input/code/table3.R lines 34-84,"Fill in `audit_answers.json` using only the public synthetic replication outputs from this run.
`holdout_r2`: results.rsquared
setnames(df, c('black_before', 'black_after'), c('before', 'after'))",supported,"Public task prompt says, “Fill in `audit_answers.json` using only the public synthetic replication outputs from this run.” `input/code/model/model.py` lines 132-134 maps `holdout_r2` to `results.rsquared`; `input/code/figure1/figure1b.R` lines 60-71 defines before, after, ratio and output columns; `input/code/table2.py` lines 35-42 and 118-156 defines the named rows/metrics; `input/code/table3.R` lines 34-84 defines `frac_black` and the named populations.","Every JSON number exactly transcribes the corresponding submitted CSV value within floating-point precision: Figure 1b percentile 97 = 0.184102564102564, 0.447692307692308, 2.43175487465181; Table 2 Race-black values = 0.1929460580912863, 0.2593360995850622, 0.2842323651452282, and difference 0.0912863070539418; model R2 values = 0.312095176316958 and 0.7326520763970077; Table 3 values = 0.224, 0.308, 0.218, 0.367. Recomputing the two R2 formulas directly from the submitted predictor gave differences of 4.996e-16 and 0.0. However, the required independent upstream model reconstruction did not complete, so correspondence to independently reconstructed model-dependent CSVs cannot be established.",All 13 named numeric answers match the submitted CSVs; maximum observed transcription discrepancy was 4.996e-16. Independent verification of the upstream predictor-dependent values could not be completed.,All numeric JSON fields equal the corresponding independently reconstructed CSV values and are not private-paper values substituted for the synthetic run.,
prep_v10_verifier_v10_full,health_medicine__healthcare_bias_audit_27a_public_replication_v1,verifier,0,error,27ff5cd7af151d1a3314b2127cd762ea79bef0a2176a5f5adbc78d102dc214fb,memo.synthetic.findings.and.mechanism,public_evidence,True,pass,"The memo must state whether this public synthetic replication suggests cost-based ranking understates Black patients' clinical need, explain in plain language why cost and need can diverge, and explain why mechanism diagnosis matters rather than treating retraining alone as a sufficient explanation.",input/audit_memo.md lines 4-6,"- explain whether the public synthetic replication suggests that the cost-based ranking understates clinical need for Black patients,
- explain in plain language why cost can diverge from clinical need in this workflow,
- discuss why diagnosing the cost-versus-need mechanism matters and why retraining alone is not a sufficient explanation,",supported,"`input/audit_memo.md` lines 4-6 require the memo to explain whether cost ranking understates Black patients' need, why cost can diverge from need, and why mechanism diagnosis matters and retraining alone is insufficient.","Submitted memo line 6 explicitly concludes that “cost-based ranking understates clinical need for Black patients.” Line 10 explains that spending also reflects access, utilization, prices, care-seeking, and treatment. Line 12 states that retraining the same features against the same cost label is insufficient because a better cost predictor may reproduce the same cost-versus-need gap. These conclusions are consistent with the cited synthetic Figure 1b and Tables 2/3 values.","All three requested topics are explicitly and coherently addressed in memo lines 6, 10, and 12.","A clear synthetic-run conclusion, plain-language cost-versus-need explanation, and mechanism-focused explanation of why retraining alone is insufficient.",
prep_v10_verifier_v10_full,health_medicine__healthcare_bias_audit_27a_public_replication_v1,verifier,0,error,27ff5cd7af151d1a3314b2127cd762ea79bef0a2176a5f5adbc78d102dc214fb,memo.target.and.private.data.distinction,public_evidence,True,pass,The memo must discuss whether a need-based label is preferable for allocation and clearly distinguish this public synthetic replication from the original paper's private-data values.,input/audit_memo.md lines 7 and 9,"- discuss whether a need-based label is a better allocation target than a cost-based label,
- clearly distinguish the public synthetic replication outputs from the original paper's private-data values.",supported,"`input/audit_memo.md` line 7 requires discussion of whether a need-based label is a better allocation target, and line 9 requires a clear distinction between public synthetic outputs and the original paper's private-data values.","Memo line 14 says a validated need-based label is “a better-aligned target than cost” for allocating care-management capacity. Lines 6 and 16 explicitly identify the analysis as synthetic, state that it is not an estimate from the paper's private patient data, and warn that the numbers must not be represented as reproducing private-data values. The prohibited paper percentages do not appear.",Explicit need-label recommendation and unambiguous synthetic-versus-private distinction; no prohibited paper percentages used.,The memo evaluates a need-based allocation label and does not present synthetic results as private-data findings.,
prep_v10_verifier_v10_full,health_medicine__healthcare_bias_audit_27a_public_replication_v1,verifier,0,error,27ff5cd7af151d1a3314b2127cd762ea79bef0a2176a5f5adbc78d102dc214fb,memo.output.grounding,deterministic,True,pass,"The memo must reference at least one generated Figure 1b result and at least one generated Table 2 or Table 3 result, with reported numbers traceable to this run.",input/audit_memo.md line 8,"- reference the synthetic replication outputs you generated, including at least one Figure 1b result and at least one Table 2 or Table 3 result,",supported,`input/audit_memo.md` line 8 requires “at least one Figure 1b result and at least one Table 2 or Table 3 result.”,"Memo line 6 identifies Figure 1b percentile 97 as 18.41% before, 44.77% after, and 2.43-fold; the CSV contains 0.184102564102564, 0.447692307692308, and 2.43175487465181, matching the displayed rounding. Memo line 8 identifies Table 2 Race-black results as 19.29%, 25.93%, 28.42%, and 9.13 percentage points, matching CSV values 0.1929460580912863, 0.2593360995850622, 0.2842323651452282, and 0.0912863070539418. It also cites Table 3 values 21.8%, 36.7%, 30.8%, and 22.4%, matching 0.218, 0.367, 0.308, and 0.224. Figure 1b was independently rerun with maximum numeric difference 0.0; Table 2 and Table 3 were exactly regenerated from the submitted predictor CSV.","Accurate, explicitly identified Figure 1b, Table 2, and Table 3 claims with reasonable percentage rounding.",At least one accurate Figure 1b value and at least one accurate Table 2 or Table 3 value are cited and identified as synthetic replication results.,
prep_v10_verifier_v10_full,health_medicine__healthcare_sap_group_sequential_nsclc,prep_verifier,0,unverifiable,7b0d5c8b4178fc8da3796d85804b44340b46d8273bb02ada0be905c421289c82,deliverables.file.integrity,deterministic,True,unverifiable,"All eight required deliverables must exist under output/ and be valid, nonempty files of their stated formats.",input/task_instructions.md lines 4-15,"Create a complete statistical-analysis-plan deliverable set under `output/`.
Required files:
- `SAP.md`
- `analysis.R`
- `sample_size.json`
- `boundaries.csv`
- `multiple_testing.json`
- `power_curve.csv`
- `power_curve.png`
- `boundary_plot.png`",ambiguous,"input/task_instructions.md lines 4-15 says: ""Create a complete statistical-analysis-plan deliverable set under `output/`."" It then lists SAP.md, analysis.R, sample_size.json, boundaries.csv, multiple_testing.json, power_curve.csv, power_curve.png, and boundary_plot.png. This supports the required filenames, but the registered check additionally requires nonconstant PNG content and consistent CSV rows, restrictions not stated at this cited locator.","The snapshot contains exactly the eight named regular files, all nonempty: SAP.md 12897 bytes, analysis.R 10357, sample_size.json 2115, boundaries.csv 531, multiple_testing.json 1404, power_curve.csv 650, power_curve.png 73273, and boundary_plot.png 43457. Both JSON files parsed, both CSV files parsed, and file inspection decoded each PNG as 1152x800 RGB. PIL found 899 colors in power_curve.png and 674 in boundary_plot.png, with nonzero channel standard deviations. Nevertheless, the stronger registered validity restrictions are not directly supported by the cited quote.","Eight required nonempty files; parseable JSON/CSV; readable UTF-8/ASCII text; two valid, nonconstant 1152x800 PNGs.",Every required file exists; JSON and CSV parsing succeeds; each PNG has valid dimensions and nonconstant image content; text files are nonempty.,
prep_v10_verifier_v10_full,health_medicine__healthcare_sap_group_sequential_nsclc,prep_verifier,0,unverifiable,7b0d5c8b4178fc8da3796d85804b44340b46d8273bb02ada0be905c421289c82,analysis.reproducible.provenance,deterministic,True,pass,analysis.R must reproducibly compute the analytical outputs from protocol.json without internet access or substitution of reference values.,"input/task_instructions.md lines 28-32; public task prompt, final paragraph","Work from `protocol.json`; do not use internet access.
`analysis.R` should be a reproducible script for generating the outputs.
Produce your outputs by computing or reasoning them from the task inputs — never copy or blend the task's provided reference or expected values into your deliverables.",supported,"input/task_instructions.md lines 30-31 says: ""Work from `protocol.json`; do not use internet access."" and ""`analysis.R` should be a reproducible script for generating the outputs."" The public task's final paragraph says: ""Produce your outputs by computing or reasoning them from the task inputs — never copy or blend the task's provided reference or expected values into your deliverables.""","analysis.R lines 14-18 derive input/protocol.json relative to the script and parse it with fromJSON. Lines 20-44 derive design inputs and calculations from parsed protocol fields; lines 76, 92, 137, 154, 166, and 177 generate the six analytical outputs. Static grep found no URL, curl, wget, download.file, socket, grader, reference-answer, expected-value, or output-reading analytical source. In a clean /tmp/sap-rerun-airedN containing only input/protocol.json and output/analysis.R, `Rscript analysis.R` exited 0 and reported fixed events 316.989243, inflation 1.02378905, adjusted maximum 324.530117, and futility Z 0.01580628. All four regenerated JSON/CSV files were byte-identical to the submission, with SHA-256 values 9eb87637... (sample_size), 43fc30f2... (boundaries), a36f6d6e... (multiple testing), and 9b9594a9... (power curve). Both regenerated PNGs were pixel-identical to the submitted images.","Clean offline rerun succeeded and regenerated all six analytical outputs exactly, including plot pixels.","The script exits successfully and independently regenerates materially equivalent numerical tables, JSON results, and plots solely from public inputs; no forbidden source substitution or network use is detected.",
prep_v10_verifier_v10_full,health_medicine__healthcare_sap_group_sequential_nsclc,prep_verifier,0,unverifiable,7b0d5c8b4178fc8da3796d85804b44340b46d8273bb02ada0be905c421289c82,primary.sample.size,deterministic,True,pass,"The deliverables must compute the OS log-rank/Schoenfeld sample size from the protocol HR, one-sided alpha, power, and target events, and report the group-sequential inflation factor and adjusted total sample size.",input/task_instructions.md lines 17-22; input/protocol.json keys /primary_endpoint and /design,"Compute log-rank/Schoenfeld sample size for overall survival using the protocol hazard ratio, one-sided alpha, power, and target events.
Report the sample-size inflation factor and adjusted total sample size.",supported,"input/task_instructions.md lines 19 and 22 says: ""Compute log-rank/Schoenfeld sample size for overall survival using the protocol hazard ratio, one-sided alpha, power, and target events."" and ""Report the sample-size inflation factor and adjusted total sample size."" protocol.json /primary_endpoint supplies target_hazard_ratio 0.73, alpha_one_sided 0.025, power 0.8, and target_events 240; /design states 1:1 randomization.","Independent Python recomputation using D=(z_0.975+z_0.8)^2/[0.25*log(0.73)^2] produced 316.9892426617525 events, differing from sample_size.json's 316.989242661752 by 5.12e-13; both ceil to 317. sample_size.json identifies protocol_stated_target_events=240 and fixed-design power at 240 as 0.683594808421, explicitly reconciling the incompatible protocol target. It reports inflation factor 1.023789053287, adjusted maximum 324.53011664695, and ceiling 325. Independent multiplication gave 324.530116646839 and ceiling 325. A separate R/gsDesign recomputation returned the same inflation factor and adjusted maximum. analysis.R lines 27-44 contain the formula and group-sequential inflation computation, and SAP.md lines 38-54 document the method and rounding.","HR 0.73, one-sided alpha 0.025, power 0.80, protocol target 240; fixed requirement 316.989242661752 (317); inflation 1.023789053287; adjusted maximum 324.53011664695 (325 events).","The fixed-design calculation uses HR 0.73, one-sided alpha 0.025, power 0.80, and the protocol target of 240 events as required; the inflation factor and adjusted total sample size are present, finite, positive, and agree with independent recomputation under the documented method.",
prep_v10_verifier_v10_full,health_medicine__healthcare_sap_group_sequential_nsclc,prep_verifier,0,unverifiable,7b0d5c8b4178fc8da3796d85804b44340b46d8273bb02ada0be905c421289c82,sequential.boundaries.futility,deterministic,True,pass,"boundaries.csv must contain three O'Brien-Fleming efficacy looks at information fractions 0.50, 0.75, and 1.00, with binding conditional-power futility only at look 1 and NA futility at looks 2 and 3.",input/task_instructions.md lines 20-21; input/protocol.json keys /interim_analyses,"Produce three-look O'Brien-Fleming efficacy boundaries at 50%, 75%, and 100% information.
Include binding futility only at look 1 using conditional power < 0.20; looks 2 and 3 should record futility as `NA`.",supported,"input/task_instructions.md lines 20-21 says: ""Produce three-look O'Brien-Fleming efficacy boundaries at 50%, 75%, and 100% information."" and ""Include binding futility only at look 1 using conditional power < 0.20; looks 2 and 3 should record futility as `NA`."" protocol.json /interim_analyses repeats n_looks=3, info_fractions=[0.5,0.75,1.0], spending_function=""O'Brien-Fleming"", and the binding look-1 conditional-power rule.","boundaries.csv parsed into exactly 3 rows with looks 1,2,3 and information fractions 0.5,0.75,1. Its efficacy Z values are 2.86263916, 2.33733509, and 2.02419156. Independent R execution of gsDesign(k=3,test.type=1,alpha=.025,beta=.2,timing=c(.5,.75),sfu='OF') returned exactly those eight-decimal boundaries and cumulative alpha 0.0021006436, 0.0104514900, 0.0249999998, matching the CSV. Row 1 has futility_z=0.01580628, futility_conditional_power=0.2, and rule ""Binding: stop if CP < 0.20"". Rows 2 and 3 contain literal NA in all futility fields. analysis.R lines 37-49 document exact canonical OF and solve the conditional-power cutoff; SAP.md lines 64-78 document its binding interpretation.",Three ordered looks at 0.50/0.75/1.00; efficacy Z 2.86263916/2.33733509/2.02419156; binding CP<0.20 cutoff only at look 1; NA at looks 2 and 3.,"All three efficacy boundaries agree with a documented standard O'Brien-Fleming calculation at the specified information fractions, and futility is binding only at look 1 with threshold CP < 0.20 and NA at the remaining looks.",
prep_v10_verifier_v10_full,health_medicine__healthcare_sap_group_sequential_nsclc,prep_verifier,0,unverifiable,7b0d5c8b4178fc8da3796d85804b44340b46d8273bb02ada0be905c421289c82,multiplicity.gated.hochberg,deterministic,True,pass,"multiple_testing.json must report a primary-OS gate followed by Hochberg step-up testing of PFS, ORR, and DOR at familywise alpha 0.025, and report the Bonferroni alpha used for the protocol subgroups.",input/task_instructions.md line 23; input/protocol.json keys /secondary_endpoints and /subgroups,"Apply the gated Hochberg procedure to PFS, ORR, and DOR using familywise alpha 0.025, and report subgroup Bonferroni alpha.",supported,"input/task_instructions.md line 23 says: ""Apply the gated Hochberg procedure to PFS, ORR, and DOR using familywise alpha 0.025, and report subgroup Bonferroni alpha."" protocol.json /secondary_endpoints identifies exactly PFS, ORR, and DOR, method ""Hochberg step-up"", alpha 0.025, and gate ""primary OS must be significant first""; /subgroups identifies four named groups and Bonferroni correction.","multiple_testing.json identifies Overall Survival as gatekeeper and prohibits confirmatory PFS/ORR/DOR testing unless OS crosses a sequential efficacy boundary. It lists exactly PFS, ORR, and DOR, one-sided familywise alpha 0.025, and Hochberg step-up. Its ordered-p algorithm uses critical values 0.025, 0.0125, and 0.008333333333 for three hypotheses. It scopes subgroup correction to the four protocol groups and reports 0.00625 per comparison. Independent calculation 0.025/4 returned 0.00625. SAP.md lines 80-94 supplies the same gate, algorithm, assumptions, and subgroup scope.","OS-gated Hochberg for exactly PFS/ORR/DOR at 0.025; critical levels 0.025, 0.0125, 0.008333333333; subgroup Bonferroni alpha 0.00625 across four named comparisons.","The JSON describes an OS-gated Hochberg procedure for exactly PFS, ORR, and DOR at FWER 0.025 and supplies a numerically correct, clearly scoped subgroup Bonferroni alpha.",
prep_v10_verifier_v10_full,health_medicine__healthcare_sap_group_sequential_nsclc,prep_verifier,0,unverifiable,7b0d5c8b4178fc8da3796d85804b44340b46d8273bb02ada0be905c421289c82,power.curve.and.plots,deterministic,True,pass,"A power-curve CSV and PNG must cover multiple plausible hazard ratios and include the protocol target HR, and a boundary-plot PNG must visualize the sequential boundaries.",input/task_instructions.md lines 24-25; input/protocol.json key /primary_endpoint/target_hazard_ratio,"Produce a power curve CSV and PNG over plausible hazard ratios including the target HR.
Produce a boundary plot PNG.",supported,"input/task_instructions.md lines 24-25 says: ""Produce a power curve CSV and PNG over plausible hazard ratios including the target HR."" and ""Produce a boundary plot PNG."" protocol.json /primary_endpoint/target_hazard_ratio is 0.73.","power_curve.csv parsed into 20 finite rows spanning HR 0.55 through 1.00. It contains an explicitly tagged target row HR=0.73 with binding-futility power 0.797109701074268. All powers are within [0,1], ranging from 0.0247550910201542 to 0.999582415142188. analysis.R lines 78-92 derive these values with gsProbability; lines 157-177 map power_curve and boundary data into their respective plots. Clean rerun reproduced the CSV byte-for-byte and both plots pixel-for-pixel. Both submitted PNGs decode as nonblank 1152x800 RGB images; power_curve.png has 899 colors and boundary_plot.png has 674 colors.",20 HR points including 0.73; valid power range 0.0247550910201542-0.999582415142188; two valid nonblank plots exactly regenerated from the script.,The curve contains the target HR 0.73 among multiple HR values with valid computed powers; power_curve.png represents that curve and boundary_plot.png represents the three-look boundary data.,
prep_v10_verifier_v10_full,health_medicine__healthcare_sap_group_sequential_nsclc,prep_verifier,0,unverifiable,7b0d5c8b4178fc8da3796d85804b44340b46d8273bb02ada0be905c421289c82,sap.protocol.narrative,public_evidence,True,pass,"SAP.md must accurately explain the protocol design assumptions, interim looks, multiplicity, and deliverables rather than merely listing filenames.",input/task_instructions.md line 26; input/protocol.json sampled JSON pointers,"Write a full SAP narrative explaining the design assumptions, interim looks, multiplicity, and deliverables.",supported,"input/task_instructions.md line 26 says: ""Write a full SAP narrative explaining the design assumptions, interim looks, multiplicity, and deliverables."" The fixed sampled protocol locators state /interim_analyses/info_fractions/1=0.75, /interim_analyses/futility/applied_at_looks/0=1, /primary_endpoint/alpha_one_sided=0.025, /interim_analyses/futility/rule=""binding, stop if conditional_power < 0.20"", and /secondary_endpoints/method=""Hochberg step-up"".","SAP.md is a 116-line substantive plan. Line 30 states one-sided alpha 0.025. Lines 62-70 describe three interim looks and explicitly include the sampled second information fraction 0.75. Lines 74-78 state futility applies only at look 1, is binding, stops for CP<0.20, and is NA at later looks. Lines 80-90 explain OS gatekeeping and the Hochberg step-up algorithm. Lines 34-60 document planning assumptions and primary analysis, while lines 102-112 explain the role of analysis.R, sample_size.json, boundaries.csv, multiple_testing.json, the power-curve files, and boundary_plot.png.","All five fixed sampled protocol facts are accurately stated with operational explanations, and each requested analytical deliverable's role is described.","SAP.md is a substantive clinical-trial analysis narrative and accurately states every sampled public protocol fact, including the operational implications of the interim and multiplicity provisions.",
prep_v10_verifier_v10_full,health_medicine__healthcare_sap_group_sequential_nsclc,prep_verifier,0,unverifiable,7b0d5c8b4178fc8da3796d85804b44340b46d8273bb02ada0be905c421289c82,numeric.precision.consistency,deterministic,True,unverifiable,"Numeric outputs must use clear rounding while preserving sufficient precision for verification and must remain consistent across the JSON, CSV, plots, SAP, and script.",input/task_instructions.md line 32,Numeric outputs should be rounded clearly but retain enough precision for verification.,ambiguous,"input/task_instructions.md line 32 says: ""Numeric outputs should be rounded clearly but retain enough precision for verification."" This supports clear and adequate precision, but the registered requirement and check additionally impose cross-file consistency across JSON, CSV, plots, SAP, and script, which is not explicitly stated in the cited quote.","The available artifact evidence is numerically strong: sample_size.json retains about 12 significant digits; boundaries.csv reports efficacy Z to 8 decimals and alpha quantities to 10; power_curve.csv retains approximately 15 significant digits. SAP.md lines 44-52 and 68-78 use clearly rounded versions of the machine-readable values. Independent checks found Schoenfeld absolute error 5.12e-13, adjusted-event agreement within 1.12e-10, exact eight-decimal boundary agreement, and exact subgroup alpha agreement. A clean rerun reproduced all machine-readable files byte-for-byte and both plots pixel-for-pixel. However, the registered cross-artifact consistency restriction is stronger than the cited source quote, so it cannot receive a pass under the verification rules.",Adequate displayed precision and no detected numerical inconsistency; exact clean-rerun equivalence for generated outputs.,"No required result is obscured by coarse or ambiguous rounding, and repeated numerical quantities agree across all deliverables within their declared precision.",
prep_v10_verifier_v10_full,health_medicine__healthcare_sap_group_sequential_nsclc,verifier,0,pass,2869ce3ad2a0167bec3e9037ec15d65c970cff5fe22992425c7bd5ad081bc162,deliverables.file.integrity,deterministic,True,pass,"All eight required deliverables must exist under output/ and be valid, nonempty files of their stated formats.",input/task_instructions.md lines 4-15,"Create a complete statistical-analysis-plan deliverable set under `output/`.
Required files:
- `SAP.md`
- `analysis.R`
- `sample_size.json`
- `boundaries.csv`
- `multiple_testing.json`
- `power_curve.csv`
- `power_curve.png`
- `boundary_plot.png`",supported,"input/task_instructions.md lines 4-15 state: ""Create a complete statistical-analysis-plan deliverable set under `output/`."" and list exactly `SAP.md`, `analysis.R`, `sample_size.json`, `boundaries.csv`, `multiple_testing.json`, `power_curve.csv`, `power_curve.png`, and `boundary_plot.png`.","Snapshot `find` showed exactly eight regular files with the required names and no rejected symlinks. Sizes were: SAP.md 13014 bytes, analysis.R 10080, boundaries.csv 696, boundary_plot.png 51983, multiple_testing.json 1409, power_curve.csv 1432, power_curve.png 65983, and sample_size.json 1369. Python parsing reported both JSON files `JSON OK`; boundaries.csv had 3 data rows and 12 columns, power_curve.csv had 22 data rows and 4 columns, and both had consistent row lengths. `file` decoded the PNGs as 1200x800 RGB PNGs. PIL reported nonzero channel standard deviations: power_curve.png [33.5721,32.5785,32.8310] and boundary_plot.png [36.3791,34.8896,34.4045]. SAP.md and analysis.R were identified as readable UTF-8/ASCII text.","All eight required, nonempty, parseable deliverables are present; both images are valid 1200x800 nonconstant RGB PNGs.",Every required file exists; JSON and CSV parsing succeeds; each PNG has valid dimensions and nonconstant image content; text files are nonempty.,
prep_v10_verifier_v10_full,health_medicine__healthcare_sap_group_sequential_nsclc,verifier,0,pass,2869ce3ad2a0167bec3e9037ec15d65c970cff5fe22992425c7bd5ad081bc162,analysis.reproducible.provenance,deterministic,True,pass,analysis.R must reproducibly compute the analytical outputs from protocol.json without internet access or substitution of reference values.,"input/task_instructions.md lines 28-32; public task prompt, final paragraph","Work from `protocol.json`; do not use internet access.
`analysis.R` should be a reproducible script for generating the outputs.
Produce your outputs by computing or reasoning them from the task inputs — never copy or blend the task's provided reference or expected values into your deliverables.",supported,"input/task_instructions.md lines 30-31 state: ""Work from `protocol.json`; do not use internet access."" and ""`analysis.R` should be a reproducible script for generating the outputs."" The public task prompt further states: ""Produce your outputs by computing or reasoning them from the task inputs — never copy or blend the task's provided reference or expected values into your deliverables.""","analysis.R line 16 reads `../input/protocol.json`; lines 20-25 derive HR, alpha, power, target events, and information fractions from it. Static grep found no HTTP URL, download.file, url(), curl, wget, socket, grader, reference, or expected-value input. In a clean temporary tree containing only public protocol.json, task_instructions.md, and the submitted script, `Rscript` exited 0 and generated all six analytical artifacts. Every regenerated artifact was byte-identical to the submission, including hashes: sample_size.json c3d81e..., boundaries.csv 153810..., multiple_testing.json d9112d..., power_curve.csv 31506b..., power_curve.png 8818b1..., and boundary_plot.png 3cb896.... PIL pixel-difference bounding boxes for both submitted versus regenerated PNGs were `None`.","Clean execution succeeded and reproduced all six computational outputs exactly from protocol.json, with no forbidden network/reference input detected.","The script exits successfully and independently regenerates materially equivalent numerical tables, JSON results, and plots solely from public inputs; no forbidden source substitution or network use is detected.",
prep_v10_verifier_v10_full,health_medicine__healthcare_sap_group_sequential_nsclc,verifier,0,pass,2869ce3ad2a0167bec3e9037ec15d65c970cff5fe22992425c7bd5ad081bc162,primary.sample.size,deterministic,True,pass,"The deliverables must compute the OS log-rank/Schoenfeld sample size from the protocol HR, one-sided alpha, power, and target events, and report the group-sequential inflation factor and adjusted total sample size.",input/task_instructions.md lines 17-22; input/protocol.json keys /primary_endpoint and /design,"Compute log-rank/Schoenfeld sample size for overall survival using the protocol hazard ratio, one-sided alpha, power, and target events.
Report the sample-size inflation factor and adjusted total sample size.",supported,"input/task_instructions.md lines 19 and 22 state: ""Compute log-rank/Schoenfeld sample size for overall survival using the protocol hazard ratio, one-sided alpha, power, and target events."" and ""Report the sample-size inflation factor and adjusted total sample size."" protocol.json `/primary_endpoint` supplies HR 0.73, one-sided alpha 0.025, power 0.8, and target_events 240.","sample_size.json identifies HR=0.73, one_sided_alpha=0.025, target_power=0.8, protocol_target_events=240, equal allocation, and the Schoenfeld formula. Independent R recomputation produced 316.989242661752485 events versus artifact 316.989242661751973 (difference 5.12e-13), ceiling 317. The JSON reports inflation factor 1.023789053287, protocol-target inflated raw events 245.709372788964 and ceiling 246, plus Schoenfeld-required inflated raw events 324.53011664695 and ceiling 325. Multiplication checks gave 240×inflation=245.70937278888 and D×inflation=324.530116646839, agreeing at reported precision. analysis.R lines 31-44 perform these calculations, and SAP.md lines 53-75 documents the method and interpretation.",Fixed requirement 316.989242661752 (317 deaths); inflation 1.023789053287; adjusted protocol target 245.709372788964 (246); adjusted 80%-power requirement 324.53011664695 (325).,"Use HR 0.73, one-sided alpha 0.025, power 0.80, and target 240 events; report positive, finite, internally consistent group-sequential inflation and adjusted totals.",
prep_v10_verifier_v10_full,health_medicine__healthcare_sap_group_sequential_nsclc,verifier,0,pass,2869ce3ad2a0167bec3e9037ec15d65c970cff5fe22992425c7bd5ad081bc162,sequential.boundaries.futility,deterministic,True,pass,"boundaries.csv must contain three O'Brien-Fleming efficacy looks at information fractions 0.50, 0.75, and 1.00, with binding conditional-power futility only at look 1 and NA futility at looks 2 and 3.",input/task_instructions.md lines 20-21; input/protocol.json keys /interim_analyses,"Produce three-look O'Brien-Fleming efficacy boundaries at 50%, 75%, and 100% information.
Include binding futility only at look 1 using conditional power < 0.20; looks 2 and 3 should record futility as `NA`.",supported,"input/task_instructions.md lines 20-21 state: ""Produce three-look O'Brien-Fleming efficacy boundaries at 50%, 75%, and 100% information."" and ""Include binding futility only at look 1 using conditional power < 0.20; looks 2 and 3 should record futility as `NA`.""","boundaries.csv parses as exactly 3 rows with unique ordered looks 1,2,3 and information fractions 0.50,0.75,1.00. Efficacy Z boundaries are 2.86263916401257, 2.33733508984607, and 2.02419156496348; cumulative alpha spending is 0.00210064359035737, 0.0104514899674668, and 0.0249999998483415. analysis.R lines 36-48 calibrate these via `gsDesign(k=3,test.type=1,alpha=.025,beta=.20,timing=c(.5,.75),sfu=""OF"")`; clean regeneration reproduced the CSV byte-for-byte. Row 1 records futility_z=0.297276190060091 and conditional-power threshold 0.2, while rows 2 and 3 contain actual parsed NA values in all futility fields. SAP.md lines 79-101 documents efficacy and binding look-1 CP<0.20 futility, with no futility at later looks.",Three OF looks at 0.50/0.75/1.00 with Z=2.8626391640/2.3373350898/2.0241915650; binding CP threshold 0.20 only at look 1; later futility values are NA.,"Three documented standard O'Brien-Fleming efficacy boundaries at the specified fractions, with binding CP<0.20 futility only at look 1 and NA at looks 2 and 3.",
prep_v10_verifier_v10_full,health_medicine__healthcare_sap_group_sequential_nsclc,verifier,0,pass,2869ce3ad2a0167bec3e9037ec15d65c970cff5fe22992425c7bd5ad081bc162,multiplicity.gated.hochberg,deterministic,True,pass,"multiple_testing.json must report a primary-OS gate followed by Hochberg step-up testing of PFS, ORR, and DOR at familywise alpha 0.025, and report the Bonferroni alpha used for the protocol subgroups.",input/task_instructions.md line 23; input/protocol.json keys /secondary_endpoints and /subgroups,"Apply the gated Hochberg procedure to PFS, ORR, and DOR using familywise alpha 0.025, and report subgroup Bonferroni alpha.",supported,"input/task_instructions.md line 23 states: ""Apply the gated Hochberg procedure to PFS, ORR, and DOR using familywise alpha 0.025, and report subgroup Bonferroni alpha."" protocol.json `/secondary_endpoints` names the three endpoints, method, familywise alpha, and OS gate; `/subgroups` lists four comparisons and Bonferroni correction.","multiple_testing.json states that primary OS must reject before confirmatory PFS/ORR/DOR testing and that a failed gate makes secondary analyses descriptive. It lists exactly PFS, ORR, DOR, one-sided familywise alpha 0.025, procedure `Hochberg step-up`, and the ascending-rank rule. Reported thresholds are 0.008333333333333, 0.0125, and 0.025, equal to alpha/3, alpha/2, and alpha. The subgroup object lists the four protocol comparisons, number_of_prespecified_comparisons=4, family_alpha=0.025, and per_comparison_one_sided_alpha=0.00625, which independently equals 0.025/4. SAP.md lines 103-121 explains the same gate, procedure, and subgroup scope.","OS-gated Hochberg for exactly PFS/ORR/DOR at 0.025, with rank thresholds 0.008333333333333/0.0125/0.025; subgroup Bonferroni alpha 0.00625 across four comparisons.","An OS-gated Hochberg procedure for exactly PFS, ORR, and DOR at FWER 0.025 and a numerically correct, clearly scoped subgroup Bonferroni alpha.",
prep_v10_verifier_v10_full,health_medicine__healthcare_sap_group_sequential_nsclc,verifier,0,pass,2869ce3ad2a0167bec3e9037ec15d65c970cff5fe22992425c7bd5ad081bc162,power.curve.and.plots,deterministic,True,pass,"A power-curve CSV and PNG must cover multiple plausible hazard ratios and include the protocol target HR, and a boundary-plot PNG must visualize the sequential boundaries.",input/task_instructions.md lines 24-25; input/protocol.json key /primary_endpoint/target_hazard_ratio,"Produce a power curve CSV and PNG over plausible hazard ratios including the target HR.
Produce a boundary plot PNG.",supported,"input/task_instructions.md lines 24-25 state: ""Produce a power curve CSV and PNG over plausible hazard ratios including the target HR."" and ""Produce a boundary plot PNG."" protocol.json `/primary_endpoint/target_hazard_ratio` is 0.73.","power_curve.csv parses into 22 rows with 22 distinct finite HRs spanning 0.50-1.00 and contains exactly one HR=0.73 row. At HR 0.73, binding-futility group-sequential power is 0.674735254111485, fixed 240-event power is 0.683594808421044, and fixed 317-event power is 0.800013308243348. Across all rows, each power column remains within [0,1] (ranges 0.02436654-0.99953588, 0.025-0.9996741, and 0.025-0.9999873). analysis.R lines 145-170 computes the curve from canonical multivariate-normal probabilities; lines 172-200 plot the curve and boundary table. Clean regeneration produced byte-identical CSV and PNG files. Both PNGs decoded as nonblank 1200x800 RGB images.","22 HR points from 0.50 through 1.00, including 0.73, with finite probability values; both plots are nonblank and exactly reproducible from their source computations.",The curve contains target HR 0.73 among multiple HR values with valid computed powers; power_curve.png represents that curve and boundary_plot.png represents the three-look boundary data.,
prep_v10_verifier_v10_full,health_medicine__healthcare_sap_group_sequential_nsclc,verifier,0,pass,2869ce3ad2a0167bec3e9037ec15d65c970cff5fe22992425c7bd5ad081bc162,sap.protocol.narrative,public_evidence,True,pass,"SAP.md must accurately explain the protocol design assumptions, interim looks, multiplicity, and deliverables rather than merely listing filenames.",input/task_instructions.md line 26; input/protocol.json sampled JSON pointers,"Write a full SAP narrative explaining the design assumptions, interim looks, multiplicity, and deliverables.",supported,"input/task_instructions.md line 26 states: ""Write a full SAP narrative explaining the design assumptions, interim looks, multiplicity, and deliverables."" The sampled protocol pointers give info_fractions[1]=0.75, futility applied_at_looks[0]=1, primary alpha_one_sided=0.025, futility rule=`binding, stop if conditional_power < 0.20`, and secondary method=`Hochberg step-up`.","SAP.md is a 153-line substantive SAP. The sampled facts appear in context: one-sided alpha 0.025 at lines 26 and 49; three analyses at 0.50, 0.75, 1.00 and OF implementation at lines 77-87; binding futility only at look 1 with CP<0.20 and NA at looks 2-3 at lines 89-101; gated Hochberg step-up for PFS/ORR/DOR at lines 103-121. Lines 139-149 explain the role of sample_size.json, boundaries.csv, multiple_testing.json, power_curve CSV/PNG, boundary_plot.png, and analysis.R rather than merely listing names. The narrative also covers endpoint methods, analysis populations, missingness, safety, monitoring, and reproducibility.","All five sampled protocol values are accurately incorporated in relevant design/interim/multiplicity sections, and analytical deliverables are explained in a full SAP narrative.","A substantive clinical-trial analysis narrative accurately stating every sampled public protocol fact and explaining interim, multiplicity, and deliverable implications.",
prep_v10_verifier_v10_full,health_medicine__healthcare_sap_group_sequential_nsclc,verifier,0,pass,2869ce3ad2a0167bec3e9037ec15d65c970cff5fe22992425c7bd5ad081bc162,numeric.precision.consistency,deterministic,True,pass,"Numeric outputs must use clear rounding while preserving sufficient precision for verification and must remain consistent across the JSON, CSV, plots, SAP, and script.",input/task_instructions.md line 32,Numeric outputs should be rounded clearly but retain enough precision for verification.,supported,"input/task_instructions.md line 32 states: ""Numeric outputs should be rounded clearly but retain enough precision for verification.""","Machine-readable outputs retain approximately 12-15 significant digits for raw event requirements, inflation, Z boundaries, alpha spending, and powers. Independent recomputation differed from the reported Schoenfeld value by only 5.12e-13. Repeated values agree: HR 0.73, alpha 0.025, power 0.8, target events 240, inflation 1.023789053287, adjusted target 245.709/246, fixed requirement 316.989/317, adjusted requirement 324.530/325, efficacy Z values, Hochberg levels, and subgroup alpha 0.00625. SAP.md lines 60-73 and 79-99 use clearly rounded narrative/table values consistent with the detailed JSON/CSV values; line 149 explicitly states that CSVs retain machine-readable precision while narrative values are rounded. Clean regeneration was byte-identical for every numerical artifact.","Detailed files retain verification precision, narrative figures use explicit sensible rounding, and repeated quantities agree within displayed precision across JSON, CSV, SAP, script, and regenerated plots.","No required result is obscured by coarse or ambiguous rounding, and repeated numerical quantities agree across deliverables within declared precision.",
prep_v10_verifier_v10_full,health_medicine__healthcare_tcga_luad_survival_kras,prep_verifier,0,unverifiable,ab2421acf3727203cb568d4b0607ced424b4b0b9dee609716faceb605ede6c49,outputs.required.files,deterministic,True,pass,All four required deliverables must exist under output/ with the specified filenames.,"input/output_requirements.txt, sections 1-4","Required outputs:
1. cohort.csv
2. km_plot.png
3. cox_results.json
4. analysis.R",supported,"input/output_requirements.txt lines 1-24 states: ""Required outputs:"" followed by ""1. cohort.csv"", ""2. km_plot.png"", ""3. cox_results.json"", and ""4. analysis.R"".","Snapshot file enumeration found four regular nonempty files: analysis.R (8135 bytes), cohort.csv (56973 bytes), cox_results.json (1552 bytes), and km_plot.png (80566 bytes). The rejected-symlink receipt was empty.",All four required filenames are present as regular files with nonzero sizes.,All four named files exist under output/ and have nonzero size.,
prep_v10_verifier_v10_full,health_medicine__healthcare_tcga_luad_survival_kras,prep_verifier,0,unverifiable,ab2421acf3727203cb568d4b0607ced424b4b0b9dee609716faceb605ede6c49,cohort.schema.completeness,deterministic,True,unverifiable,"cohort.csv must have the required columns, at least 400 patient-level rows, valid sample submitter IDs, and no missing values in the fields identified by the contract.","input/output_requirements.txt, cohort.csv bullets","Must contain at least these columns:
patient_id,sample_id,file_id,kras_expression_selected,kras_group,time_days,status,age_at_diagnosis_years,raw_stage,stage_group
- Must contain at least 400 rows
- Must not contain NA in kras_expression_selected,kras_group,time_days,status,age_at_diagnosis_years,stage_group",ambiguous,"input/output_requirements.txt lines 4-9 supports the required columns, at least 400 rows, and the six non-missing fields. However, line 6 says sample_id is the ""first 15 characters"" while its stated example, ""TCGA-05-4245-01A"", is 16 characters. The registered check additionally requires patient_id uniqueness, which is not stated in the quoted excerpt. Thus the quote does not unambiguously entail the complete check.","cohort.csv parsed as 479 rows and 10 required columns; patient_id had 0 duplicates; all six named fields had 0 blank or NA-like values. Every sample_id had length 16 and matched ^TCGA-[A-Z0-9]{2}-[A-Z0-9]{4}-[0-9]{2}[A-Z]$, consistent with the public example but inconsistent with the public phrase ""15 characters"".",479 rows; all required columns; 479 unique patient IDs; no prohibited missing values; all sample IDs are 16-character TCGA sample barcodes.,"The CSV is parseable, has at least 400 unique patient rows, contains every required column, has no prohibited missing values, and has valid 15-character sample submitter IDs.",
prep_v10_verifier_v10_full,health_medicine__healthcare_tcga_luad_survival_kras,prep_verifier,0,unverifiable,ab2421acf3727203cb568d4b0607ced424b4b0b9dee609716faceb605ede6c49,cohort.expression.stratification,deterministic,True,unverifiable,"KRAS expression must be the tpm_unstranded value for ENSG00000133703, with patients split at the cohort median so values at or above the median are high.","input/task_spec.json, gene and stratification keys; public task prompt step 5","""ensembl_id"": ""ENSG00000133703"",
""expression_metric"": ""tpm_unstranded""
""stratification"": ""median_split""",ambiguous,"input/task_spec.json lines 12-21 contains ""ensembl_id"": ""ENSG00000133703"", ""expression_metric"": ""tpm_unstranded"", and ""stratification"": ""median_split"". The registered requirement/check additionally mandates that equality with the median belongs to the high group, but that threshold direction is not present in the registered source_quote; therefore the quote alone does not entail the full criterion.","analysis.R lines 47-52 requires columns gene_id and tpm_unstranded, selects gene IDs matching ^ENSG00000133703(\.|$), and returns the tpm_unstranded value. Lines 93-95 calculate the cohort median and assign high using expression >= median. Independent CSV calculation produced median 28.1055 and 0 group mismatches (240 high, 239 low).",The implementation and delivered cohort use ENSG00000133703 tpm_unstranded and an inclusive >=28.1055 high-group threshold.,"The script selects the required gene and TPM metric, and every cohort row has the correctly assigned median-split group, including equality in the high group.",
prep_v10_verifier_v10_full,health_medicine__healthcare_tcga_luad_survival_kras,prep_verifier,0,unverifiable,ab2421acf3727203cb568d4b0607ced424b4b0b9dee609716faceb605ede6c49,workflow.gdc.selection.survival,deterministic,True,pass,"analysis.R must clearly encode a GDC TCGA-LUAD STAR-count workflow, restrict to primary tumors, deduplicate multiple primary-tumor samples by lexicographically smallest sample submitter_id, and derive overall-survival time and event status from the specified clinical fields.","input/task_spec.json, download, sample_selection, and outcome keys","""project"": ""TCGA-LUAD"",
""workflow_type"": ""STAR - Counts""
""sample_type"": ""Primary Tumor""
""deduplication"": ""When a patient has multiple primary-tumor samples, keep only the one whose sample submitter_id is lexicographically smallest.""
""time_field"": ""days_to_death or days_to_last_follow_up"",
""event_field"": ""vital_status (Dead=1, Alive=0)""",supported,"input/task_spec.json lines 5-10 states method TCGAbiolinks, project ""TCGA-LUAD"", data category ""Transcriptome Profiling"", data type ""Gene Expression Quantification"", and workflow ""STAR - Counts"". Lines 17-25 state sample type ""Primary Tumor"", lexical-smallest sample deduplication, time from ""days_to_death or days_to_last_follow_up"", and event from ""vital_status (Dead=1, Alive=0)"".","analysis.R lines 16-22 issue GDCquery with TCGA-LUAD, Transcriptome Profiling, Gene Expression Quantification, STAR - Counts, and Primary Tumor. Lines 28-31 derive patient/sample IDs, order by patient_id then sample_id, and retain the first patient occurrence. Lines 38-63 download selected public GDC files and parse their STAR TSV data rather than reading a precomputed cohort. Lines 65-70 query GDC clinical data. Lines 73-77 construct death/follow-up days, status from vital_status, time_days, and age. Lines 84-103 merge and write the analytic cohort.","An auditable public-GDC reconstruction, primary-tumor filter, lexical sample deduplication, and required survival derivations are encoded in analysis.R.","analysis.R contains an auditable end-to-end public-GDC reconstruction and the specified sample-selection and survival derivations, rather than substituting precomputed analysis data.",
prep_v10_verifier_v10_full,health_medicine__healthcare_tcga_luad_survival_kras,prep_verifier,0,unverifiable,ab2421acf3727203cb568d4b0607ced424b4b0b9dee609716faceb605ede6c49,clinical.stage.mapping,deterministic,True,pass,The analysis must use age at diagnosis and map the specified stages into early and advanced groups.,"input/task_spec.json, covariates and stage_mapping keys","""covariates"": [""age_at_diagnosis"", ""stage_group""]
""early"": [""Stage I"", ""Stage IA"", ""Stage IB"", ""Stage II"", ""Stage IIA"", ""Stage IIB""],
""advanced"": [""Stage III"", ""Stage IIIA"", ""Stage IIIB"", ""Stage IV""]",supported,"input/task_spec.json lines 27-30 states covariates [""age_at_diagnosis"", ""stage_group""], early stages [""Stage I"", ""Stage IA"", ""Stage IB"", ""Stage II"", ""Stage IIA"", ""Stage IIB""], and advanced stages [""Stage III"", ""Stage IIIA"", ""Stage IIIB"", ""Stage IV""].","analysis.R line 77 converts age_at_diagnosis from days to years. Lines 79-82 encode exactly the listed early and advanced memberships. In cohort.csv, stage_group contained only early (372 rows) and advanced (107 rows). Crosstab verification found Stage I 5 early, IA 126 early, IB 129 early, II 1 early, IIA 48 early, IIB 63 early, IIIA 70 advanced, IIIB 11 advanced, and IV 26 advanced, with no contrary assignments.","All 479 rows have early/advanced stage groups, and every represented mapped raw-stage label agrees with the published mapping.","The script encodes the published stage mapping and age covariate, and all applicable cohort rows agree with that mapping.",
prep_v10_verifier_v10_full,health_medicine__healthcare_tcga_luad_survival_kras,prep_verifier,0,unverifiable,ab2421acf3727203cb568d4b0607ced424b4b0b9dee609716faceb605ede6c49,statistics.results.consistency,deterministic,True,unverifiable,"The deliverables must report a Kaplan-Meier analysis, log-rank test, and Cox proportional-hazards model using KRAS group, age, and stage group, together with a cox.zph proportional-hazards test.","input/task_spec.json, analysis key","""test"": ""log-rank""
""formula"": ""Surv(time, status) ~ kras_group + age_at_diagnosis + stage_group"",
""ph_test"": ""cox.zph()""",ambiguous,"input/task_spec.json lines 32-40 contains the nested analysis settings ""test"": ""log-rank"", Cox formula ""Surv(time, status) ~ kras_group + age_at_diagnosis + stage_group"", and ""ph_test"": ""cox.zph()"". The registered source_quote does not itself state the requirement to report Kaplan-Meier results or that all delivered numerical summaries, confidence intervals, and p-values must reproduce within a particular tolerance, so it does not entail the complete registered check.","analysis.R lines 105-109 encode survfit and survdiff; lines 124-125 encode the three-predictor Cox model with Efron ties; line 136 calls cox.zph. Independent R survival-package recomputation from cohort.csv gave n=479, events=172, high=240, low=239, median=28.1055, log-rank chi-square=3.009278220353 and p=0.08278914829973. Recomputed Cox HR/p/95% CI values were KRAS 1.26695980742737/0.123608480715790/[0.937474378718760,1.71224642515585], age 1.00819959387371/0.296014121146080/[0.992875786495884,1.02375990522891], and advanced stage 2.54673996937630/5.61076855592704e-09/[1.859733052027453,3.48753519466032], matching cox_results.json to its reported precision.","All requested methods are encoded, and independently recomputed summary, log-rank, Cox, and cox.zph values match the JSON.","The required methods are encoded and the reported summary, log-rank, and Cox values reproduce from cohort.csv rather than contradicting the delivered cohort.",
prep_v10_verifier_v10_full,health_medicine__healthcare_tcga_luad_survival_kras,prep_verifier,0,unverifiable,ab2421acf3727203cb568d4b0607ced424b4b0b9dee609716faceb605ede6c49,results.schema.plot.validity,deterministic,True,unverifiable,"cox_results.json must have the specified sections and coefficient fields, and km_plot.png must be a valid non-trivial PNG.","input/output_requirements.txt, km_plot.png and cox_results.json bullets","- Valid non-trivial PNG
- Must include these top-level sections: cohort_summary, log_rank, cox_model, ph_test
- cox_model must contain a coefficients dict keyed by variable name:
keys: kras_group_high, age_at_diagnosis_years, stage_group_advanced",ambiguous,"input/output_requirements.txt lines 11-20 states ""Valid non-trivial PNG"", names the four JSON top-level sections, and lists the three coefficient keys. However, the registered source_quote omits line 20's required per-coefficient fields (hazard_ratio, p_value, ci_lower_95, ci_upper_95), while the registered check also adds finite-number and bounded-p-value restrictions not stated in that quote. Consequently the quote does not entail the entire criterion.","cox_results.json parsed successfully with top-level sections cohort_summary, log_rank, cox_model, and ph_test; all required summary/log-rank fields and coefficient keys were present. Each coefficient contained hazard_ratio, p_value, ci_lower_95, and ci_upper_95; all inspected statistical numbers were finite and every p-value lay in [0,1]. Pillow and file inspection decoded km_plot.png as an 1800x1400 RGB PNG with pixel range 0-255 and 1608 distinct RGB pixel values, demonstrating nonblank content.","The JSON has the complete requested schema with valid numeric values, and the plot is a decodable, non-uniform 1800x1400 PNG.","The JSON is valid and complete with finite, properly bounded statistical fields, and the plot is a decodable, nonblank PNG.",
prep_v10_verifier_v10_full,health_medicine__healthcare_tcga_luad_survival_kras,verifier,0,unverifiable,84c2a44356f68a25fb06ca325681b27727ef72fd12e7e3fed8911d6c51667c2f,outputs.required.files,deterministic,True,unverifiable,All four required deliverables must exist under output/ with the specified filenames.,"input/output_requirements.txt, sections 1-4","Required outputs:
1. cohort.csv
2. km_plot.png
3. cox_results.json
4. analysis.R",ambiguous,"input/output_requirements.txt, lines 1-24, states: ""Required outputs: ... 1. cohort.csv ... 2. km_plot.png ... 3. cox_results.json ... 4. analysis.R"". This supports the filenames and required presence, but does not explicitly require each path to be a regular file with nonzero size, so the registered check and expected fields are stronger than the quotation.","Snapshot listing found four regular files: analysis.R (4301 bytes), cohort.csv (62224 bytes), cox_results.json (1701 bytes), and km_plot.png (82266 bytes). No rejected symlinks were listed. The operational observation satisfies the stronger check, but source ambiguity prevents a pass.",All four named deliverables exist as nonempty regular files in the snapshot.,All four named files exist under output/ and have nonzero size.,
prep_v10_verifier_v10_full,health_medicine__healthcare_tcga_luad_survival_kras,verifier,0,unverifiable,84c2a44356f68a25fb06ca325681b27727ef72fd12e7e3fed8911d6c51667c2f,cohort.schema.completeness,deterministic,True,unverifiable,"cohort.csv must have the required columns, at least 400 patient-level rows, valid sample submitter IDs, and no missing values in the fields identified by the contract.","input/output_requirements.txt, cohort.csv bullets","Must contain at least these columns:
patient_id,sample_id,file_id,kras_expression_selected,kras_group,time_days,status,age_at_diagnosis_years,raw_stage,stage_group
- Must contain at least 400 rows
- Must not contain NA in kras_expression_selected,kras_group,time_days,status,age_at_diagnosis_years,stage_group",contradicted,"input/output_requirements.txt states the quoted required columns, ""Must contain at least 400 rows"", and the six-field non-NA rule. The same cohort.csv section additionally says: ""sample_id must be the sample submitter_id (first 15 characters of the TCGA barcode, e.g. TCGA-05-4245-01A)"". The example has 16 characters, contradicting the stated 15-character length. The quotation also does not state the registered patient_id uniqueness rule.","pandas parsed cohort.csv as 475 rows and 10 required columns. patient_id had 475 unique values and 0 duplicates. Each of the six designated fields had 0 null and 0 NA-like values. All 475 sample_id values were 16 characters and matched ^TCGA-[A-Z0-9]{2}-[A-Z0-9]{4}-[0-9]{2}[A-Z]$, consistent with the public example but not its contradictory phrase ""first 15 characters"".",475 parseable patient rows; all required columns present; no prohibited missing values; 475 unique patients; sample IDs are valid 16-character barcodes.,"At least 400 unique patient rows, all required columns, no prohibited missing values, and valid 15-character sample submitter IDs.",
prep_v10_verifier_v10_full,health_medicine__healthcare_tcga_luad_survival_kras,verifier,0,unverifiable,84c2a44356f68a25fb06ca325681b27727ef72fd12e7e3fed8911d6c51667c2f,cohort.expression.stratification,deterministic,True,unverifiable,"KRAS expression must be the tpm_unstranded value for ENSG00000133703, with patients split at the cohort median so values at or above the median are high.","input/task_spec.json, gene and stratification keys; public task prompt step 5","""ensembl_id"": ""ENSG00000133703"",
""expression_metric"": ""tpm_unstranded""
""stratification"": ""median_split""",ambiguous,"input/task_spec.json contains ""ensembl_id"": ""ENSG00000133703"", ""expression_metric"": ""tpm_unstranded"", and ""stratification"": ""median_split"". However, the registered exact boundary rule—expression equal to the median must be high—is not entailed by the quoted term ""median_split""; the source_quote omits the public prompt's explicit greater-than-or-equal wording.","analysis.R lines 12-13 identify tpm_unstranded and ENSG00000133703, and lines 26-29 compute median_kras and assign high with >=. Independent calculation from cohort.csv gave median 27.6269, 238 high and 237 low; all 475 group labels matched expression >= median, including the one row equal to the median. The script nevertheless reads a precomputed kras_expression_selected field rather than operationally extracting the gene/metric.",Median 27.6269; 0 grouping mismatches; equality assigned high; gene and TPM identifiers appear in script comments.,"The script selects ENSG00000133703 tpm_unstranded, and every row follows the >= median high rule.",
prep_v10_verifier_v10_full,health_medicine__healthcare_tcga_luad_survival_kras,verifier,0,unverifiable,84c2a44356f68a25fb06ca325681b27727ef72fd12e7e3fed8911d6c51667c2f,workflow.gdc.selection.survival,deterministic,True,unverifiable,"analysis.R must clearly encode a GDC TCGA-LUAD STAR-count workflow, restrict to primary tumors, deduplicate multiple primary-tumor samples by lexicographically smallest sample submitter_id, and derive overall-survival time and event status from the specified clinical fields.","input/task_spec.json, download, sample_selection, and outcome keys","""project"": ""TCGA-LUAD"",
""workflow_type"": ""STAR - Counts""
""sample_type"": ""Primary Tumor""
""deduplication"": ""When a patient has multiple primary-tumor samples, keep only the one whose sample submitter_id is lexicographically smallest.""
""time_field"": ""days_to_death or days_to_last_follow_up"",
""event_field"": ""vital_status (Dead=1, Alive=0)""",ambiguous,"input/task_spec.json contains the quoted values ""project"": ""TCGA-LUAD"", ""workflow_type"": ""STAR - Counts"", ""sample_type"": ""Primary Tumor"", the lexical-smallest deduplication statement, and survival fields ""days_to_death or days_to_last_follow_up"" and ""vital_status (Dead=1, Alive=0)"". The registered check is stronger: it requires an actual executable TCGAbiolinks/GDC query-download-prepare path and rejects reading precomputed inputs, while the quotation specifies parameters and derivations but does not say they must be executable rather than merely encoded.","analysis.R lines 5-10 contain a fully commented GDCquery/GDCdownload/GDCprepare example. Executed code instead reads work_gdc/analysis_input.csv at line 17; that file is absent from the snapshot. Lines 21-23 sort by patient_id, sample_id, and file_id and retain the first patient row. No executable code derives time_days from days_to_death/days_to_last_follow_up or status from vital_status. Thus the script is not independently runnable as an end-to-end GDC reconstruction, but the stronger operational requirement is unsupported by the quote.",GDC workflow exists only in comments; executable workflow starts from an unavailable precomputed CSV; lexical deduplication is executable; survival derivation is absent.,"An auditable executable end-to-end public-GDC reconstruction with primary-tumor filtering, lexical deduplication, and explicit survival derivations.",
prep_v10_verifier_v10_full,health_medicine__healthcare_tcga_luad_survival_kras,verifier,0,unverifiable,84c2a44356f68a25fb06ca325681b27727ef72fd12e7e3fed8911d6c51667c2f,clinical.stage.mapping,deterministic,True,unverifiable,The analysis must use age at diagnosis and map the specified stages into early and advanced groups.,"input/task_spec.json, covariates and stage_mapping keys","""covariates"": [""age_at_diagnosis"", ""stage_group""]
""early"": [""Stage I"", ""Stage IA"", ""Stage IB"", ""Stage II"", ""Stage IIA"", ""Stage IIB""],
""advanced"": [""Stage III"", ""Stage IIIA"", ""Stage IIIB"", ""Stage IV""]",ambiguous,"input/task_spec.json contains ""covariates"": [""age_at_diagnosis"", ""stage_group""] and exactly lists early stages Stage I, IA, IB, II, IIA, IIB and advanced stages Stage III, IIIA, IIIB, IV. This supports the covariates and memberships, but the registered check additionally requires explicit age conversion/processing into years, which the quoted source does not specify.","cohort.csv stage_group contained only early and advanced. Cross-tabulation showed all represented mapped labels assigned correctly: early—Stage I 5, IA 125, IB 128, II 1, IIA 48, IIB 63; advanced—Stage IIIA 70, IIIB 10, IV 25; no contradictory assignments. analysis.R merely consumes existing age_at_diagnosis_years and stage_group columns and does not encode either age conversion or the listed stage mapping.","All 475 cohort stage assignments agree with the public mapping, but analysis.R does not implement age conversion or stage mapping.","Script encodes age processing and the published mapping, and all applicable cohort rows agree.",
prep_v10_verifier_v10_full,health_medicine__healthcare_tcga_luad_survival_kras,verifier,0,unverifiable,84c2a44356f68a25fb06ca325681b27727ef72fd12e7e3fed8911d6c51667c2f,statistics.results.consistency,deterministic,True,unverifiable,"The deliverables must report a Kaplan-Meier analysis, log-rank test, and Cox proportional-hazards model using KRAS group, age, and stage group, together with a cox.zph proportional-hazards test.","input/task_spec.json, analysis key","""test"": ""log-rank""
""formula"": ""Surv(time, status) ~ kras_group + age_at_diagnosis + stage_group"",
""ph_test"": ""cox.zph()""",ambiguous,"input/task_spec.json contains ""test"": ""log-rank"", the quoted Cox formula, and ""ph_test"": ""cox.zph()"". The registered check additionally requires Kaplan-Meier fitting, exact output-column substitutions, independent numerical reproduction, and comparison using the script's tie handling and an unspecified ""reasonable floating-point tolerance"". Those operational restrictions and tolerance are not established by the quotation.","analysis.R lines 34-37 call survfit and survdiff; lines 48-50 call coxph with KRAS group, age, stage group, ties=""efron"", and cox.zph. Independent R/survival recomputation from cohort.csv produced n=475, events=171, high=238, low=237, median=27.6269, log-rank chi-square 4.657118580939446 and p=0.03092504729774189. Cox results reproduced: KRAS HR 1.322623749846032, p 0.07051497723339829, CI [0.9768682556985839,1.790756914713934]; age HR 1.007375000932272, p 0.3498227347267068, CI [0.9919763184083102,1.023012720839560]; advanced stage HR 2.484068651954953, p 1.759781617740101e-08, CI [1.8100721206680572,3.409033815375195]. These agree with cox_results.json to floating-point precision.","All delivered summary, log-rank, Cox, and cox.zph values reproduced from cohort.csv with R survival and Efron ties.",Required analyses are encoded and all reported values reproduce from cohort.csv within reasonable tolerance.,
prep_v10_verifier_v10_full,health_medicine__healthcare_tcga_luad_survival_kras,verifier,0,unverifiable,84c2a44356f68a25fb06ca325681b27727ef72fd12e7e3fed8911d6c51667c2f,results.schema.plot.validity,deterministic,True,unverifiable,"cox_results.json must have the specified sections and coefficient fields, and km_plot.png must be a valid non-trivial PNG.","input/output_requirements.txt, km_plot.png and cox_results.json bullets","- Valid non-trivial PNG
- Must include these top-level sections: cohort_summary, log_rank, cox_model, ph_test
- cox_model must contain a coefficients dict keyed by variable name:
keys: kras_group_high, age_at_diagnosis_years, stage_group_advanced",ambiguous,"input/output_requirements.txt states ""Valid non-trivial PNG"", requires top-level sections cohort_summary, log_rank, cox_model, ph_test, and requires coefficient keys kras_group_high, age_at_diagnosis_years, stage_group_advanced with hazard_ratio, p_value, ci_lower_95, and ci_upper_95. The registered check additionally demands particular cohort_summary/log_rank fields, all numeric fields finite, and all p-values bounded in [0,1]; those requirements are elsewhere in the source section but are omitted from the registered source_quote, so the quotation does not entail the complete check.","cox_results.json parsed successfully and contains all four top-level sections, all five contract cohort_summary fields, both log_rank fields, and all three coefficient keys with all four required fields. Checked statistical numbers are finite and p-values are within [0,1]. Pillow decoded km_plot.png as PNG, RGB, 1200x900; pixel extrema span 0-255 and it has 1824 unique colors, demonstrating nonblank content.","JSON schema and numeric checks passed; PNG is valid, 1200x900, and non-uniform.",Complete valid JSON with finite/bounded statistical fields and a decodable nonblank PNG.,
prep_v10_verifier_v10_full,health_medicine__healthcare_variant_annotation_pipeline,prep_verifier,0,unverifiable,be9e00b337a884dd5fe1f49ffd56b20bc3355e52bce9497a2777179917e013d0,outputs.schema.order.count,deterministic,True,unverifiable,Both TSV files exist with the exact required header; the annotated file contains all 50 staged variants in input order with unchanged identity fields; required missing-value and is_reportable vocabularies are used.,"public task prompt, anchors “Read the 50 staged variants in order”, “Output rules”, and “Missing values”; input/source_manifest.json lines 8-11","Read the 50 staged variants in order.
annotated_variants.tsv and reportable_variants.tsv must use tab-separated columns with this exact header: `variant_id chrom pos ref alt gene consequence max_population_af clinvar_significance is_reportable`
""annotated_variants"": 50",ambiguous,"The registered excerpts are present: public task prompt says “Read the 50 staged variants in order.” and “`annotated_variants.tsv` and `reportable_variants.tsv` must use tab-separated columns with this exact header: `variant_id chrom pos ref alt gene consequence max_population_af clinvar_significance is_reportable`”; input/source_manifest.json lines 8-11 contain `""annotated_variants"": 50`. However, the registered source_quote omits the public prompt’s requirement that missing numeric values use `NA`, missing ClinVar values use `not_reported`, and `is_reportable` use `yes` or `no`, while the criterion requirement/check/expected explicitly enforce those vocabularies. The quote therefore does not entail the entire registered criterion.","Operational inspection found both TSVs valid UTF-8 with the exact ten-column header; annotated_variants.tsv has 50 rows, reportable_variants.tsv has 3 rows, all annotated identity fields match variants_to_annotate.tsv row-for-row, and no empty or `.` cells, invalid AF encodings, invalid ClinVar labels, or invalid reportability flags were found. Nevertheless, source ambiguity requires an unverifiable result.",Exact headers; 50 annotated rows; 3 reportable rows; ordered identities match all 50 inputs; checked vocabularies are valid.,"The annotated TSV has exactly 50 ordered rows matching the staged input identities, both TSVs have the exact header, and all checked field encodings satisfy the public vocabulary rules.",
prep_v10_verifier_v10_full,health_medicine__healthcare_variant_annotation_pipeline,prep_verifier,0,unverifiable,be9e00b337a884dd5fe1f49ffd56b20bc3355e52bce9497a2777179917e013d0,annotation.gene.consequence,public_evidence,True,unverifiable,"The selected gene and consequence come from the highest-priority coding consequence on a protein-coding transcript, with canonical transcripts preferred when consequence priority ties.","input/source_manifest.json line 4, annotation_rule.gene_and_consequence; input/annotation_snapshots/vep_batch_responses.jsonl record selected by variant_id","""gene_and_consequence"": ""Use the highest-priority coding consequence from a protein-coding transcript; prefer canonical transcripts when the consequence priority ties.""",ambiguous,"input/source_manifest.json line 4 contains exactly: `""gene_and_consequence"": ""Use the highest-priority coding consequence from a protein-coding transcript; prefer canonical transcripts when the consequence priority ties.""` This supports protein-coding selection and canonical tie preference, but neither identifies the consequence-priority ordering nor supports the check’s additional rule that gene must be `gene_symbol` when present and otherwise `gene_id`. Thus the registered check is stronger than the quoted source.","For variant chr1_1668373_C_T, annotated_variants.tsv reports gene `SLC35E2B` and consequence `missense_variant`. The VEP record has protein-coding transcript consequences at indexes 4-16, all with gene_symbol `SLC35E2B` and consequence_terms `[""missense_variant""]`; index 6, transcript ENST00000617444, has canonical=1. The observed output agrees with that canonical transcript, but the incomplete source support prevents a pass.",SLC35E2B / missense_variant; canonical protein-coding ENST00000617444 has the same gene and consequence.,The sampled output gene and consequence agree with the applicable protein-coding transcript selected under the public manifest rule.,
prep_v10_verifier_v10_full,health_medicine__healthcare_variant_annotation_pipeline,prep_verifier,0,unverifiable,be9e00b337a884dd5fe1f49ffd56b20bc3355e52bce9497a2777179917e013d0,annotation.max.population.af,public_evidence,True,pass,"max_population_af is the maximum numeric frequency for the submitted ALT allele across all frequency sources in colocated variants, or NA when no such frequency exists.","input/source_manifest.json line 5, annotation_rule.max_population_af; public task prompt anchor “Missing values”; input/annotation_snapshots/vep_batch_responses.jsonl record selected by variant_id","""max_population_af"": ""For the submitted ALT allele, take the maximum numeric value across all available frequency sources in VEP colocated variants.""
Missing values: use `NA` for missing numeric fields (`max_population_af` when no frequency data exists)",supported,"input/source_manifest.json line 5 states: `""max_population_af"": ""For the submitted ALT allele, take the maximum numeric value across all available frequency sources in VEP colocated variants.""` The public task’s Missing values rule states: “use `NA` for missing numeric fields (`max_population_af` when no frequency data exists)”. Together these directly support the requirement, check, and expected result.","For chr1_979496_T_C, submitted ALT is C. In its VEP record, colocated variant rs13302983 has frequencies[C], including gnomade_eas=0.9999 and all other displayed C-specific values at or below 0.9999; the other colocated record has no frequencies. annotated_variants.tsv reports max_population_af=`0.9999`.",0.9999,"0.9999, the maximum numeric frequency under submitted ALT C.",
prep_v10_verifier_v10_full,health_medicine__healthcare_variant_annotation_pipeline,prep_verifier,0,unverifiable,be9e00b337a884dd5fe1f49ffd56b20bc3355e52bce9497a2777179917e013d0,annotation.clinvar.significance,public_evidence,True,pass,"clinvar_significance is the highest-priority available ClinVar label for the submitted ALT allele, or not_reported when that allele has no ClinVar annotation.","input/source_manifest.json line 3, annotation_rule.clinvar_significance; public task prompt anchor “Missing values”; input/annotation_snapshots/vep_batch_responses.jsonl record selected by variant_id","For the submitted ALT allele, pick the highest-priority label from colocated_variants[*].clin_sig with priority pathogenic > likely_pathogenic > uncertain_significance > conflicting_classifications_of_pathogenicity > drug_response > risk_factor > association > likely_benign > benign.
use `not_reported` ... when no ClinVar annotation is available",supported,"input/source_manifest.json line 3 states: “For the submitted ALT allele, pick the highest-priority label from colocated_variants[*].clin_sig with priority pathogenic > likely_pathogenic > uncertain_significance > conflicting_classifications_of_pathogenicity > drug_response > risk_factor > association > likely_benign > benign.” The public task’s Missing values rule states to use `not_reported` “when no ClinVar annotation is available.” These excerpts directly support the registered selection and missing-value behavior.","For chr1_974039_C_T, submitted ALT is T. Its VEP record contains COSV58021570 with clin_sig absent and rs28548431 (allele_string C/T) with clin_sig absent; no submitted-ALT ClinVar label is available. annotated_variants.tsv reports clinvar_significance=`not_reported`.",not_reported,not_reported because no applicable ClinVar annotation exists for ALT T.,
prep_v10_verifier_v10_full,health_medicine__healthcare_variant_annotation_pipeline,prep_verifier,0,unverifiable,be9e00b337a884dd5fe1f49ffd56b20bc3355e52bce9497a2777179917e013d0,reportability.rule.subset,deterministic,True,pass,"Every annotated row's reportability flag follows the manifest rule, and reportable_variants.tsv contains exactly the reportable rows, preserving their annotated order; the public manifest count is three.",input/source_manifest.json lines 6 and 8-11; public task prompt anchor “reportable_variants.tsv must contain only rows”,"""reportable"": ""Mark a variant reportable when the selected consequence is one of ['frameshift_variant', 'splice_acceptor_variant', 'splice_donor_variant', 'start_lost', 'stop_gained', 'stop_lost'] or the ClinVar label is pathogenic / likely_pathogenic, and the max population AF is missing or below 0.01.""
""reportable_variants"": 3",supported,"input/source_manifest.json line 6 states: `""reportable"": ""Mark a variant reportable when the selected consequence is one of ['frameshift_variant', 'splice_acceptor_variant', 'splice_donor_variant', 'start_lost', 'stop_gained', 'stop_lost'] or the ClinVar label is pathogenic / likely_pathogenic, and the max population AF is missing or below 0.01.""` Lines 8-11 include `""reportable_variants"": 3`. The public task says: “`reportable_variants.tsv` must contain only rows where `is_reportable=yes`.”","Recomputing the manifest expression over all 50 annotated rows produced zero flag mismatches. Exactly 3 rows evaluate true. Parsing both TSVs and comparing dictionaries in order showed reportable_variants.tsv equals exactly the ordered annotated rows whose is_reportable value is yes, with all ten fields unchanged. The three IDs are chr1_1310876_CGGCTCTGGGTCACAGGT_C, chr1_1387763_CCT_C, and chr1_1635982_G_GC.",0 incorrect flags; 3 yes rows; reportable subset has 3 rows and is exactly equal to the ordered yes subset.,"All 50 flags satisfy the manifest expression, and reportable_variants.tsv is exactly the ordered three-row yes subset with no extra or altered rows.",
prep_v10_verifier_v10_full,health_medicine__healthcare_variant_annotation_pipeline,prep_verifier,0,unverifiable,be9e00b337a884dd5fe1f49ffd56b20bc3355e52bce9497a2777179917e013d0,runlog.valid.required.keys,deterministic,True,pass,run_log.json is valid UTF-8 JSON containing a non-empty string status and integer values for both required written-count keys.,"public task prompt, anchor “run_log.json must be valid UTF-8 JSON”","`run_log.json` must be valid UTF-8 JSON with at least these keys: `{""status"": ""<any non-empty string>"", ""annotated_variants_written"": <int>, ""reportable_variants_written"": <int>}`",supported,"The public task prompt states: “`run_log.json` must be valid UTF-8 JSON with at least these keys: `{""status"": ""<any non-empty string>"", ""annotated_variants_written"": <int>, ""reportable_variants_written"": <int>}`”. This directly entails the registered requirement, check, and expected types.","Strict UTF-8 decoding and JSON parsing succeeded. The top-level object is `{""status"":""success"",""annotated_variants_written"":50,""reportable_variants_written"":3}`. `status` is a non-empty string, and both count values parse as JSON integers.","status=`success`; annotated_variants_written=50; reportable_variants_written=3; types string, integer, integer.",The log parses successfully and all three required keys have the specified types and non-emptiness.,
prep_v10_verifier_v10_full,health_medicine__healthcare_variant_annotation_pipeline,prep_verifier,0,unverifiable,be9e00b337a884dd5fe1f49ffd56b20bc3355e52bce9497a2777179917e013d0,pipeline.reproducible.provenance,deterministic,True,pass,pipeline.py is a solver-authored implementation that reconstructs the deliverables from the visible task inputs rather than copying or blending reference or expected values.,"public task prompt, anchors “pipeline.py” and final provenance instruction","`pipeline.py` should be your solver-authored pipeline implementation
Produce your outputs by computing or reasoning them from the task inputs — never copy or blend the task's provided reference or expected values into your deliverables.",supported,The public task prompt states: “`pipeline.py` should be your solver-authored pipeline implementation” and “Produce your outputs by computing or reasoning them from the task inputs — never copy or blend the task's provided reference or expected values into your deliverables.” These excerpts directly support implementation-based regeneration from public inputs and the prohibition on copied expected values.,"In `/tmp/verify-repro-fixed`, a disposable tree was created with only the submitted pipeline.py under output and a copy of the public input tree; no generated TSV or log was preloaded. Offline execution with Python exited successfully and generated all three files. Each generated file was byte-identical to the snapshot: annotated SHA-256 531e2d3446dbfa6ca6a0b70a52b59529dc732d1b5a3e4a5d51273fced39f9c36, reportable SHA-256 e31075979384ba3e272a8bd233c94670227fad514043abb3cd71e67e95914b4c, and log SHA-256 49545287ae8045f99d7451f38379738998d16b242c75b1bf5a78aea65fcf550c. strace showed reads only from pipeline.py, input/variants_to_annotate.tsv, and input/annotation_snapshots/vep_batch_responses.jsonl within the disposable tree, followed by writes to the three output files; no socket/connect/send/receive network syscall was observed. Source inspection shows generic parsing and rule logic rather than an embedded per-variant annotation table.",Successful offline regeneration; all three outputs byte-identical; only visible input files read; no network syscall; no embedded expected-row table found.,"The submitted implementation independently regenerates valid outputs using only the public task inputs, with no forbidden provenance or network access.",
prep_v10_verifier_v10_full,health_medicine__healthcare_variant_annotation_pipeline,verifier,0,unverifiable,cfcec6ef6eccd6436cbfd034016662b5f8b04b79dc3b2a574f8651e6d8360663,outputs.schema.order.count,deterministic,True,unverifiable,Both TSV files exist with the exact required header; the annotated file contains all 50 staged variants in input order with unchanged identity fields; required missing-value and is_reportable vocabularies are used.,"public task prompt, anchors “Read the 50 staged variants in order”, “Output rules”, and “Missing values”; input/source_manifest.json lines 8-11","Read the 50 staged variants in order.
annotated_variants.tsv and reportable_variants.tsv must use tab-separated columns with this exact header: `variant_id chrom pos ref alt gene consequence max_population_af clinvar_significance is_reportable`
""annotated_variants"": 50",ambiguous,"The quoted excerpts are present: public task prompt, “Read the 50 staged variants in order.” and exact-header rule; input/source_manifest.json lines 8-11 contains “""annotated_variants"": 50”. However, source_quote omits the public missing-value and is_reportable vocabulary wording and does not directly state that identity fields must remain unchanged. The registered requirement/check is therefore stronger than the supplied source_quote.","Operationally, both snapshot TSVs decode as UTF-8 and have the exact ten-column header. csv.DictReader found 50 annotated rows and 3 reportable rows; all 50 identity tuples (variant_id, chrom, pos, ref, alt) matched variants_to_annotate.tsv row-for-row. No empty or '.' cells were found; AF values were numeric or NA; flags were only yes/no. These observations cannot become a pass because source_status is ambiguous.","Exact headers; 50 ordered annotated rows; 3 reportable rows; identities_equal=True; empty_or_dot=[]; flags=['no','yes']; encodings valid.","The annotated TSV has exactly 50 ordered rows matching the staged input identities, both TSVs have the exact header, and all checked field encodings satisfy the public vocabulary rules.",
prep_v10_verifier_v10_full,health_medicine__healthcare_variant_annotation_pipeline,verifier,0,unverifiable,cfcec6ef6eccd6436cbfd034016662b5f8b04b79dc3b2a574f8651e6d8360663,annotation.gene.consequence,public_evidence,True,unverifiable,"The selected gene and consequence come from the highest-priority coding consequence on a protein-coding transcript, with canonical transcripts preferred when consequence priority ties.","input/source_manifest.json line 4, annotation_rule.gene_and_consequence; input/annotation_snapshots/vep_batch_responses.jsonl record selected by variant_id","""gene_and_consequence"": ""Use the highest-priority coding consequence from a protein-coding transcript; prefer canonical transcripts when the consequence priority ties.""",ambiguous,"input/source_manifest.json line 4 exactly states: “""gene_and_consequence"": ""Use the highest-priority coding consequence from a protein-coding transcript; prefer canonical transcripts when the consequence priority ties.""” However, the registered check additionally requires gene_symbol with gene_id fallback, which is not stated in source_quote, and source_quote does not define the consequence-priority ordering. Thus the complete registered check is stronger than the quotation.","Operational inspection of vep_batch_responses.jsonl line 50 for chr1_1668373_C_T found 13 submitted-ALT protein-coding consequence entries, all missense_variant. The tied canonical entry is ENST00000617444 with gene_symbol SLC35E2B. annotated_variants.tsv line 51 contains gene=SLC35E2B and consequence=missense_variant. This cannot become a pass because source_status is ambiguous.",Canonical tied transcript ENST00000617444; selected source gene_symbol SLC35E2B; source consequence missense_variant; TSV SLC35E2B/missense_variant.,The sampled output gene and consequence agree with the applicable protein-coding transcript selected under the public manifest rule.,
prep_v10_verifier_v10_full,health_medicine__healthcare_variant_annotation_pipeline,verifier,0,unverifiable,cfcec6ef6eccd6436cbfd034016662b5f8b04b79dc3b2a574f8651e6d8360663,annotation.max.population.af,public_evidence,True,pass,"max_population_af is the maximum numeric frequency for the submitted ALT allele across all frequency sources in colocated variants, or NA when no such frequency exists.","input/source_manifest.json line 5, annotation_rule.max_population_af; public task prompt anchor “Missing values”; input/annotation_snapshots/vep_batch_responses.jsonl record selected by variant_id","""max_population_af"": ""For the submitted ALT allele, take the maximum numeric value across all available frequency sources in VEP colocated variants.""
Missing values: use `NA` for missing numeric fields (`max_population_af` when no frequency data exists)",supported,"input/source_manifest.json line 5 exactly states: “""max_population_af"": ""For the submitted ALT allele, take the maximum numeric value across all available frequency sources in VEP colocated variants.""” The public task Missing values rule states: “Missing values: use `NA` for missing numeric fields (`max_population_af` when no frequency data exists)”. Together these directly support the requirement, check, and expected behavior.","In vep_batch_responses.jsonl line 16, variant_id=chr1_979496_T_C has submitted ALT C. Its C frequency object contains 27 numeric values; the maximum is gnomade_eas=0.9999. annotated_variants.tsv line 17 records max_population_af=0.9999.",ALT C numeric-frequency maximum=0.9999; TSV value=0.9999.,"The sampled max_population_af equals the source-derived maximum, or is NA exactly when no ALT-specific frequency is available.",
prep_v10_verifier_v10_full,health_medicine__healthcare_variant_annotation_pipeline,verifier,0,unverifiable,cfcec6ef6eccd6436cbfd034016662b5f8b04b79dc3b2a574f8651e6d8360663,annotation.clinvar.significance,public_evidence,True,pass,"clinvar_significance is the highest-priority available ClinVar label for the submitted ALT allele, or not_reported when that allele has no ClinVar annotation.","input/source_manifest.json line 3, annotation_rule.clinvar_significance; public task prompt anchor “Missing values”; input/annotation_snapshots/vep_batch_responses.jsonl record selected by variant_id","For the submitted ALT allele, pick the highest-priority label from colocated_variants[*].clin_sig with priority pathogenic > likely_pathogenic > uncertain_significance > conflicting_classifications_of_pathogenicity > drug_response > risk_factor > association > likely_benign > benign.
use `not_reported` ... when no ClinVar annotation is available",supported,"input/source_manifest.json line 3 states: “For the submitted ALT allele, pick the highest-priority label from colocated_variants[*].clin_sig with priority pathogenic > likely_pathogenic > uncertain_significance > conflicting_classifications_of_pathogenicity > drug_response > risk_factor > association > likely_benign > benign.” The public task Missing values rule states to use “`not_reported` for missing categorical fields (`clinvar_significance` when no ClinVar annotation is available).” These excerpts directly support the criterion.","In vep_batch_responses.jsonl line 11 for chr1_974039_C_T, the two colocated records are COSV58021570 (allele_string COSMIC_MUTATION) and rs28548431 (allele_string C/T); neither contains clin_sig or clin_sig_allele. annotated_variants.tsv line 12 records clinvar_significance=not_reported.",No applicable ClinVar labels for submitted ALT T; TSV value=not_reported.,The sampled clinvar_significance is the highest-priority ALT-specific source label or the required missing categorical token.,
prep_v10_verifier_v10_full,health_medicine__healthcare_variant_annotation_pipeline,verifier,0,unverifiable,cfcec6ef6eccd6436cbfd034016662b5f8b04b79dc3b2a574f8651e6d8360663,reportability.rule.subset,deterministic,True,unverifiable,"Every annotated row's reportability flag follows the manifest rule, and reportable_variants.tsv contains exactly the reportable rows, preserving their annotated order; the public manifest count is three.",input/source_manifest.json lines 6 and 8-11; public task prompt anchor “reportable_variants.tsv must contain only rows”,"""reportable"": ""Mark a variant reportable when the selected consequence is one of ['frameshift_variant', 'splice_acceptor_variant', 'splice_donor_variant', 'start_lost', 'stop_gained', 'stop_lost'] or the ClinVar label is pathogenic / likely_pathogenic, and the max population AF is missing or below 0.01.""
""reportable_variants"": 3",ambiguous,"input/source_manifest.json line 6 contains the quoted reportability expression exactly, and line 11 contains “""reportable_variants"": 3”. However, source_quote omits the cited task statement “reportable_variants.tsv must contain only rows where is_reportable=yes” and does not directly entail the registered requirements that the second TSV preserve all ten fields and annotated order. The complete requirement/check is therefore stronger than source_quote.","Operationally recomputing the manifest Boolean expression for all 50 annotated rows found zero flag mismatches. Filtering rows with is_reportable=yes produced exactly 3 rows in IDs/order chr1_1310876_CGGCTCTGGGTCACAGGT_C, chr1_1387763_CCT_C, chr1_1635982_G_GC, and the resulting dictionaries matched reportable_variants.tsv exactly. These observations cannot become a pass because source_status is ambiguous.",50/50 flags agree with the expression; exact ordered yes-subset comparison=True; reportable count=3.,"All 50 flags satisfy the manifest expression, and reportable_variants.tsv is exactly the ordered three-row yes subset with no extra or altered rows.",
prep_v10_verifier_v10_full,health_medicine__healthcare_variant_annotation_pipeline,verifier,0,unverifiable,cfcec6ef6eccd6436cbfd034016662b5f8b04b79dc3b2a574f8651e6d8360663,runlog.valid.required.keys,deterministic,True,pass,run_log.json is valid UTF-8 JSON containing a non-empty string status and integer values for both required written-count keys.,"public task prompt, anchor “run_log.json must be valid UTF-8 JSON”","`run_log.json` must be valid UTF-8 JSON with at least these keys: `{""status"": ""<any non-empty string>"", ""annotated_variants_written"": <int>, ""reportable_variants_written"": <int>}`",supported,"The public task prompt exactly states: “`run_log.json` must be valid UTF-8 JSON with at least these keys: `{""status"": ""<any non-empty string>"", ""annotated_variants_written"": <int>, ""reportable_variants_written"": <int>}`”. This directly supports the requirement, check, and expected value.","Strict UTF-8 decoding and json.loads succeeded. The top-level object is {""status"":""success"",""annotated_variants_written"":50,""reportable_variants_written"":3}; status is a non-empty Python str and both count values are Python int values.",status='success'; annotated_variants_written=50; reportable_variants_written=3; required types str/int/int.,The log parses successfully and all three required keys have the specified types and non-emptiness.,
prep_v10_verifier_v10_full,health_medicine__healthcare_variant_annotation_pipeline,verifier,0,unverifiable,cfcec6ef6eccd6436cbfd034016662b5f8b04b79dc3b2a574f8651e6d8360663,pipeline.reproducible.provenance,deterministic,True,pass,pipeline.py is a solver-authored implementation that reconstructs the deliverables from the visible task inputs rather than copying or blending reference or expected values.,"public task prompt, anchors “pipeline.py” and final provenance instruction","`pipeline.py` should be your solver-authored pipeline implementation
Produce your outputs by computing or reasoning them from the task inputs — never copy or blend the task's provided reference or expected values into your deliverables.",supported,The public task prompt states: “`pipeline.py` should be your solver-authored pipeline implementation” and “Produce your outputs by computing or reasoning them from the task inputs — never copy or blend the task's provided reference or expected values into your deliverables.” These excerpts directly support independent reconstruction from visible inputs and rejection of copied expected rows.,"A disposable tree was created with only the public input tree and snapshot pipeline.py under output, with no generated TSV/log files. Running `strace -f -e trace=file,network python3 pipeline.py` exited 0. Trace showed reads only of input/source_manifest.json, input/annotation_snapshots/vep_batch_responses.jsonl, and input/variants_to_annotate.tsv among task data, followed by writes of the three deliverables; no socket/connect/sendto/recvfrom calls appeared. Regenerated files were byte-identical to the snapshot: annotated SHA-256 531e2d3446dbfa6ca6a0b70a52b59529dc732d1b5a3e4a5d51273fced39f9c36, reportable e31075979384ba3e272a8bd233c94670227fad514043abb3cd71e67e95914b4c, run log 49545287ae8045f99d7451f38379738998d16b242c75b1bf5a78aea65fcf550c. Inspection of pipeline.py lines 53-183 shows parsing and rule-based derivation rather than an embedded per-variant table.",Disposable execution rc=0; all three regenerated files byte-identical; no network syscalls; visible task inputs read; no embedded expected-row table observed.,"The submitted implementation independently regenerates valid outputs using only the public task inputs, with no forbidden provenance or network access.",
prep_v10_verifier_v10_full,legal__agora_governance_classify_instance_1,prep_verifier,0,unverifiable,538cd4f69ba5af02eda05322fa495dddc74cd0eacca557ec4bb5f67b2099df7c,output.valid.json.structure,deterministic,True,unverifiable,"The deliverable must be one valid JSON file at output/agent_output.json with documents, cross_document_matrix, and gap_analysis top-level fields, and documents must cover AGORA IDs 768, 1293, and 2047.","input/task_spec.md, Required Output and top-level shape","Write a single JSON file:

```text
output/agent_output.json
```

Use this top-level shape:

```json
{
  ""documents"": {
    ""<agora_id>"": {
...
  ""cross_document_matrix"": {},
  ""gap_analysis"": ""150-300 words""
}",ambiguous,"input/task_spec.md lines 25-55 states: ""Write a single JSON file:"" followed by ""output/agent_output.json"", and shows the top-level fields ""documents"", ""cross_document_matrix"", and ""gap_analysis"". However, the registered source_quote only shows a generic ""<agora_id>"" record and does not state that documents must have exactly the IDs 768, 1293, and 2047; that exact-ID restriction in the check is stronger than the quote.","/tmp/ale-verifier-aa1dd2028744/snapshot-0/agent_output.json exists and Python json.loads parsed it successfully. Observed top-level keys were ['documents', 'cross_document_matrix', 'gap_analysis']; documents keys were ['768', '1293', '2047']. The stronger exact-ID check cannot produce a pass because its source_quote is ambiguous.","Valid JSON with all three named top-level fields and document records 768, 1293, and 2047.",The required file is valid JSON and contains all three required document records and top-level deliverable sections.,
prep_v10_verifier_v10_full,legal__agora_governance_classify_instance_1,prep_verifier,0,unverifiable,538cd4f69ba5af02eda05322fa495dddc74cd0eacca557ec4bb5f67b2099df7c,document.metadata.matches.index,deterministic,True,unverifiable,Each document record must log the corresponding document title and URL.,"input/taxonomy_and_instructions.md, STEP 1 — RETRIEVE DOCUMENTS; input/document_index.json, keys 768, 1293, 2047",Log the URL and document title for each document retrieved.,ambiguous,"input/taxonomy_and_instructions.md line 21 states: ""Log the URL and document title for each document retrieved."" The quote does not require exact equality with document_index.json or limit the URL to agora_url or primary_url, so the registered equality/whitelist check is stronger than the quote.","Direct comparison nevertheless found: 768 title ""Anthropic Responsible Scaling Policy"" and agora URL matched the index; 1293 title ""TAKE IT DOWN Act"" and agora URL matched; 2047 title ""City of San Jose Artificial Intelligence Policy 1.7.12"" and agora URL matched. The stronger index-equality rule cannot be passed under the ambiguous source.","All three submitted titles equal their index titles, and all three submitted URLs equal the corresponding agora_url.",All three records contain the correct public-index title and a corresponding indexed URL.,
prep_v10_verifier_v10_full,legal__agora_governance_classify_instance_1,prep_verifier,0,unverifiable,538cd4f69ba5af02eda05322fa495dddc74cd0eacca557ec4bb5f67b2099df7c,legislative.status.schema,deterministic,True,unverifiable,"Each document must have exactly one legislative-status label selected from Hard Law, Soft Law, or Other, with supporting evidence and an evidence type.","input/taxonomy_and_instructions.md, TAXONOMY 1 and STEP 2; input/task_spec.md, output shape","Choose exactly ONE label per document.
For every TRUE label you assign, provide:
  - label: the exact category name
  - evidence: a verbatim quote (exact substring) from the document
  - evidence_type: ""explicit"" if the term or concept appears directly in the document; ""implicit"" if you are inferring from context",ambiguous,"input/taxonomy_and_instructions.md lines 66 and 35-40 state: ""Choose exactly ONE label per document."" and ""For every TRUE label you assign, provide: - label: the exact category name - evidence: a verbatim quote (exact substring) from the document - evidence_type: \""explicit\"" ... \""implicit\"" ..."" The registered quote does not itself enumerate Hard Law, Soft Law, and Other or specify the exact object/schema restrictions imposed by the check.","Operational inspection found one legislative_status object per document. Labels were 768=Soft Law, 1293=Other, and 2047=Hard Law; every evidence value was nonempty and found as an exact substring in the corresponding cached text, and every evidence_type was ""explicit"". These observations cannot become a pass because the registered quote does not fully support the whitelist/schema check.",Three structurally conforming legislative-status objects with source-verifiable evidence.,Each document has one valid legislative label and source-verifiable evidence metadata.,
prep_v10_verifier_v10_full,legal__agora_governance_classify_instance_1,prep_verifier,0,unverifiable,538cd4f69ba5af02eda05322fa495dddc74cd0eacca557ec4bb5f67b2099df7c,multilabel.fields.and.evidence,deterministic,True,unverifiable,"Every document must classify all ten technical-scope categories and all six lifecycle stages; values must be TRUE or FALSE, every TRUE must have a verbatim quote from its corresponding cached document, and every FALSE must have null evidence.","input/taxonomy_and_instructions.md, TAXONOMY 2, TAXONOMY 3, and STEP 2; input/task_spec.md, Required Output","Multiple selection — choose ALL that apply.
For every TRUE label, provide a quote that appears verbatim in the corresponding cached document text. For FALSE labels, set `evidence` to `null`.",ambiguous,"input/taxonomy_and_instructions.md line 107 states ""Multiple selection — choose ALL that apply."" input/task_spec.md lines 59-60 states: ""For every TRUE label, provide a quote that appears verbatim in the corresponding cached document text. For FALSE labels, set `evidence` to `null`."" The quote does not enumerate the required ten technical keys and six lifecycle keys or require every value field to have Boolean JSON type, making those operational restrictions stronger than the quote.","A Python check found exactly the ten submitted technical_scope keys and six lifecycle_stages keys for each of 768, 1293, and 2047. All 48 value fields were Boolean; every true item had a nonempty exact cached-text substring and evidence_type in {explicit, implicit}; every false item had evidence=null. The source ambiguity prevents a pass.","All 48 multilabel entries were present, Boolean, and conformed to the submitted evidence/null convention.","All 48 multilabel decisions are present and well typed, with every true quote found verbatim in the proper cached file and every false evidence field null.",
prep_v10_verifier_v10_full,legal__agora_governance_classify_instance_1,prep_verifier,0,unverifiable,538cd4f69ba5af02eda05322fa495dddc74cd0eacca557ec4bb5f67b2099df7c,sampled.classification.correctness,public_evidence,True,unverifiable,Technical-scope and lifecycle TRUE/FALSE decisions must follow the supplied definitions based on whether the corresponding cached document contains the defined concept or governed lifecycle activity.,"input/taxonomy_and_instructions.md, TAXONOMY 2 and TAXONOMY 3 definitions and TRUE/FALSE standards; input/documents/*.txt via document_index.json","A category is TRUE if the document explicitly mentions the term, or describes the concept even when using different terminology.
Standard for TRUE: The document must set requirements, guidance, restrictions, or obligations that apply to activities at this lifecycle stage.",ambiguous,"input/taxonomy_and_instructions.md lines 107-109 states: ""A category is TRUE if the document explicitly mentions the term, or describes the concept even when using different terminology."" Lines 194-196 states: ""Standard for TRUE: The document must set requirements, guidance, restrictions, or obligations that apply to activities at this lifecycle stage."" The registered quote omits the precise definitions for General Purpose AI, Compute Threshold, AI Systems, Plan and Design, and Build and Use Model, yet the check requires applying those definitions at five fixed locators. The check therefore adds semantic restrictions not fully entailed by the quote.","Observed sampled values were: documents.768.technical_scope.general_purpose_ai=false; documents.2047.lifecycle_stages.build_and_use_model=true with an exact quote beginning ""When purchasing, configuring, developing...""; documents.1293.technical_scope.compute_threshold=false; documents.2047.technical_scope.ai_systems=true with an exact quote explicitly naming ""AI systems""; documents.1293.lifecycle_stages.plan_and_design=false. The applicable definition text omitted from source_quote prevents a definitive sampled pass/fail.","Sampled Boolean tuple in listed order: [false, true, false, true, false].",Every sampled field's Boolean classification and any associated evidence are consistent with the precise public taxonomy and its cached source document.,
prep_v10_verifier_v10_full,legal__agora_governance_classify_instance_1,prep_verifier,0,unverifiable,538cd4f69ba5af02eda05322fa495dddc74cd0eacca557ec4bb5f67b2099df7c,matrix.complete.boolean,deterministic,True,pass,The cross-document matrix must report TRUE or FALSE for each category in each taxonomy for each of the three documents.,"input/taxonomy_and_instructions.md, STEP 3 — BUILD CROSS-DOCUMENT MATRIX","For each category in each taxonomy, output TRUE or FALSE indicating whether that category is covered by the document.",supported,"input/taxonomy_and_instructions.md lines 42-45 states: ""STEP 3 — BUILD CROSS-DOCUMENT MATRIX"" and ""For each category in each taxonomy, output TRUE or FALSE indicating whether that category is covered by the document.""","cross_document_matrix uses taxonomy-first/category-first orientation. It contains legislative_status with hard_law, soft_law, other; all ten technical_scope categories; and all six lifecycle_stages. Every category maps IDs 768, 1293, and 2047 to Boolean values. A direct comparison found every matrix flag equal to its corresponding document value; legislative rows encode exactly the selected labels: 768 soft_law=true, 1293 other=true, 2047 hard_law=true, with the other two rows false for each.","57 Boolean matrix cells present (3 legislative categories × 3 documents, 10 technical categories × 3, and 6 lifecycle stages × 3), all consistent with document records.",The matrix completely and consistently exposes Boolean coverage for every taxonomy category and every required document.,
prep_v10_verifier_v10_full,legal__agora_governance_classify_instance_1,prep_verifier,0,unverifiable,538cd4f69ba5af02eda05322fa495dddc74cd0eacca557ec4bb5f67b2099df7c,gap.analysis.length,deterministic,True,pass,The gap analysis must be a 150–300 word plain-language summary.,"input/taxonomy_and_instructions.md, STEP 4 — GAP ANALYSIS",Write a 150-300 word plain-language summary identifying the most significant governance gaps across the three documents.,supported,"input/taxonomy_and_instructions.md lines 47-50 states: ""STEP 4 — GAP ANALYSIS"" and ""Write a 150-300 word plain-language summary identifying the most significant governance gaps across the three documents.""",gap_analysis is a JSON string. A Python whitespace-token count retaining tokens containing at least one word character and thereby stripping punctuation-only tokens returned GAP_WORDS=208.,208 words.,Between 150 and 300 words inclusive.,
prep_v10_verifier_v10_full,legal__agora_governance_classify_instance_1,prep_verifier,0,unverifiable,538cd4f69ba5af02eda05322fa495dddc74cd0eacca557ec4bb5f67b2099df7c,gap.analysis.required.topics,deterministic,True,pass,"The gap analysis must address technical-scope categories appearing in no documents, lifecycle stages receiving no coverage, and AI risks or use cases that appear ungoverned, consistently with the submitted classification matrix.","input/taxonomy_and_instructions.md, STEP 4 — GAP ANALYSIS","Address:
  - Which technical scope categories appear in none of the documents
  - Which lifecycle stages receive no coverage
  - What types of AI risk or use cases appear ungoverned",supported,"input/taxonomy_and_instructions.md lines 50-53 states: ""Address: - Which technical scope categories appear in none of the documents - Which lifecycle stages receive no coverage - What types of AI risk or use cases appear ungoverned"".","The submitted matrix has exactly one zero-coverage technical category, general_purpose_ai, and exactly one zero-coverage lifecycle stage, collect_and_process_data. The prose consistently says ""general-purpose AI is the only technical-scope category that receives no coverage"" and ""Collect and Process Data is the sole lifecycle stage absent across the set."" It separately discusses ungoverned risks/use cases including unlawfully obtained data, dataset bias, provenance, consent, discrimination, privacy, misinformation, employment, education, credit, healthcare, commercial decision-making, and synthetic-media harms.",All three requested topics are distinct and consistent with the matrix's zero-coverage rows.,"All three required gap topics are addressed, and statements about zero-coverage categories and stages match the matrix.",
prep_v10_verifier_v10_full,legal__agora_governance_classify_instance_1,verifier,0,unverifiable,d40bab3993c4ef87c4ba15f8280d5fe2002d67f35c69743aaf4f9c26e7707bb4,output.valid.json.structure,deterministic,True,unverifiable,"The deliverable must be one valid JSON file at output/agent_output.json with documents, cross_document_matrix, and gap_analysis top-level fields, and documents must cover AGORA IDs 768, 1293, and 2047.","input/task_spec.md, Required Output and top-level shape","Write a single JSON file:

```text
output/agent_output.json
```

Use this top-level shape:

```json
{
  ""documents"": {
    ""<agora_id>"": {
...
  ""cross_document_matrix"": {},
  ""gap_analysis"": ""150-300 words""
}",ambiguous,"input/task_spec.md lines 25-56 says: ""Write a single JSON file:"" followed by ""output/agent_output.json"" and shows the top-level fields ""documents"", ""cross_document_matrix"", and ""gap_analysis"". However, the registered source_quote uses only the placeholder ""<agora_id>"" and does not state that documents must contain exactly IDs 768, 1293, and 2047; that exactness is stronger than the quoted excerpt.","The snapshot contains agent_output.json. Python json.load parsed it successfully; its top-level keys were ['documents', 'cross_document_matrix', 'gap_analysis'] and document keys were ['768', '1293', '2047']. The artifact satisfies the operational check, but source ambiguity prevents a pass.","Valid JSON with the three requested top-level fields and exactly document IDs 768, 1293, and 2047.",The required file is valid JSON and contains all three required document records and top-level deliverable sections.,
prep_v10_verifier_v10_full,legal__agora_governance_classify_instance_1,verifier,0,unverifiable,d40bab3993c4ef87c4ba15f8280d5fe2002d67f35c69743aaf4f9c26e7707bb4,document.metadata.matches.index,deterministic,True,unverifiable,Each document record must log the corresponding document title and URL.,"input/taxonomy_and_instructions.md, STEP 1 — RETRIEVE DOCUMENTS; input/document_index.json, keys 768, 1293, 2047",Log the URL and document title for each document retrieved.,ambiguous,"input/taxonomy_and_instructions.md line 21 says exactly: ""Log the URL and document title for each document retrieved."" The registered quote does not include the index titles or URLs and therefore does not itself entail exact equality with document_index.json or the check's restriction to agora_url or primary_url.",Operational comparison against input/document_index.json found all three titles equal to the indexed titles and every submitted URL equal to its indexed agora_url: 768 = Anthropic Responsible Scaling Policy / https://agora.eto.tech/instrument/768; 1293 = TAKE IT DOWN Act / https://agora.eto.tech/instrument/1293; 2047 = City of San Jose Artificial Intelligence Policy 1.7.12 / https://agora.eto.tech/instrument/2047. Source ambiguity prevents a pass.,3 of 3 titles and 3 of 3 URLs match the public index.,All three records contain the correct public-index title and a corresponding indexed URL.,
prep_v10_verifier_v10_full,legal__agora_governance_classify_instance_1,verifier,0,unverifiable,d40bab3993c4ef87c4ba15f8280d5fe2002d67f35c69743aaf4f9c26e7707bb4,legislative.status.schema,deterministic,True,unverifiable,"Each document must have exactly one legislative-status label selected from Hard Law, Soft Law, or Other, with supporting evidence and an evidence type.","input/taxonomy_and_instructions.md, TAXONOMY 1 and STEP 2; input/task_spec.md, output shape","Choose exactly ONE label per document.
For every TRUE label you assign, provide:
  - label: the exact category name
  - evidence: a verbatim quote (exact substring) from the document
  - evidence_type: ""explicit"" if the term or concept appears directly in the document; ""implicit"" if you are inferring from context",ambiguous,"input/taxonomy_and_instructions.md lines 35-40 says: ""For every TRUE label you assign, provide: - label: the exact category name - evidence: a verbatim quote (exact substring) from the document - evidence_type: \""explicit\"" if the term or concept appears directly in the document; \""implicit\"" if you are inferring from context""; line 66 says ""Choose exactly ONE label per document."" The registered source_quote does not include the taxonomy's three category names, while the requirement and check restrict labels exactly to Hard Law, Soft Law, or Other.","Operational validation found one legislative_status object per document, labels 768=Soft Law, 1293=Hard Law, and 2047=Other, evidence_type='explicit' for each, and all three nonempty evidence strings were exact substrings of their corresponding indexed cached texts. Source ambiguity prevents a pass.","All 3 records have one enumerated label, valid evidence_type, and source-verifiable evidence.",Each document has one valid legislative label and source-verifiable evidence metadata.,
prep_v10_verifier_v10_full,legal__agora_governance_classify_instance_1,verifier,0,unverifiable,d40bab3993c4ef87c4ba15f8280d5fe2002d67f35c69743aaf4f9c26e7707bb4,multilabel.fields.and.evidence,deterministic,True,unverifiable,"Every document must classify all ten technical-scope categories and all six lifecycle stages; values must be TRUE or FALSE, every TRUE must have a verbatim quote from its corresponding cached document, and every FALSE must have null evidence.","input/taxonomy_and_instructions.md, TAXONOMY 2, TAXONOMY 3, and STEP 2; input/task_spec.md, Required Output","Multiple selection — choose ALL that apply.
For every TRUE label, provide a quote that appears verbatim in the corresponding cached document text. For FALSE labels, set `evidence` to `null`.",ambiguous,"input/taxonomy_and_instructions.md lines 107-109 and 190 state ""Multiple selection — choose ALL that apply."" input/task_spec.md lines 59-60 says: ""For every TRUE label, provide a quote that appears verbatim in the corresponding cached document text. For FALSE labels, set `evidence` to `null`."" The registered source_quote does not mention evidence_type or enumerate the ten technical and six lifecycle keys, although the criterion requires both; those parts of the check are stronger than the quote.","Operational validation checked all 48 decisions (3 documents × (10 technical categories + 6 lifecycle stages)). Every record had exactly the taxonomy-defined keys, every value was a JSON Boolean, all 26 TRUE decisions had nonempty exact-substring evidence and evidence_type in {explicit, implicit}, and every FALSE decision had evidence=null. Cached source hashes also matched document_index.json. Source ambiguity prevents a pass.",48 of 48 decisions are present and well typed; 26 of 26 TRUE quotes match the correct cached text; all FALSE evidence values are null.,"All 48 multilabel decisions are present and well typed, with every true quote found verbatim in the proper cached file and every false evidence field null.",
prep_v10_verifier_v10_full,legal__agora_governance_classify_instance_1,verifier,0,unverifiable,d40bab3993c4ef87c4ba15f8280d5fe2002d67f35c69743aaf4f9c26e7707bb4,sampled.classification.correctness,public_evidence,True,unverifiable,Technical-scope and lifecycle TRUE/FALSE decisions must follow the supplied definitions based on whether the corresponding cached document contains the defined concept or governed lifecycle activity.,"input/taxonomy_and_instructions.md, TAXONOMY 2 and TAXONOMY 3 definitions and TRUE/FALSE standards; input/documents/*.txt via document_index.json","A category is TRUE if the document explicitly mentions the term, or describes the concept even when using different terminology.
Standard for TRUE: The document must set requirements, guidance, restrictions, or obligations that apply to activities at this lifecycle stage.",ambiguous,"input/taxonomy_and_instructions.md lines 107-114 says: ""A category is TRUE if the document explicitly mentions the term, or describes the concept even when using different terminology"" and lines 194-196 says: ""Standard for TRUE: The document must set requirements, guidance, restrictions, or obligations that apply to activities at this lifecycle stage."" The registered source_quote omits the precise definitions of General Purpose AI, Compute Threshold, AI Systems, Plan and Design, and Build and Use Model, yet the check requires assessment under those precise definitions.","Operational review of the five samples found: 768.general_purpose_ai=true, supported by cached lines 112-113 describing AI across scientific discovery, healthcare, education, and creativity; 2047.build_and_use_model=true, supported by cached line 150 requiring conduct when ""purchasing, configuring, developing, using , or maintaining AI systems""; 1293.compute_threshold=false, with no FLOP, floating-point-operation, compute-threshold, training-compute, or effective-compute reference found; 2047.ai_systems=true, explicitly supported at cached line 21 by ""AI systems (systems)""; and 1293.plan_and_design=false, with no qualifying pre-development planning requirement found. Source ambiguity prevents a pass.","All five sampled submitted Booleans are consistent with the cached documents under the full taxonomy definitions, but those definitions are absent from the registered quote.",Every sampled field's Boolean classification and any associated evidence are consistent with the precise public taxonomy and its cached source document.,
prep_v10_verifier_v10_full,legal__agora_governance_classify_instance_1,verifier,0,unverifiable,d40bab3993c4ef87c4ba15f8280d5fe2002d67f35c69743aaf4f9c26e7707bb4,matrix.complete.boolean,deterministic,True,pass,The cross-document matrix must report TRUE or FALSE for each category in each taxonomy for each of the three documents.,"input/taxonomy_and_instructions.md, STEP 3 — BUILD CROSS-DOCUMENT MATRIX","For each category in each taxonomy, output TRUE or FALSE indicating whether that category is covered by the document.",supported,"input/taxonomy_and_instructions.md lines 42-45 says exactly: ""STEP 3 — BUILD CROSS-DOCUMENT MATRIX ... For each category in each taxonomy, output TRUE or FALSE indicating whether that category is covered by the document."" This directly supports Boolean coverage for every category and document without specifying matrix orientation.","Python normalization of cross_document_matrix found all three taxonomy sections and all 57 required Boolean cells: 9 legislative-status cells, 30 technical-scope cells, and 18 lifecycle-stage cells. Every cell agreed with the corresponding document classification; each selected legislative label was true and the other two labels were false. No matrix errors were reported.","57 of 57 required matrix cells are Boolean, present, and consistent with document records.",The matrix completely and consistently exposes Boolean coverage for every taxonomy category and every required document.,
prep_v10_verifier_v10_full,legal__agora_governance_classify_instance_1,verifier,0,unverifiable,d40bab3993c4ef87c4ba15f8280d5fe2002d67f35c69743aaf4f9c26e7707bb4,gap.analysis.length,deterministic,True,pass,The gap analysis must be a 150–300 word plain-language summary.,"input/taxonomy_and_instructions.md, STEP 4 — GAP ANALYSIS",Write a 150-300 word plain-language summary identifying the most significant governance gaps across the three documents.,supported,"input/taxonomy_and_instructions.md lines 47-50 says exactly: ""Write a 150-300 word plain-language summary identifying the most significant governance gaps across the three documents."" This directly states the inclusive requested length range and summary form.",A Python count using whitespace-delimited tokens and excluding punctuation-only tokens counted 227 words in gap_analysis.,227 words.,Between 150 and 300 words inclusive.,
prep_v10_verifier_v10_full,legal__agora_governance_classify_instance_1,verifier,0,unverifiable,d40bab3993c4ef87c4ba15f8280d5fe2002d67f35c69743aaf4f9c26e7707bb4,gap.analysis.required.topics,deterministic,True,pass,"The gap analysis must address technical-scope categories appearing in no documents, lifecycle stages receiving no coverage, and AI risks or use cases that appear ungoverned, consistently with the submitted classification matrix.","input/taxonomy_and_instructions.md, STEP 4 — GAP ANALYSIS","Address:
  - Which technical scope categories appear in none of the documents
  - Which lifecycle stages receive no coverage
  - What types of AI risk or use cases appear ungoverned",supported,"input/taxonomy_and_instructions.md lines 50-53 says exactly: ""Address: - Which technical scope categories appear in none of the documents - Which lifecycle stages receive no coverage - What types of AI risk or use cases appear ungoverned"". This directly entails all three registered topics.","Matrix computation produced zero uncovered technical categories and one uncovered lifecycle stage, collect_and_process_data. The prose states ""no technical-scope category is wholly absent"" and ""The only lifecycle stage receiving no coverage is collect and process data,"" matching the matrix. It separately discusses ungoverned bias, training-data provenance and consent, reliability, environmental impacts, open-weight downstream reuse, fraud, political deception, impersonation, consumer harms, and civil-rights harms.","All three required topics are addressed without contradiction: no zero-coverage technical categories, collect_and_process_data as the sole zero-coverage lifecycle stage, and a distinct discussion of ungoverned risks/use cases.","All three required gap topics are addressed, and statements about zero-coverage categories and stages match the matrix.",
prep_v10_verifier_v10_full,legal__legal_dr_fees_01,prep_verifier,0,unverifiable,24f2927339bac80cb72c1d09f05e59cfa7296defaf6b17304e50349f2d44c059,output.single.valid.json,deterministic,True,pass,"The deliverable must be exactly one valid JSON file at output/arbitration_fee_results.json, with an object root and a top-level cases key.","public task prompt, Deliverable; input/output_contract.json keys output_path, required_top_level_key, root","Write exactly one JSON file here:
`/media/user/data/agenthle/legal/legal_dr_fees_01/base/output/arbitration_fee_results.json`
""required_top_level_key"": ""cases"",
""root"": ""object""",supported,"Public task, Deliverable: “Write exactly one JSON file here: `/media/user/data/agenthle/legal/legal_dr_fees_01/base/output/arbitration_fee_results.json`.” input/output_contract.json lines 22-24: `""output_path"": ""output/arbitration_fee_results.json""`, `""required_top_level_key"": ""cases""`, and `""root"": ""object""`.","`find /tmp/ale-verifier-11bea51ce458/snapshot-0 -maxdepth 4 -printf '%y %P\n'` found one file only: `arbitration_fee_results.json`. Python `json.loads` parsed it successfully and reported `root_type dict`, top-level keys `['cases']`. The rejected-symlink receipt was empty.",Exactly one artifact file; valid JSON object with top-level `cases` key.,Exactly one valid JSON deliverable exists at the required path; its root is an object containing cases.,
prep_v10_verifier_v10_full,legal__legal_dr_fees_01,prep_verifier,0,unverifiable,24f2927339bac80cb72c1d09f05e59cfa7296defaf6b17304e50349f2d44c059,cases.complete.identifiers,deterministic,True,pass,"The cases array must report each of case_1 through case_5 and include institution_fee_rmb, arbitrator_remuneration_rmb, and total_fee_rmb for every case.",input/task_brief.md lines 20-28 and 36-41; input/output_contract.json keys case_fields.case_id and case_fields numeric fields,"The five cases are also listed in `cases.json`:
""case_id"": ""case_1 through case_5"",
- `institution_fee_rmb`
- `arbitrator_remuneration_rmb`
- `total_fee_rmb`",supported,"input/task_brief.md lines 20-28 states “The five cases are also listed in `cases.json`” and enumerates Cases 1-5. input/output_contract.json lines 4-8 specifies `arbitrator_remuneration_rmb`, `case_id` as `case_1 through case_5`, `institution_fee_rmb`, and `total_fee_rmb`.","Parsed artifact contains 5 records. Their case_id values, in artifact lines 4, 11, 18, 25, and 32, are uniquely `case_1`, `case_2`, `case_3`, `case_4`, and `case_5`. Every record contains `institution_fee_rmb`, `arbitrator_remuneration_rmb`, and `total_fee_rmb` (artifact lines 6-8, 13-15, 20-22, 27-29, and 34-36).","Five complete, uniquely identified records covering case_1 through case_5.",There is exactly one complete result record for every required case and no missing evaluated fee field.,
prep_v10_verifier_v10_full,legal__legal_dr_fees_01,prep_verifier,0,unverifiable,24f2927339bac80cb72c1d09f05e59cfa7296defaf6b17304e50349f2d44c059,fees.two.decimal.rmb,deterministic,True,pass,Every evaluated fee value must be a valid RMB amount expressed to exactly two decimal places.,input/task_brief.md lines 36-41; input/output_contract.json case_fields,"report all amounts in RMB to exactly two decimal places:
""arbitrator_remuneration_rmb"": ""RMB amount to two decimals"",
""institution_fee_rmb"": ""RMB amount to two decimals""",supported,"input/task_brief.md lines 36-41: “For each case, report all amounts in RMB to exactly two decimal places,” followed by the three evaluated fields. input/output_contract.json lines 4, 6, and 8 describes each evaluated field as an “RMB amount to two decimals.”","Raw-token inspection of artifact lines 6-8, 13-15, 20-22, 27-29, and 34-36 found all 15 values represented as JSON strings matching nonnegative decimal amounts with exactly two fractional digits: case_1 `27100.00`, `59000.00`, `86100.00`; case_2 `205756.34`, `270297.86`, `476054.20`; case_3 `1749465.14`, `2353953.52`, `4103418.66`; case_4 `147269.57`, `197553.09`, `344822.66`; case_5 `5000.00`, `12000.00`, `17000.00`.",15 of 15 evaluated values are finite nonnegative decimal strings with exactly two digits after the decimal point.,All 15 evaluated fee values are valid nonnegative RMB decimals with exactly two fractional digits.,
prep_v10_verifier_v10_full,legal__legal_dr_fees_01,prep_verifier,0,unverifiable,24f2927339bac80cb72c1d09f05e59cfa7296defaf6b17304e50349f2d44c059,standard.cases.fee.schedule,public_evidence,True,unverifiable,"For cases without the stated special condition, institution fee and arbitrator remuneration must be calculated from each case's amount in dispute using the applicable bracket in the staged BAC case fee schedule.","input/cases.json records case_1, case_2, case_3, case_5; input/documents/《北京仲裁委员会案件收费标准》.pdf page 1 fee table","本会案件收费标准如下：
争议金额（人民币）          仲裁员报酬（人民币）       机构费用（人民币）",ambiguous,"The registered quotation is present on page 1 of input/documents/《北京仲裁委员会案件收费标准》.pdf: “本会案件收费标准如下：” and the column headings “争议金额（人民币） 仲裁员报酬（人民币） 机构费用（人民币）”. However, the registered source_quote contains none of the bracket boundaries, bases, or percentages that the criterion’s check requires to be selected and applied. Thus the check and exact expected values are stronger than the quotation itself.","Operational inspection of the unquoted page-1 table produced values matching the artifact: case_1 remuneration `55000+(5800000-5000000)×0.50%=59000.00`, institution `23500+(5800000-5000000)×0.45%=27100.00`; case_2 remuneration `190000+(65902536.17-40000000)×0.31%=270297.86`, institution `141000+(65902536.17-40000000)×0.25%=205756.34`; case_3 remuneration `1436000+(882480634.38-500000000)×0.24%=2353953.52`, institution `1061000+(882480634.38-500000000)×0.18%=1749465.14`; case_5 minimum remuneration `12000.00` and institution fee `5000.00`. Nevertheless, verifier policy forces unverifiable because the source_quote does not entail those bracket formulas.","Artifact values match calculations from the full PDF table for case_1, case_2, case_3, and case_5, but the registered quotation only supplies the table introduction and headings.",Both component fees for every sampled standard case exactly equal the independently calculated schedule amounts to two decimals.,
prep_v10_verifier_v10_full,legal__legal_dr_fees_01,prep_verifier,0,unverifiable,24f2927339bac80cb72c1d09f05e59cfa7296defaf6b17304e50349f2d44c059,special.case4.condition.schedule,public_evidence,True,unverifiable,Case 4's calculation must account for the stated pre-application settlement condition using the applicable staged BAC mediation-arbitration fast-procedure fee material rather than ignoring the condition.,input/cases.json record case_4 special_condition; input/documents/《北京仲裁委员会调仲对接快速程序规则案件收费标准》.pdf pages 1-2,"""special_condition"": ""The parties reached a settlement agreement regarding the dispute before applying for arbitration.""
收费金额＝（仲裁员报酬计算基数＋机构费用计算基数）×收费比例。",ambiguous,"input/cases.json line 21 contains the quoted special condition verbatim: “The parties reached a settlement agreement regarding the dispute before applying for arbitration.” Page 2 of input/documents/《北京仲裁委员会调仲对接快速程序规则案件收费标准》.pdf contains “收费金额＝（仲裁员报酬计算基数＋机构费用计算基数）×收费比例。” However, the registered source_quote does not include the RMB 200 million-to-500 million bracket, its bases and percentages, the 25% charging rate, or any rule allocating the combined charge between the requested component fields. Those exact requirements in the check and expected fields are therefore stronger than the quote.","Using the full, unquoted table for RMB 251,620,139.47 gives remuneration base `656000+(251620139.47-200000000)×0.26%=790212.362622`, and 25% is `197553.09`; institution base `491000+(251620139.47-200000000)×0.19%=589078.264993`, and 25% is `147269.57`; combined rounded total is `344822.66`. These match artifact lines 27-29. The result cannot be passed under verifier policy because the registered quotation does not entail the required bracket, percentage, or component allocation.","Artifact reports institution fee `147269.57`, arbitrator remuneration `197553.09`, and total `344822.66`, matching an allocation of 25% to each printed calculation base.","Case 4's institution fee, arbitrator remuneration, and total fee exactly match the applicable special-condition calculation to two decimals.",
prep_v10_verifier_v10_full,legal__legal_dr_fees_01,verifier,0,unverifiable,24f2927339bac80cb72c1d09f05e59cfa7296defaf6b17304e50349f2d44c059,output.single.valid.json,deterministic,True,pass,"The deliverable must be exactly one valid JSON file at output/arbitration_fee_results.json, with an object root and a top-level cases key.","public task prompt, Deliverable; input/output_contract.json keys output_path, required_top_level_key, root","Write exactly one JSON file here:
`/media/user/data/agenthle/legal/legal_dr_fees_01/base/output/arbitration_fee_results.json`
""required_top_level_key"": ""cases"",
""root"": ""object""",supported,"Public task Deliverable states, “Write exactly one JSON file here: `/media/user/data/agenthle/legal/legal_dr_fees_01/base/output/arbitration_fee_results.json`.” input/output_contract.json lines 22-24 state `""output_path"": ""output/arbitration_fee_results.json""`, `""required_top_level_key"": ""cases""`, and `""root"": ""object""`.","`find /tmp/ale-verifier-11bea51ce458/snapshot-0` found one file only: `arbitration_fee_results.json`; the rejected-symlink receipt was empty. Python `json.loads` parsed the 1,078-byte file successfully as a dict with keys `['cases']`. File SHA-256 is `6816705a63656f34d001af4948f480a8703d00714cd84cdf86032e53996b2693`.",Exactly one regular artifact file; valid JSON object root containing `cases`.,Exactly one valid JSON deliverable exists at the required path; its root is an object containing cases.,
prep_v10_verifier_v10_full,legal__legal_dr_fees_01,verifier,0,unverifiable,24f2927339bac80cb72c1d09f05e59cfa7296defaf6b17304e50349f2d44c059,cases.complete.identifiers,deterministic,True,pass,"The cases array must report each of case_1 through case_5 and include institution_fee_rmb, arbitrator_remuneration_rmb, and total_fee_rmb for every case.",input/task_brief.md lines 20-28 and 36-41; input/output_contract.json keys case_fields.case_id and case_fields numeric fields,"The five cases are also listed in `cases.json`:
""case_id"": ""case_1 through case_5"",
- `institution_fee_rmb`
- `arbitrator_remuneration_rmb`
- `total_fee_rmb`",supported,"input/task_brief.md line 20 states, “The five cases are also listed in `cases.json`”; input/output_contract.json lines 4-8 state `""arbitrator_remuneration_rmb"": ""RMB amount to two decimals""`, `""case_id"": ""case_1 through case_5""`, `""institution_fee_rmb"": ""RMB amount to two decimals""`, and `""total_fee_rmb"": ""RMB amount to two decimals""`.","Parsed `cases` length is 5. Artifact lines 4, 11, 18, 25, and 32 contain the unique identifiers `case_1`, `case_2`, `case_3`, `case_4`, and `case_5`. Every record contains `institution_fee_rmb`, `arbitrator_remuneration_rmb`, and `total_fee_rmb` (artifact lines 6-8, 13-15, 20-22, 27-29, and 34-36).",Five complete records with unique IDs exactly equal to case_1 through case_5; all 15 required fee fields are present.,There is exactly one complete result record for every required case and no missing evaluated fee field.,
prep_v10_verifier_v10_full,legal__legal_dr_fees_01,verifier,0,unverifiable,24f2927339bac80cb72c1d09f05e59cfa7296defaf6b17304e50349f2d44c059,fees.two.decimal.rmb,deterministic,True,pass,Every evaluated fee value must be a valid RMB amount expressed to exactly two decimal places.,input/task_brief.md lines 36-41; input/output_contract.json case_fields,"report all amounts in RMB to exactly two decimal places:
""arbitrator_remuneration_rmb"": ""RMB amount to two decimals"",
""institution_fee_rmb"": ""RMB amount to two decimals""",supported,"input/task_brief.md lines 36-41 state, “For each case, report all amounts in RMB to exactly two decimal places,” followed by the three evaluated fields. input/output_contract.json lines 4, 6, and 8 describe the arbitrator-remuneration, institution-fee, and total-fee fields as RMB amounts to two decimals.","Raw artifact lines 6-8, 13-15, 20-22, 27-29, and 34-36 show all 15 evaluated values as nonnegative JSON strings matching a decimal representation with exactly two fractional digits: case_1 `27100.00`, `59000.00`, `86100.00`; case_2 `205756.34`, `270297.86`, `476054.20`; case_3 `1749465.14`, `2353953.52`, `4103418.66`; case_4 `147269.57`, `197553.09`, `344822.66`; case_5 `5000.00`, `12000.00`, `17000.00`.","15 of 15 fee values are finite, nonnegative, and represented with exactly two digits after the decimal point.",All 15 evaluated fee values are valid nonnegative RMB decimals with exactly two fractional digits.,
prep_v10_verifier_v10_full,legal__legal_dr_fees_01,verifier,0,unverifiable,24f2927339bac80cb72c1d09f05e59cfa7296defaf6b17304e50349f2d44c059,standard.cases.fee.schedule,public_evidence,True,unverifiable,"For cases without the stated special condition, institution fee and arbitrator remuneration must be calculated from each case's amount in dispute using the applicable bracket in the staged BAC case fee schedule.","input/cases.json records case_1, case_2, case_3, case_5; input/documents/《北京仲裁委员会案件收费标准》.pdf page 1 fee table","本会案件收费标准如下：
争议金额（人民币）          仲裁员报酬（人民币）       机构费用（人民币）",ambiguous,"The registered excerpt is present on page 1 of `input/documents/《北京仲裁委员会案件收费标准》.pdf`: `本会案件收费标准如下：` and the table headers `争议金额（人民币） 仲裁员报酬（人民币） 机构费用（人民币）`. However, the registered `source_quote` contains none of the bracket-specific base-plus-percentage formulas that the criterion's check requires. Consequently, the quote does not itself entail exact independent calculations for the four sampled brackets, making the check stronger than the quote.","An offline `pdftotext -layout` operational calculation would agree with the artifact: case_1 (RMB 5,800,000), A=`55000+(5800000-5000000)*0.50%=59000.00`, B=`23500+(5800000-5000000)*0.45%=27100.00`, total `86100.00`; case_2, A=`190000+(65902536.17-40000000)*0.31%=270297.86`, B=`141000+(65902536.17-40000000)*0.25%=205756.34`, total `476054.20`; case_3, A=`1436000+(882480634.38-500000000)*0.24%=2353953.52`, B=`1061000+(882480634.38-500000000)*0.18%=1749465.14`, total `4103418.66`; case_5 uses the ≤RMB 250,000 row, A=`12000.00`, B=`5000.00`, total `17000.00`. These equal artifact lines 6-8, 13-15, 20-22, and 34-36, but the source-quote sufficiency rule prevents converting this stronger operational check into a pass.","Operationally observed standard-case components and totals match the schedule calculations, but the registered source quote supplies only the table introduction and headers, not the formulas needed to establish the exact expected values.",Both component fees for every sampled standard case exactly equal the independently calculated schedule amounts to two decimals.,
prep_v10_verifier_v10_full,legal__legal_dr_fees_01,verifier,0,unverifiable,24f2927339bac80cb72c1d09f05e59cfa7296defaf6b17304e50349f2d44c059,special.case4.condition.schedule,public_evidence,True,unverifiable,Case 4's calculation must account for the stated pre-application settlement condition using the applicable staged BAC mediation-arbitration fast-procedure fee material rather than ignoring the condition.,input/cases.json record case_4 special_condition; input/documents/《北京仲裁委员会调仲对接快速程序规则案件收费标准》.pdf pages 1-2,"""special_condition"": ""The parties reached a settlement agreement regarding the dispute before applying for arbitration.""
收费金额＝（仲裁员报酬计算基数＋机构费用计算基数）×收费比例。",ambiguous,"input/cases.json lines 19-21 contains the quoted amount and condition: `""special_condition"": ""The parties reached a settlement agreement regarding the dispute before applying for arbitration.""` Page 2 of `input/documents/《北京仲裁委员会调仲对接快速程序规则案件收费标准》.pdf` contains `收费金额＝（仲裁员报酬计算基数＋机构费用计算基数）×收费比例。` However, the registered quote does not contain case 4's RMB 200 million-to-500 million row, its A and B formulas, the applicable 25% charging percentage, or a rule allocating the combined charge to the two requested component fields. Thus the criterion's bracket, percentage, component-allocation, and exact-comparison requirements are stronger than its quote.","The staged PDF operationally gives, for RMB 251,620,139.47, A=`656000+(251620139.47-200000000)*0.26%=790212.362622`, B=`491000+(251620139.47-200000000)*0.19%=589078.264993`, and 25%. Multiplying each base by 25% yields arbitrator remuneration `197553.09` and institution fee `147269.57`; `(A+B)*25%` yields total `344822.66`. These agree with artifact lines 27-29. Nevertheless, because the registered quote omits the bracket, percentage, and component-allocation support, the mandated source assessment makes the result unverifiable rather than pass.","Artifact case_4 reports institution fee `147269.57`, arbitrator remuneration `197553.09`, and total `344822.66`; these operationally agree with proportional allocation of the staged formula, but that exact method is not fully entailed by the registered quote.","Case 4's institution fee, arbitrator remuneration, and total fee exactly match the applicable special-condition calculation to two decimals.",
